hybrid_rank,user_id,username,pp_rank,pp,elo_rank,elo_rating,elo_estimated,otr_rank,otr_rating,otr_estimated,tournaments_played,matches_played,plays,provisional,hybrid_score
1,7562902,mrekk,1,32190,3,2613,,2,3041,,42,210,24,yes,7.1283071253541515
2,12408961,MALISZEWSKI,45,20481,1,2625,,1,3097,,111,568,33,yes,6.669404397254875
3,7341183,ASecretBox,14,23486,6,2500,,6,2699,,48,209,26,yes,5.761206234080667
4,8640970,enri,22,22208,2,2615,,18,2477,,56,273,33,yes,5.57585825903856
5,16817965,Kamensh1k,31,21354,4,2600,,19,2473,,42,159,45,yes,5.485230164195019
6,9224078,FlyingTuna,43,20554,11,2405,,5,2744,,62,317,12,yes,5.443724679143699
7,5199332,Chicony,17,22852,5,2515,,25,2441,,46,211,75,yes,5.301175002903365
8,13108233,milosz,6,26634,,2208,yes,23,2448,,28,110,0,,5.240529629636098
9,8116659,criller,171,17491,41,2312,,3,2822,,41,214,11,yes,5.15782655664326
10,10549880,NINERIK,5,27135,116,2219,,28,2428,,66,257,1,yes,5.105121172290664
11,14106450,worst hr player,52,20048,1603,1916,,4,2807,,24,116,2,yes,5.042966578830297
12,15406985,Ivaxa,2,30060,30,2331,,38,2337,,10,27,14,yes,4.951963515267336
13,11443437,[Karcher],42,20673,75,2263,,8,2595,,61,316,5,yes,4.911992861957517
14,11375105,lolol233,110,18578,12,2397,,11,2557,,56,247,21,yes,4.9099985556144565
15,7512553,Utami,79,19246,394,2083,,7,2679,,60,317,3,yes,4.795063821144161
16,2165650,mcy4,64,19677,34,2322,,12,2533,,69,350,13,yes,4.7728946270036126
17,2291265,Arnold24x24,75,19314,17,2375,,21,2465,,106,464,13,yes,4.735415223526247
18,5645231,decaten,138,18018,16,2375,,14,2512,,64,271,22,yes,4.728531979923549
19,8472976,Suyung_,121,18342,61,2286,,10,2578,,29,142,8,yes,4.684647516265462
20,7813296,rektygon,69,19521,344,2101,,9,2590,,79,391,3,yes,4.6425268815967335
21,8007528,Raikouhou,60,19749,38,2318,,22,2450,,59,238,26,yes,4.589382382423945
22,5033077,Zylice,11,24065,15,2379,,67,2209,,82,360,91,yes,4.570391452775469
23,12137295,jahkon,12,23568,14,2380,,76,2187,,10,34,21,yes,4.462884886581868
24,13705417,Rafugapu,179,17400,7,2490,,65,2213,,46,184,70,yes,4.453513350917407
25,9938943,aknzx,33,21271,57,2288,,35,2365,,26,124,43,yes,4.435027688857975
26,4108547,WindowLife,46,20379,,2112,yes,41,2325,,38,185,0,,4.399293020783821
27,3717598,xootynator,67,19588,933,1987,,27,2436,,80,420,1,yes,4.393941499666538
28,14676719,TTv_UFO,81,19166,148,2195,,13,2533,,21,86,16,yes,4.3901174866271955
29,12779141,gnahus,10,24119,42,2308,,68,2207,,73,286,4,yes,4.388778399675035
30,12434652,Gonzah,123,18330,144,2199,,15,2488,,70,276,11,yes,4.310596347604555
31,13767572,Saiyku,28,21580,23,2356,,78,2175,,26,111,62,yes,4.292646737062833
32,10077431,Plasma,34,21257,,2127,yes,53,2249,,21,97,0,,4.263867039593678
33,10651106,Pezz,484,15277,,2008,yes,20,2472,,81,369,0,,4.251540637450281
34,7075211,tekkito,189,17303,48,2297,,32,2389,,110,488,17,yes,4.248643009052405
35,1473890,badeu,221,17017,78,2257,,24,2444,,85,448,14,yes,4.24093556398123
36,11226645,JackPaX,454,15424,69,2270,,17,2482,,64,261,5,yes,4.224867798735463
37,9269034,Akolibed,4,28108,156,2189,,130,2077,,48,192,2,yes,4.217267278453437
38,2546001,Intercambing,58,19798,82,2251,,40,2326,,105,471,11,yes,4.213985792762587
39,9712285,desuqe,146,17877,36,2319,,42,2310,,51,175,43,yes,4.191664996706878
40,5339515,Mathi,63,19692,67,2272,,46,2277,,45,192,4,yes,4.163243686511354
41,1876565,Mastasz,184,17362,8,2434,,98,2129,,49,207,123,yes,4.1549069931990905
42,4504101,WhiteCat,51,20066,,2106,yes,56,2242,,21,109,0,,4.135020902679822
43,4734703,NathanRam1918,327,16199,,2029,yes,31,2390,,45,205,0,,4.133426942703304
44,11399348,fragranceofpage,238,16799,,2042,yes,33,2377,,14,69,0,,4.123825906136459
45,2511839,NeliNyan,225,16992,115,2219,,26,2440,,63,299,22,yes,4.121442731183894
46,13300203,yary,62,19724,53,2290,,60,2229,,24,105,16,yes,4.084658202268723
47,8251785,killer2007,13,23566,119,2217,,83,2158,,29,120,5,yes,4.080611391075616
48,11592896,budge,72,19389,,2094,yes,57,2238,,54,216,0,,4.072448236454104
49,15095811,origin_,205,17180,24,2353,,70,2201,,54,224,37,yes,4.026973588671272
50,19851850,cloppit,16,22979,20,2357,,184,1980,,11,37,27,yes,4.008643040350553
51,284905,Ekoro,751,14361,56,2288,,29,2414,,27,135,93,yes,4.004372063295073
52,4511522,Doomsday fanboy,291,16406,,2034,yes,37,2340,,17,81,0,,3.988830434767057
53,12258658,Tsfury,38,21032,85,2249,,84,2154,,27,108,13,yes,3.9353963924637885
54,9313951,Tsuwagi,309,16327,,2032,yes,43,2302,,49,202,0,,3.909253193676462
55,5981005,gamer228666,91,18924,354,2098,,55,2242,,39,149,1,yes,3.907709564693921
56,11367222,lifeline,7,25844,320,2108,,138,2062,,46,218,3,yes,3.8994234736837736
57,12736534,treyarch,407,15706,10,2422,,117,2101,,13,48,44,yes,3.893839106848156
58,14215850,bunnylikemoney,50,20124,29,2331,,143,2048,,20,74,34,yes,3.886836419924642
59,6387149,kuzu222,206,17172,113,2223,,44,2296,,53,216,11,yes,3.8799871833237405
60,9405745,scylla,727,14412,270,2124,,16,2483,,89,396,5,yes,3.87553135754136
61,15293080,clafrelys,130,18191,109,2228,,59,2231,,25,108,6,yes,3.84470280313859
62,11215030,argweid,108,18612,25,2342,,119,2097,,69,269,8,yes,3.8434622070658695
63,8660293,willy0214,127,18225,147,2196,,50,2264,,24,95,9,yes,3.8343245947469495
64,11552867,Welter,95,18814,765,2009,,30,2411,,91,373,8,yes,3.831952335212935
65,4787150,Vaxei,109,18594,,2079,yes,72,2194,,10,53,0,,3.8317309278230525
66,2558286,Rafis,90,19021,31,2326,,142,2052,,47,194,37,yes,3.813071802684104
67,13380270,Kama,248,16716,18,2372,,128,2085,,55,223,19,yes,3.7905228233303334
68,124493,chocomint,103,18670,,2080,yes,81,2166,,13,69,0,,3.7789690136876057
69,4581069,etn,210,17155,,2050,yes,66,2211,,46,215,0,,3.762156798741822
70,9052194,Allegrissimo,409,15698,,2018,yes,47,2276,,36,182,0,,3.7603189922866997
71,10354591,saraune,188,17312,,2053,yes,52,2257,,5,20,0,,3.754595067055752
72,4908650,im a fancy lad,427,15598,,2016,yes,48,2274,,64,332,0,,3.753211436846629
73,6090175,lolol235,1036,13789,,1971,yes,36,2351,,81,365,0,,3.7275424006501305
74,15339747,runnysunny,141,17926,54,2290,,116,2104,,54,198,13,yes,3.71097546051558
75,21207816,bored yes,15,23364,286,2120,,79,2173,,5,14,15,yes,3.710481200132344
76,2012453,PikaPwn,211,17114,262,2127,,45,2281,,70,297,5,yes,3.705023780663921
77,13872272,Sobu,345,16080,51,2291,,90,2144,,40,165,46,yes,3.667748056650499
78,14503423,misha awa,223,17014,278,2122,,39,2334,,31,139,20,yes,3.6674032602346505
79,18946207,Tebii,233,16849,21,2357,,149,2030,,33,114,22,yes,3.663378563739062
80,10760701,hexi,92,18875,193,2168,,69,2202,,24,90,22,yes,3.661880286026192
81,10073635,dench,261,16625,,2039,yes,71,2200,,23,91,0,,3.649178563328623
82,4256461,Riot,136,18149,117,2218,,88,2146,,56,174,16,yes,3.6427998408046003
83,2932510,wuhua,115,18495,,2077,yes,110,2111,,16,87,0,,3.6214140586398855
84,11375251,Amasetic,583,14911,43,2306,,85,2152,,90,436,22,yes,3.6093581619831623
85,11806306,Zyntex,86,19085,353,2098,,75,2193,,12,53,5,yes,3.591384331822212
86,13211727,NyanPotato,9,24409,295,2117,,,2000,yes,0,0,1,yes,3.578980024834574
87,7959945,calebshucks,420,15639,44,2304,,106,2119,,43,174,13,yes,3.5785162577429444
88,9993348,ur cute,93,18850,87,2247,,144,2045,,76,290,23,yes,3.575631494825175
89,4682646,maxbireo,328,16192,,2029,yes,74,2194,,17,69,0,,3.5683146854854106
90,14992852,lil bread,159,17614,26,2339,,183,1981,,2,5,46,yes,3.5595363453708275
91,20120615,Pipipupu997,98,18760,91,2239,,135,2064,,23,64,4,yes,3.5509002760699824
92,10809844,xymbii,167,17540,121,2215,,99,2127,,31,126,9,yes,3.549551369159852
93,21619075,def,105,18660,153,2190,,107,2117,,12,52,8,yes,3.547552191466861
94,9459674,maxim,201,17212,60,2286,,141,2053,,107,445,12,yes,3.543231625001661
95,10092099,Pablohh,158,17625,,2060,yes,105,2120,,11,60,0,,3.536871616702688
96,14385814,Tim Kackner,260,16626,97,2235,,101,2124,,43,181,13,yes,3.5156153188758106
97,16139008,sharytory,296,16396,80,2255,,111,2111,,39,130,13,yes,3.512396196416425
98,9694263,Skrowell,289,16447,475,2054,,51,2258,,83,355,4,yes,3.500662385560498
99,7892320,Zeisen Udongein,196,17246,,2052,yes,113,2110,,32,157,0,,3.495349863714949
100,16529875,Wanderio,627,14744,68,2271,,93,2140,,43,183,49,yes,3.4925696910816226
101,9642774,milktea0019,32,21276,71,2267,,268,1885,,17,72,27,yes,3.490848718235953
102,10743390,RafaMat,94,18836,70,2268,,185,1979,,10,34,13,yes,3.4678204649824584
103,6304246,puppy,100,18754,227,2144,,112,2111,,56,239,10,yes,3.466441877983008
104,11684622,Sh4rq_,236,16841,543,2041,,73,2194,,44,205,2,yes,3.4657149003944796
105,6735738,A L E P H,253,16653,96,2236,,122,2092,,85,270,6,yes,3.4464305880398634
106,8799923,Suyong_,59,19770,373,2089,,103,2123,,25,98,11,yes,3.4273820107308497
107,5218178,MALTESER,126,18225,52,2291,,209,1955,,59,263,9,yes,3.423086871689863
108,20250190,orngoos,346,16076,,2026,yes,95,2132,,33,106,0,,3.407348977214519
109,9265990,rng_,571,14965,183,2173,,64,2216,,72,295,17,yes,3.4066550381981764
110,13207763,Flameztear,391,15801,102,2234,,121,2095,,99,395,27,yes,3.4013046401219906
111,21811804,Akuma no Tenshi,190,17295,35,2321,,255,1892,,18,63,104,yes,3.39953258884162
112,8335950,Reedkatt,272,16572,137,2204,,118,2098,,96,463,24,yes,3.3955168484147853
113,11959709,CallMeRed,1106,13665,114,2221,,62,2218,,51,184,14,yes,3.391127956847942
114,14919428,Aheo,545,15059,,2003,yes,82,2164,,72,316,0,,3.387399369536995
115,7780605,Fleh,131,18178,218,2152,,123,2091,,53,192,13,yes,3.3871186461243292
116,17724014,Alfiu,232,16859,202,2161,,89,2145,,56,215,70,,3.380755823086486
117,12254421,ZaNy_,1009,13838,,1973,yes,61,2225,,43,185,0,,3.3782499922006264
118,12952320,aimbotcone,40,20911,217,2152,,172,1993,,17,82,23,yes,3.36966061986864
119,1646397,Crystal,1023,13812,416,2071,,34,2373,,79,385,18,yes,3.35542666609656
120,11198996,A21,338,16133,59,2286,,166,2003,,27,104,13,yes,3.348031469042671
121,13962152,creator,25,21639,167,2181,,239,1913,,22,84,26,yes,3.3418040626267937
122,1719471,EZChamp,87,19060,,2088,yes,176,1989,,11,40,0,,3.3374175798003662
123,14035920,Rikuima,607,14833,58,2286,,145,2043,,43,173,19,yes,3.331824562888519
124,11042418,lystia,1616,12936,13,2381,,191,1975,,35,143,86,yes,3.3317429983288203
125,3765989,okinamo,237,16838,,2043,yes,137,2062,,34,189,0,,3.322619267830337
126,23179637,ozbert,162,17585,33,2322,,285,1869,,18,70,18,yes,3.3182709575050935
127,3149577,Coreanmaluco,326,16202,,2029,yes,129,2081,,129,545,0,,3.307267845453607
128,19526828,Icarussy,423,15608,,2016,yes,108,2115,,20,90,0,,3.300066566636039
129,15816872,Ledeau_Fox,151,17846,74,2263,,202,1960,,6,21,7,yes,3.296616376376562
130,14282987,szedis,792,14289,,1984,yes,80,2167,,63,242,0,,3.2911268326799235
131,12241010,Tutel,194,17254,110,2227,,169,1997,,17,65,14,yes,3.2900206051024514
132,4585186,Nopekjk,1769,12768,182,2173,,49,2273,,45,237,44,yes,3.2869287211101303
133,12159899,MineFrostID,168,17537,374,2089,,136,2064,,20,89,2,yes,3.2653112451847788
134,8581210,8581210,203,17206,66,2272,,242,1911,,65,215,20,yes,3.2511303389353614
135,11243772,reimia,128,18220,63,2282,,336,1833,,40,123,90,yes,3.2494181004183904
136,8856806,ChocoPafe,39,21028,76,2260,,394,1781,,10,34,12,yes,3.2431176115706917
137,4830687,BoshyMan741,568,14988,200,2163,,91,2142,,140,568,57,yes,3.2340152449838078
138,13057699,z9a,55,19903,107,2231,,343,1830,,26,82,18,yes,3.1942728791995654
139,8696866,nicebroccoli,280,16486,518,2045,,92,2140,,4,13,1,yes,3.1889505031720677
140,8443945,FlasTEH,273,16544,,2037,yes,151,2028,,25,109,0,,3.18759668752109
141,9719351,minefieldsurfer,487,15265,126,2211,,148,2031,,77,338,27,yes,3.173678961465786
142,11800154,Sherbet,467,15343,47,2299,,225,1931,,4,17,22,yes,3.1699503941962996
143,4301976,Hifkil,240,16792,250,2131,,140,2057,,55,236,10,yes,3.16960915748005
144,12873118,smozhen,37,21042,195,2166,,,1921,yes,0,0,1,yes,3.151917445340601
145,6404583,PLOXARU,18,22725,668,2021,,215,1940,,24,79,8,yes,3.149638497495233
146,18092331,Lesperry,522,15149,,2005,yes,131,2072,,57,245,0,,3.1457605263976167
147,11415687,Kurumiw,80,19217,404,2074,,150,2030,,23,96,18,yes,3.136944872124088
148,20963631,Dumb-Andy,446,15460,22,2356,,398,1777,,14,48,65,,3.136737608666682
149,10717635,Hakui Koyori,178,17432,185,2172,,197,1968,,103,418,14,yes,3.1356193405594426
150,7627844,Mahmood,125,18241,180,2174,,217,1936,,30,116,2,yes,3.133521531847573
151,10507706,young leosia,632,14718,19,2360,,376,1800,,24,77,108,yes,3.1332436790601648
152,11383358,Drxvmik,144,17887,142,2201,,229,1923,,10,39,16,yes,3.133093424875916
153,3792472,Woey,662,14583,28,2335,,307,1850,,43,197,77,,3.1324595140127047
154,15225729,Exxotl,176,17442,1077,1967,,109,2115,,43,145,4,yes,3.128021336887251
155,10634348,EthantrixV3,498,15220,715,2015,,58,2237,,72,312,12,yes,3.124216451557292
156,12796317,oPixay,764,14337,62,2283,,208,1956,,22,91,27,yes,3.1215295648904187
157,15885344,nooneloves,331,16173,,2029,yes,152,2028,,11,45,0,,3.1126709567301325
158,12701607,noncycle,493,15245,45,2303,,298,1859,,76,259,46,yes,3.1039877175024158
159,3345902,Varvalian,212,17109,,2049,yes,195,1970,,34,171,0,,3.1027018440287275
160,9138046,Tokii,1108,13663,,1968,yes,97,2129,,38,167,0,,3.09492643941383
161,20501126,6Nusu9,1066,13739,,1970,yes,102,2123,,38,159,0,,3.0886017298010007
162,18217876,ESCRUPULILLO,1007,13840,65,2276,,201,1963,,50,172,34,yes,3.0834357555913705
163,10333154,synoxa,169,17524,,2057,yes,205,1958,,9,34,0,,3.0817716296861546
164,22274174,CUPSIZEFAN,160,17600,,2059,yes,203,1959,,6,26,0,,3.0801192960960284
165,16509171,uatzap,644,14664,39,2316,,258,1890,,31,107,14,yes,3.0686690643959427
166,25626082,Satsukiiii,862,14125,81,2252,,155,2025,,17,70,6,yes,3.0629472399912157
167,7027766,Chipori,200,17214,302,2116,,167,2002,,26,106,8,yes,3.061543645215204
168,11496364,JappaDeKappa,20,22630,,2149,yes,1653,1402,,1,1,0,,3.060359367499997
169,10325072,Oly9919,1212,13474,101,2234,,156,2021,,114,460,32,yes,3.0510045312271776
170,13609904,PinkEyeFan2013,54,19913,138,2204,,384,1790,,12,36,13,yes,3.0486405559877134
171,16870029,vljoy209,263,16620,105,2232,,251,1897,,68,188,9,yes,3.044412274999618
172,2323131,fedoragoose,333,16151,124,2212,,240,1913,,50,183,41,yes,3.0330100098582276
173,15556397,yodeston,285,16457,27,2338,,549,1683,,9,21,57,yes,3.025668494412209
174,24270105,-lion,870,14112,130,2209,,162,2008,,68,273,46,yes,3.025341781482095
175,9561644,AllyrD,303,16369,,2033,yes,192,1974,,23,93,0,,3.0186622409733657
176,9970083,cloutiful,23,22100,181,2174,,758,1588,,1,2,1,yes,3.017429044486135
177,5403374,dasdwqdf,718,14433,,1988,yes,139,2057,,65,284,0,,3.0152260795228853
178,6404488,bocchicookie,412,15690,246,2134,,157,2019,,69,229,6,yes,3.0103387553437218
179,21877230,Darnix,1326,13305,9,2430,,434,1750,,18,54,22,yes,2.9986398935641323
180,10903510,trumpatino69,119,18386,328,2104,,219,1934,,39,140,9,yes,2.9953467020170845
181,1906975,Hellotomlol225,2557,12019,37,2318,,194,1971,,13,53,28,yes,2.989611268512623
182,5447609,Demonical,226,16980,,2046,yes,223,1932,,32,114,0,,2.9830959929254743
183,251683,Musty,895,14024,241,2139,,126,2088,,58,266,22,yes,2.9811134698044803
184,12069464,Woolly mammoth,620,14779,50,2295,,,1602,yes,0,0,141,,2.974202842503816
185,15173952,BATBALL,2172,12341,,1932,yes,87,2148,,70,334,0,,2.961543504291166
186,7333471,everless,497,15226,,2007,yes,168,1999,,52,181,0,,2.9548525060882156
187,7972980,-Din-,270,16585,,2038,yes,221,1933,,49,180,0,,2.945463037128783
188,13959253,Zucchiniii,1184,13511,,1964,yes,124,2090,,17,82,0,,2.945308843041597
189,10077132,monte,153,17790,159,2185,,333,1834,,41,129,45,yes,2.9435348094113083
190,12147277,-Kedama,479,15308,224,2147,,174,1992,,49,197,7,yes,2.939034879675929
191,11234706,ZeitFrost,1080,13710,95,2236,,211,1952,,69,276,24,yes,2.9364867243125143
192,8964050,GAO HAO,4084,11100,214,2154,,63,2218,,33,147,26,yes,2.936189176671659
193,6725771,ferret irl,24,21862,141,2201,,671,1623,,5,17,34,yes,2.9355682932176963
194,14715160,cryshina,3,30054,175,2176,,1682,1399,,9,21,14,yes,2.928257849292004
195,11269055,Swiq,166,17545,4803,1774,,114,2108,,77,302,3,yes,2.920069014976627
196,6404027,Bartek22830,489,15260,,2008,yes,182,1981,,91,400,0,,2.9189187626750566
197,5774823,Rupertion,164,17570,729,2014,,186,1978,,36,161,4,yes,2.915715918100835
198,11794209,POMAH,1392,13226,196,2165,,133,2066,,39,137,17,yes,2.9134524895683738
199,12976255,NYASH,264,16611,510,2047,,188,1977,,14,53,2,yes,2.9106232146322433
200,4637369,Petit,376,15896,514,2046,,163,2007,,17,61,2,yes,2.907044898387232
201,5182050,Bubbleman,148,17864,485,2052,,213,1947,,91,472,6,yes,2.9058825784723115
202,14100781,hav,1461,13143,,1954,yes,125,2089,,32,138,0,,2.9051438874121964
203,15887523,SinqHD,979,13888,139,2203,,196,1970,,31,117,28,yes,2.900198101186138
204,7657831,justman,500,15212,131,2208,,246,1905,,30,137,12,,2.891648927753037
205,16320893,Dever,82,19151,104,2233,,521,1695,,84,371,21,yes,2.888165601469951
206,14097024,thank you,113,18506,361,2093,,253,1897,,17,62,13,yes,2.883427657991616
207,9276293,EzChock,533,15097,212,2156,,199,1967,,65,255,5,yes,2.882558385924097
208,4980135,Behwall,3849,11220,,1897,yes,77,2186,,39,217,0,,2.8713289441696896
209,9896317,Remiyuu,101,18734,64,2282,,750,1591,,19,52,86,,2.866840798801721
210,22536015,shwq,730,14405,88,2246,,244,1908,,40,153,7,yes,2.8649223573840032
211,15429006,palr,683,14538,602,2031,,104,2122,,13,62,8,yes,2.8575599844052677
212,31507014,kemsi,388,15817,166,2182,,262,1887,,13,55,22,yes,2.857104952939073
213,4740837,godzilla,2545,12025,,1922,yes,96,2131,,47,201,0,,2.8570628925391075
214,11854446,Markrum,3135,11627,,1910,yes,86,2150,,62,291,0,,2.849841555957525
215,10069909,tsunagite,631,14722,1091,1965,,127,2087,,68,272,3,yes,2.8482119872217435
216,12169267,315,102,18705,,2081,yes,366,1807,,9,38,0,,2.8330044280334086
217,17235399,superi0r,19,22665,350,2099,,529,1691,,9,32,6,yes,2.8324199946558757
218,8698024,defii,670,14559,,1991,yes,180,1983,,50,198,0,,2.827967929351267
219,12353810,papercandle,174,17473,235,2142,,310,1849,,31,105,6,yes,2.8251645757284614
220,11604978,luciano,118,18409,165,2183,,427,1755,,28,106,15,yes,2.8193403370425796
221,3257847,MyzeJD,3075,11663,94,2236,,170,1996,,78,346,39,yes,2.819296058967688
222,22986777,shouponpon,947,13948,84,2250,,274,1880,,11,43,15,yes,2.8145768416172325
223,17917574,eddy,658,14599,285,2121,,178,1987,,30,135,9,yes,2.7975439831987736
224,16750823,spray-,1199,13488,72,2264,,327,1836,,10,31,66,yes,2.791035079800431
225,9227895,LordGabriel,155,17762,,2062,yes,348,1826,,16,74,0,,2.7835594631940763
226,2590257,wudci,175,17461,346,2100,,297,1859,,38,159,4,yes,2.7816002960992097
227,18153252,tsumiya,224,16994,120,2215,,451,1736,,24,77,37,yes,2.781344875993298
228,15803625,twennity,1409,13207,149,2194,,204,1958,,27,84,28,yes,2.780979354787977
229,11415230,Gambler,1755,12780,,1944,yes,134,2065,,30,104,0,,2.779797523968895
230,8816345,Vudek,29,21384,,2129,yes,602,1657,,3,12,0,,2.779480439702098
231,6571991,Arz3,684,14533,256,2129,,187,1978,,24,81,18,yes,2.7793392968122417
232,11479551,[Q],901,14012,325,2105,,158,2016,,44,221,6,yes,2.778654316767839
233,8082362,TrickyPugster,161,17595,,2059,yes,342,1831,,23,64,0,,2.7760040327553357
234,5177569,yip,1503,13094,615,2029,,100,2127,,75,273,6,yes,2.7728457686424073
235,8359561,ronipan,259,16629,271,2123,,279,1877,,76,259,64,,2.768014292661858
236,11091594,Thatnoobguy,1378,13242,1102,1964,,115,2105,,48,219,2,yes,2.7670531143171284
237,2758279,Rumyndra,1722,12818,305,2115,,132,2071,,62,222,31,yes,2.762240516588908
238,7587734,Failing,382,15860,140,2203,,371,1804,,10,48,17,yes,2.7522111519027668
239,17446380,bananachi,124,18259,341,2101,,335,1833,,25,74,30,yes,2.7499259317697513
240,14764185,Mike Tyson,187,17333,172,2179,,407,1770,,16,54,12,yes,2.746433075545469
241,16774872,skia1,1040,13776,,1971,yes,175,1992,,44,142,0,,2.7390069734456186
242,2537924,DazzLE_Wind,946,13949,,1976,yes,177,1988,,18,80,0,,2.7364947477552186
243,10975777,CutPaper,1320,13314,,1959,yes,159,2015,,39,153,0,,2.7344263236475386
244,5155973,Rizer,329,16185,205,2161,,329,1836,,23,129,6,yes,2.7185530642724323
245,12667143,Rykic,204,17182,684,2019,,214,1946,,30,99,11,yes,2.7176553268523693
246,12932016,Yuichi,1047,13766,,1971,yes,179,1986,,31,124,0,,2.7173746588250527
247,9211924,Melvr,308,16328,,2032,yes,299,1858,,68,217,0,,2.713184455206528
248,11320627,Bouquetdor,904,14011,264,2126,,198,1968,,34,141,5,yes,2.7103501988094405
249,16036374,MR JEFFERY,954,13938,93,2237,,340,1831,,18,61,18,yes,2.707640825900531
250,12366071,bsm,242,16775,2610,1854,,154,2026,,34,125,4,yes,2.689569975482768
251,6600930,yamss,48,20271,626,2027,,454,1733,,17,54,2,yes,2.6824659576450838
252,7438459,ricoel,698,14504,,1990,yes,222,1932,,37,142,0,,2.6789270430360883
253,4209965,Bonk,88,19053,,2088,yes,498,1706,,1,4,0,,2.671777115515508
254,7178423,Teacchyyy,320,16235,671,2021,,233,1920,,13,42,3,yes,2.670296910775404
255,9088637,fireblaze3028,578,14938,132,2207,,361,1812,,18,59,11,yes,2.669288591776283
256,754565,Dustice,473,15329,,2009,yes,260,1889,,23,125,0,,2.667737051131537
257,4852013,Monko2k,535,15096,,2004,yes,252,1897,,27,124,0,,2.6603189747096985
258,612898,nicki1324,251,16656,,2039,yes,349,1825,,34,132,0,,2.6590245938528785
259,4659319,seegii,1535,13064,334,2103,,161,2008,,79,317,7,yes,2.654202200955196
260,6922333,yadon,384,15855,112,2225,,,1656,yes,0,0,8,yes,2.6506738722405876
261,3171691,BTMC,292,16402,154,2189,,474,1723,,39,211,71,,2.6483756825640974
262,4470775,razorfruit,518,15161,,2005,yes,259,1889,,32,114,0,,2.645668287427356
263,10398348,-Puyu,784,14304,145,2198,,363,1810,,31,101,46,yes,2.642516925330485
264,6744123,Burning John,1459,13143,118,2217,,325,1838,,79,276,44,yes,2.6358802655058717
265,6942259,Rebo,380,15868,709,2016,,200,1963,,90,288,13,yes,2.6329536539105396
266,6327638,Twilight,2107,12406,,1933,yes,153,2027,,40,172,0,,2.632596333206151
267,16288992,Ruyaya,1649,12899,443,2064,,146,2039,,44,207,7,yes,2.618844481640168
268,14806365,chests,2937,11758,49,2296,,326,1837,,56,228,15,yes,2.6165633881891597
269,3062998,rollpan,1853,12665,,1941,yes,164,2006,,37,148,0,,2.612359831457695
270,11940767,Carlosflow,959,13922,187,2172,,273,1881,,84,341,6,yes,2.610252387280563
271,10909049,Crestive,645,14652,108,2229,,414,1764,,57,185,12,yes,2.6080086287842947
272,7108275,i love manosaba,581,14927,400,2076,,234,1916,,44,201,7,yes,2.604363051068458
273,2094566,FGSky,84,19138,,2089,yes,504,1701,,17,73,0,,2.602706296131221
274,16436446,Lunasa,752,14358,,1986,yes,238,1913,,35,107,0,,2.60241363805163
275,7410343,Xaver,332,16154,556,2039,,275,1879,,10,34,3,yes,2.5920743381273157
276,16227745,F2X,832,14189,326,2104,,230,1922,,55,217,21,yes,2.590924275125322
277,15195364,hollowknees,2170,12342,77,2257,,338,1832,,66,261,15,yes,2.582494512639661
278,3533958,fieryrage,624,14764,922,1988,,189,1977,,100,499,5,yes,2.582144074562654
279,14388839,GabberSS,2148,12360,283,2121,,171,1993,,30,139,20,yes,2.573682549311015
280,1650010,Aireu,416,15662,,2017,yes,330,1836,,38,199,0,,2.572512587503173
281,12309147,Mizeree,643,14666,46,2303,,737,1596,,25,86,43,yes,2.570223840708815
282,10792185,Rykaii,777,14314,261,2127,,277,1878,,50,165,12,yes,2.5685655317302674
283,10323184,Flaro,57,19863,359,2096,,565,1676,,28,75,32,yes,2.564491676530407
284,3145033,HUNDUR,397,15743,83,2250,,660,1626,,39,141,35,yes,2.562734882416353
285,4780986,Smarteyy,1185,13509,388,2084,,190,1975,,24,127,37,yes,2.562425271270045
286,9767342,Flyer,1191,13496,237,2141,,237,1914,,12,51,7,yes,2.550936195796355
287,3995630,Rampax,520,15152,658,2022,,207,1957,,26,123,15,yes,2.5504308597977605
288,9086565,Kosiarek,938,13963,370,2089,,226,1931,,82,250,27,yes,2.5478865781070548
289,9124764,kunevi,1639,12905,135,2204,,304,1853,,2,13,45,yes,2.5444638328646696
290,25011352,Smudgy24,1408,13208,931,1987,,94,2136,,2,17,6,yes,2.5433307469130844
291,10223298,NOUMEN BREAK,457,15415,,2011,yes,323,1839,,41,111,0,,2.5432748276602752
292,6574823,haga1115,304,16362,266,2125,,423,1757,,19,74,53,yes,2.5285041682088227
293,16940378,Jitterish,1055,13755,150,2193,,375,1802,,17,61,19,yes,2.5277205445031976
294,1492995,zonelouise,279,16489,431,2066,,337,1833,,31,113,26,yes,2.523686468013021
295,30947671,ecca,529,15122,377,2088,,272,1881,,6,22,7,yes,2.5210305683985084
296,15296720,freezes,30,21373,924,1988,,1263,1460,,1,3,1,yes,2.5192333797766633
297,10958852,lifetime,618,14786,244,2135,,355,1818,,83,298,10,yes,2.5128415385555716
298,4346274,Vitya1437,2965,11733,103,2234,,320,1841,,66,271,23,yes,2.5044893823760637
299,2155578,Azer,723,14422,920,1988,,165,2005,,35,154,15,yes,2.4985530422506073
300,11141578,NichoIas,415,15665,151,2193,,524,1693,,54,191,16,yes,2.4968047366412884
301,1987591,Rosemi Lovelock,1200,13486,,1963,yes,241,1913,,81,364,0,,2.4956893168349175
302,8702650,Isak-,556,15023,,2002,yes,322,1839,,21,79,0,,2.4885995433365604
303,9650310,Asckar,243,16768,40,2312,,1891,1377,,9,19,49,,2.485926058224906
304,10858131,-Shrek,1529,13073,86,2247,,452,1734,,30,107,24,yes,2.4833094088297676
305,10056419,PaintedKoala,932,13975,,1976,yes,270,1884,,58,216,0,,2.4825235015573965
306,29545680,kr__,456,15418,245,2135,,351,1820,,1,5,9,yes,2.4706404420311383
307,11580377,aidinth,532,15102,622,2028,,283,1870,,26,83,3,yes,2.46751096678769
308,17202789,YMD,182,17375,964,1981,,290,1865,,10,41,12,yes,2.464469071236579
309,5919819,Woofel,638,14686,,1994,yes,313,1845,,31,98,0,,2.462181113734186
310,9849451,NaPiii_,61,19744,1005,1975,,,1864,yes,0,0,4,yes,2.4615358813095187
311,19256705,Cymango,306,16340,,2032,yes,405,1773,,5,22,0,,2.4576957511736692
312,4673649,LUNAISTABBY,3681,11314,79,2255,,352,1819,,70,227,19,yes,2.4517547268009436
313,1860489,_Shield,231,16869,635,2026,,396,1778,,39,174,3,yes,2.448504376942151
314,13228917,oslash,1969,12525,737,2013,,160,2010,,42,154,4,yes,2.445428448160043
315,19887342,Hober38,458,15402,143,2199,,634,1641,,26,86,62,yes,2.4445684208247718
316,14390731,G e n g a o z o,1273,13383,152,2193,,382,1791,,63,239,11,yes,2.443907783843179
317,8788058,Jakson,399,15736,259,2128,,440,1744,,72,248,13,yes,2.4434874874964487
318,7010761,Kingling,806,14267,,1984,yes,303,1853,,66,276,0,,2.4409899100616466
319,5472693,Agent5d,3766,11267,161,2185,,243,1909,,89,394,15,yes,2.4383308185070534
320,6989615,UC2,6959,10157,,1862,yes,120,2095,,54,253,0,,2.4366771944427565
321,8195473,cyo,451,15440,,2012,yes,377,1798,,15,69,0,,2.4326912101111033
322,10250612,_Cyan,1311,13325,252,2130,,301,1854,,19,84,20,yes,2.4286202923178046
323,6671641,Tosen Jordan,1346,13285,,1958,yes,250,1898,,103,406,0,,2.427761838342745
324,4141918,Thundur,369,15936,,2023,yes,412,1765,,46,177,0,,2.41481783450341
325,12482926,zoomiee,216,17040,616,2028,,356,1816,,12,40,43,yes,2.4146875953130866
326,7959222,majoreh,107,18622,333,2103,,638,1639,,43,178,9,yes,2.414493369217114
327,11987104,Eagle5324,675,14552,,1991,yes,339,1831,,30,132,0,,2.412934868911414
328,7802400,steamhappy,4510,10919,382,2087,,147,2036,,45,217,14,yes,2.407682662889652
329,10051720,Saryi,667,14570,1242,1950,,292,1862,,82,354,1,yes,2.407445288885799
330,13223964,vin,2585,12006,343,2101,,210,1954,,29,126,14,yes,2.4043407509377017
331,11376152,HandsomeMe,1426,13183,,1955,yes,249,1899,,47,146,0,,2.403581435329121
332,11195861,GodRoPoNiKa,267,16590,457,2058,,403,1774,,18,50,16,yes,2.4021712294004107
333,4750008,Skydiver,1057,13750,631,2026,,220,1934,,53,255,12,yes,2.3968256744271557
334,4309566,Drox,538,15088,366,2091,,365,1809,,6,25,25,yes,2.396256490030801
335,8666950,karate,1008,13840,323,2107,,345,1829,,75,286,40,yes,2.392114938730185
336,9923423,RageMuffin,802,14274,502,2048,,295,1860,,32,117,3,yes,2.3870908013223584
337,11715109,AlmightyDoor,1528,13074,197,2165,,367,1807,,45,178,12,yes,2.3840535775051306
338,4650315,idke,334,16146,,2028,yes,439,1744,,14,76,0,,2.3802663785701066
339,1355695,z980838928,1365,13256,,1957,yes,267,1886,,42,156,0,,2.37954248212013
340,5527745,Abyssal,116,18424,243,2136,,799,1570,,7,26,13,yes,2.3774752504785415
341,12118967,Zentoro,172,17484,407,2074,,520,1695,,11,34,8,yes,2.376819458666925
342,7724148,John Aim,183,17368,316,2109,,624,1644,,4,13,19,yes,2.375260403845225
343,6830745,DaHuJka,1226,13446,215,2153,,408,1770,,110,367,62,yes,2.3741549392954155
344,10778261,Razei,844,14169,,1981,yes,309,1850,,11,33,0,,2.3702809397341356
345,641155,John ethken,1399,13217,169,2181,,417,1762,,20,66,19,yes,2.3686387954949146
346,4519494,Spinesnight,1813,12718,,1942,yes,247,1904,,108,457,0,,2.361249258535385
347,10626955,hidden on osu,1446,13164,293,2118,,316,1843,,46,173,11,yes,2.357679356699074
348,9505131,Dezku,628,14734,,1995,yes,372,1803,,22,78,0,,2.355777615656121
349,14883110,KPOBYIIIKA,917,13990,188,2171,,,1558,yes,0,0,259,,2.349446439450216
350,6145000,Kehest,2490,12064,,1923,yes,216,1938,,68,296,0,,2.3481704834037074
351,13051015,Zoxeim,35,21118,2428,1864,,,1927,yes,0,0,4,yes,2.3462343904455607
352,7081596,Bomilk,543,15062,899,1991,,324,1838,,28,102,3,yes,2.3459311261912856
353,1419095,Aricin,117,18422,,2075,yes,657,1628,,6,34,0,,2.3453910347561053
354,5423872,ruirui,470,15334,1575,1918,,245,1906,,22,79,5,yes,2.343316174937361
355,3543130,Michni,1432,13176,913,1989,,235,1916,,60,254,2,yes,2.341098574702469
356,11351654,Epes,393,15778,303,2115,,,1654,yes,0,0,119,,2.3403920434137526
357,2848604,toybot,890,14033,561,2038,,302,1854,,70,301,3,yes,2.3399574639646885
358,7205256,TheNexusGamer,1033,13792,146,2196,,562,1678,,11,43,33,yes,2.3374204414602575
359,10270787,Mekeyo,370,15936,,2023,yes,449,1738,,18,68,0,,2.3371178616642627
360,11207004,tfge,1356,13273,,1958,yes,286,1867,,43,200,0,,2.335064679505216
361,9513980,Tartis,477,15322,665,2021,,334,1833,,39,136,12,yes,2.3342224547848702
362,7342622,Freddie Benson,76,19287,,2092,yes,774,1581,,10,31,0,,2.3242349768464075
363,6194820,laroxPL NoForm,3374,11492,,1906,yes,193,1971,,33,117,0,,2.3234371823264315
364,3328742,Trail Mix,315,16290,,2031,yes,485,1715,,32,122,0,,2.320440949412891
365,2787415,MrPotato,1974,12522,,1937,yes,248,1904,,42,160,0,,2.3188999674074497
366,12882466,Artsy,1267,13392,89,2239,,742,1594,,3,7,31,yes,2.3186237612181886
367,6646269,1v9,239,16795,162,2185,,3640,1260,,1,1,4,yes,2.3181245191457025
368,9072586,Andros,157,17701,638,2025,,488,1714,,27,95,12,yes,2.3154753639828933
369,18351160,Stixe,234,16847,249,2132,,661,1626,,20,66,10,yes,2.311909412916809
370,14249222,Ethan2222,360,15985,90,2239,,1408,1435,,3,12,27,yes,2.3101895445393645
371,13214651,Cellinia,316,16289,688,2019,,466,1727,,28,99,1,yes,2.3094329733160843
372,10759664,gamma abuser,2406,12125,,1925,yes,232,1920,,59,233,0,,2.3064296103054716
373,5407620,Bronya,1854,12665,321,2107,,315,1844,,93,440,52,yes,2.3055007790261834
374,11509631,Hagawobla,374,15913,,2023,yes,460,1731,,9,26,0,,2.3038285282357114
375,14024115,zivxare,941,13953,222,2148,,486,1715,,23,77,41,yes,2.2961514819029576
376,8105138,nejzha,336,16141,,2028,yes,487,1714,,13,37,0,,2.295332301794777
377,6479616,Mornis,1078,13715,484,2052,,306,1851,,35,144,6,yes,2.294569375096766
378,16864309,Sheena Ringo,207,17168,755,2011,,,1726,yes,0,0,1,yes,2.2936875347614762
379,5575135,jan glin,570,14975,32,2322,,2134,1354,,7,24,45,yes,2.287581468715638
380,1501956,Fuma,1988,12506,408,2074,,257,1890,,94,414,5,yes,2.2875069888408026
381,7810180,calangi,3066,11669,213,2155,,346,1827,,73,275,37,yes,2.2873219955258146
382,16867827,Noty,1158,13548,173,2178,,569,1672,,7,21,134,,2.286438002275474
383,15247939,fisskill,808,14263,,1984,yes,373,1803,,18,60,0,,2.2838864226024573
384,4733185,KonKonKinakoN,1569,13004,801,2004,,218,1936,,44,187,10,yes,2.276797844664439
385,9508109,onetabby,337,16141,1930,1892,,236,1914,,33,135,12,yes,2.2760753296861838
386,1629553,yiyi,906,14010,582,2034,,294,1861,,25,114,22,yes,2.2735519701934317
387,6407282,helvetia,797,14280,336,2102,,432,1752,,45,141,38,yes,2.273198052646046
388,11596326,imissher,310,16325,364,2092,,,1681,yes,0,0,5,yes,2.2729733603448157
389,18441629,aim1trick,163,17582,906,1990,,,1753,yes,0,0,2,yes,2.2727036795221767
390,13065919,R1cho,186,17336,,2054,yes,609,1651,,33,93,0,,2.2718698930217824
391,11626318,reused,27,21588,,2132,yes,1703,1397,,5,9,0,,2.271245610423813
392,9074780,atlas,41,20772,,2119,yes,3527,1265,,1,3,0,,2.2677651013577402
393,2944449,marwin,560,15009,441,2064,,420,1762,,66,237,19,yes,2.262216459773708
394,7818990,Cheyne,235,16844,198,2165,,1799,1387,,1,2,5,yes,2.2596361034110837
395,22080319,trigon,1097,13679,279,2122,,411,1766,,12,49,12,yes,2.259384160925848
396,10349559,melwem,1440,13171,168,2181,,510,1698,,44,164,24,,2.2572472662898733
397,18922516,Gaspi,418,15646,2114,1882,,406,1771,,37,110,1,yes,2.2532312690776437
398,21653406,hihihaha142,1414,13203,,1956,yes,321,1840,,56,201,0,,2.253187585876907
399,14573462,leancat,165,17570,517,2045,,658,1627,,4,11,1,yes,2.2527045314995275
400,6619303,Cracento,357,16005,236,2142,,642,1636,,11,40,6,yes,2.2519848048842017
401,5712451,tomadoi,1775,12763,163,2184,,509,1698,,18,57,57,yes,2.2519685949800223
402,10852203,yencis,1237,13431,,1962,yes,332,1835,,19,66,0,,2.2508378292610236
403,22082286,Weetab,111,18570,736,2013,,736,1597,,3,5,4,yes,2.249466397317292
404,12211248,Hana buys milk,621,14776,,1996,yes,424,1757,,48,165,0,,2.2467960358602324
405,8356568,femkitty,44,20519,1891,1895,,,1901,yes,0,0,6,yes,2.2463872655182717
406,16270893,kyojaku,149,17861,73,2264,,3844,1251,,3,6,7,yes,2.2453982316336485
407,4215381,Seat Ibiza TDI,1743,12794,,1945,yes,261,1888,,8,28,0,,2.2450697385403284
408,2003326,emilia,1672,12873,,1947,yes,288,1866,,14,57,0,,2.2437368124663215
409,8059468,savilju,1287,13356,371,2089,,370,1805,,44,152,17,yes,2.2411264700984246
410,4389490,Alice Carroll,964,13914,,1975,yes,378,1798,,60,204,0,,2.239945270078775
411,17792223,nwd,1110,13660,125,2212,,512,1698,,13,40,5,yes,2.238408702623259
412,16538717,Daitaku Helios,1647,12900,,1947,yes,308,1850,,78,273,0,,2.238057422405837
413,9984244,garab1k,1441,13170,136,2204,,603,1656,,66,213,24,yes,2.236921250626597
414,6502403,Lilily,1149,13577,2170,1879,,206,1957,,22,100,4,yes,2.2361961570043265
415,2035254,Kalanluu,2175,12337,,1931,yes,265,1886,,28,120,0,,2.235381512459395
416,11380904,resto druid,1927,12574,2400,1866,,227,1924,,45,184,1,yes,2.2341249878493263
417,11885405,xan_ly,70,19446,464,2056,,839,1554,,10,30,9,yes,2.234037844223541
418,11918602,mabayu,2103,12414,355,2097,,318,1841,,71,251,17,yes,2.2332295247757035
419,9501251,ChillierPear,679,14543,422,2069,,421,1761,,72,289,23,yes,2.230193199476168
420,16900233,awesome sauce,132,18174,,2071,yes,806,1566,,4,10,0,,2.223867443329765
421,11921197,Shiox,2263,12250,,1929,yes,263,1886,,31,121,0,,2.22207339797275
422,7630971,VROUM CV VITE,2119,12389,,1933,yes,280,1877,,31,109,0,,2.2176885238441675
423,8508931,stellasu,2565,12014,,1922,yes,256,1892,,74,299,0,,2.2157041538681876
424,4064661,whiteceiling,368,15942,,2023,yes,507,1700,,2,7,0,,2.2045408709820373
425,13334336,xayoto,887,14035,686,2019,,347,1826,,36,133,9,yes,2.1997963660549935
426,8529128,Victoor,517,15161,127,2209,,1169,1477,,12,35,140,yes,2.1991922813365328
427,8181420,big snag,321,16225,,2030,yes,570,1672,,12,43,0,,2.198252450303422
428,17699028,socity,775,14316,257,2128,,,1577,yes,0,0,72,yes,2.1982231622697457
429,11310423,ozy,283,16464,887,1993,,546,1683,,5,19,1,yes,2.1965193563801257
430,24371637,Thornnn,154,17783,1788,1902,,527,1692,,2,5,2,yes,2.194226476780974
431,7280590,InBefore,137,18037,,2068,yes,1160,1478,,1,3,0,,2.1925026411545603
432,27243450,playthroughpain,1154,13564,,1965,yes,362,1810,,11,42,0,,2.1918669860004085
433,15273964,turqqis,1352,13278,55,2289,,992,1514,,9,31,17,yes,2.189301245548974
434,16716753,Typeddiamond,1803,12736,158,2185,,,1482,yes,0,0,49,,2.1887141528292853
435,2757689,Toy,1257,13404,,1961,yes,359,1813,,11,55,0,,2.1856773727986454
436,5144534,Dawnwing,1234,13436,663,2021,,300,1856,,46,186,22,yes,2.1808018065402037
437,17104779,-bouingue,89,19038,253,2130,,1349,1445,,9,32,12,yes,2.172564966566723
438,18131614,polski1,396,15762,,2019,yes,552,1681,,104,379,0,,2.1676798571096327
439,9331403,karomi,439,15497,251,2130,,728,1599,,36,121,26,yes,2.1658059216804006
440,6225096,Seamie,2099,12416,123,2212,,690,1613,,6,26,97,,2.1644225857324932
441,11034873,Menoji,974,13896,208,2157,,614,1648,,27,98,18,yes,2.1627970587392586
442,10917620,vana,1223,13455,754,2011,,328,1836,,68,237,6,yes,2.1626417211135687
443,15478142,nrbi,1867,12654,128,2209,,831,1557,,1,6,119,yes,2.1510859082728078
444,114017,KRZY,2540,12027,,1922,yes,287,1866,,119,497,0,,2.1500379918096453
445,12904237,stupid dog,1615,12938,269,2124,,457,1733,,125,429,19,yes,2.1498503700917593
446,12000193,Murzikk,1381,13240,179,2174,,643,1634,,11,32,36,,2.149008380220378
447,12739835,villix,410,15696,473,2054,,537,1686,,5,21,7,yes,2.1473263274870424
448,12595640,Bajan Canadian,805,14270,,1984,yes,415,1764,,6,20,0,,2.1472731189428997
449,11786864,siiphs,1259,13401,417,2071,,401,1775,,64,237,15,yes,2.146493373362727
450,3043603,kablaze,851,14158,216,2153,,673,1621,,40,188,28,yes,2.1462478977860764
451,11749569,rngdle,1703,12842,100,2234,,854,1549,,68,236,116,yes,2.144397857388607
452,6114695,ciru,99,18760,1021,1974,,826,1558,,12,31,1,yes,2.142471116633535
453,10380158,jabahh,217,17036,,2047,yes,1524,1419,,1,1,0,,2.141450935313456
454,10162611,cedru,274,16539,757,2011,,618,1646,,16,58,1,yes,2.133567585054039
455,13206785,Antaanar,1207,13477,,1963,yes,395,1780,,57,184,0,,2.128808718245116
456,18207356,fish barcode,1319,13316,275,2123,,461,1731,,30,111,6,yes,2.1285351702315487
457,7351448,fedotoff,250,16707,,2040,yes,665,1624,,79,253,0,,2.126487238993654
458,4687701,Dropinx,595,14873,,1999,yes,490,1713,,12,35,0,,2.12377753411087
459,14958380,Clutch,994,13864,1807,1901,,344,1829,,48,160,2,yes,2.122131348761414
460,11481765,RAFUNA,461,15385,363,2092,,685,1616,,1,5,22,yes,2.1209461957008897
461,18371932,-aico,460,15396,397,2079,,597,1660,,5,16,7,yes,2.1191491546528884
462,4170932,Red_Pixel,425,15604,738,2013,,515,1697,,26,121,3,yes,2.1184721759679883
463,6093148,Shinkiro,3094,11650,,1911,yes,276,1879,,65,237,0,,2.1173602030975496
464,10676573,Birchman,3059,11672,1100,1964,,224,1932,,66,265,3,yes,2.1166099375803795
465,3068044,Dumii,830,14190,822,2001,,364,1810,,63,290,25,yes,2.116456611869383
466,22461441,3BDOOO,7017,10144,,1861,yes,181,1983,,39,132,0,,2.114660243611406
467,4882979,Dereban,106,18651,,2080,yes,1045,1501,,4,13,0,,2.111973153324955
468,9820792,nightlywind,1680,12866,1924,1893,,305,1852,,33,133,1,yes,2.1107477786366386
469,8275006,-pare,592,14886,412,2072,,554,1680,,26,100,17,yes,2.110406572994668
470,9106690,-Petar,717,14438,866,1995,,341,1831,,6,21,20,yes,2.1098303899975863
471,4797389,Abraham,1607,12946,717,2015,,311,1845,,22,101,9,yes,2.106090425393349
472,8780223,VtuberVoiceASMR,744,14372,1158,1959,,387,1787,,4,12,1,yes,2.1030786178169025
473,17031854,BJIADOC,2327,12196,,1927,yes,317,1842,,47,149,0,,2.100066292285645
474,5477343,kurtis-,437,15505,1372,1936,,478,1721,,55,212,2,yes,2.0983487375101237
475,11553201,SLOVAKTRUCKER,452,15431,230,2142,,947,1525,,14,41,75,,2.0974532305709093
476,10665363,JGLF,1545,13045,,1951,yes,380,1794,,26,105,0,,2.0967203868560773
477,10933605,haxor,47,20349,1139,1961,,2107,1357,,1,3,4,yes,2.0932953870121147
478,7525949,shimon,49,20168,,2108,yes,1452,1428,,4,16,0,,2.0929987900850087
479,11684952,VineOpoly,824,14207,654,2023,,438,1746,,41,167,3,yes,2.0919581984652362
480,7009485,BadAimBoi,1788,12749,204,2161,,582,1667,,20,70,19,yes,2.089577803508088
481,7940696,pundice,566,14995,357,2097,,637,1640,,53,144,9,yes,2.0859785765103087
482,7587763,EVIL BALNER,1800,12739,348,2099,,442,1743,,95,312,16,yes,2.0822578488332195
483,17841979,NoWifi,1756,12780,210,2157,,550,1683,,9,41,12,yes,2.0807317468165825
484,8208289,conradmittn,6630,10241,719,2015,,173,1992,,51,219,7,yes,2.080539530381362
485,14494717,BlueChinchompa,1089,13699,309,2114,,538,1686,,8,28,10,yes,2.077732888343613
486,11644972,nemq,2405,12126,223,2147,,503,1704,,50,190,30,yes,2.0777045690277056
487,10643875,Taterazay,1638,12906,170,2180,,,1493,yes,0,0,12,yes,2.077549672516471
488,11706972,maTT4132,5800,10468,207,2158,,390,1785,,75,253,42,yes,2.0741667242688693
489,17730661,OnlyHadley,36,21104,577,2035,,3020,1293,,2,6,4,yes,2.0741254887540572
490,39828,WubWoofWolf,1530,13070,,1952,yes,393,1781,,35,156,0,,2.070903112658975
491,6668666,elsi,402,15726,488,2050,,617,1647,,32,131,38,yes,2.0703571905107934
492,10748631,Tommy315,601,14843,712,2016,,483,1716,,6,21,2,yes,2.068346986361922
493,10652837,Rammu,813,14245,,1983,yes,480,1718,,26,111,0,,2.0675240743151106
494,4175698,sytho,8,24583,,2179,yes,3954,1246,,7,18,0,,2.06712066978341
495,5791401,lolol234,1736,12804,,1945,yes,381,1791,,77,306,0,,2.0645891342766314
496,4981809,alimentaire,960,13921,783,2006,,389,1785,,61,209,18,yes,2.0615938626137984
497,6667041,Dafonz,1072,13724,,1970,yes,445,1743,,27,130,0,,2.0613681087757216
498,8925266,Haadez,676,14547,,1991,yes,513,1697,,50,193,0,,2.0546363914033012
499,11245184,-Atour-,2783,11856,,1917,yes,312,1845,,36,140,0,,2.0515651171066493
500,29055863,M1nTe4,825,14205,330,2103,,,1570,yes,0,0,22,yes,2.0494223170545625
501,12522447,1ncert,2313,12207,,1928,yes,353,1819,,99,355,0,,2.049170229319168
502,11170841,-Wum-,1132,13602,211,2156,,636,1640,,17,56,7,yes,2.0465688029164335
503,1460263,Pain,694,14515,,1990,yes,517,1696,,40,156,0,,2.045820986113722
504,4540667,Another Guy,1634,12910,,1948,yes,385,1790,,13,49,0,,2.0451018628214737
505,7806847,suly,353,16030,174,2177,,1307,1452,,6,22,10,yes,2.0430427579619503
506,4458239,ampy,516,15164,471,2055,,601,1657,,45,156,3,yes,2.041817553065387
507,5413624,Hibiki,1624,12919,749,2011,,357,1816,,90,358,13,yes,2.0397989356237876
508,14592820,Daf0nz,1840,12684,,1941,yes,386,1789,,46,192,0,,2.0375368243425265
509,12637617,sylriu,215,17046,,2048,yes,846,1551,,3,11,0,,2.037503121276533
510,2312106,GSBlank,1741,12796,601,2031,,379,1796,,120,496,9,yes,2.0372377402450694
511,11405263,Fametime,302,16376,,2033,yes,717,1603,,14,49,0,,2.0369279258554416
512,5455713,SrChispa,442,15492,1036,1972,,470,1723,,5,15,5,yes,2.0326737851560006
513,23280447,hosesan1020,943,13952,448,2061,,471,1723,,4,17,5,yes,2.029371940456731
514,12484908,Traz,1176,13519,449,2060,,476,1722,,19,56,41,yes,2.0256983775279003
515,7611178,coughing baby,562,15002,,2002,yes,585,1665,,25,58,0,,2.0245254570337816
516,15086625,Antolions,3205,11584,310,2114,,391,1781,,50,170,8,yes,2.0242753231544803
517,5425046,Vespirit,1133,13599,613,2029,,436,1749,,105,402,10,yes,2.023468798255975
518,16329318,Furudo Erika,1637,12906,199,2164,,746,1592,,11,32,47,yes,2.022133291820313
519,9322480,distantmemory,1366,13254,619,2028,,409,1768,,62,225,10,yes,2.0189883731592886
520,10111132,capybaras,982,13884,189,2171,,716,1603,,19,75,6,yes,2.0165876158361598
521,4916057,Stoof,354,16024,,2025,yes,693,1613,,27,106,0,,2.0160746245607886
522,12686213,Reimu Hakurei,301,16382,587,2033,,734,1597,,3,7,23,yes,2.015908020733006
523,11272510,Anhydrous,2042,12452,288,2119,,501,1704,,6,27,23,,2.015834075452166
524,11424586,nixie,387,15822,820,2002,,,1656,yes,0,0,1,yes,2.014731297344314
525,6142837,NoSin,227,16969,,2046,yes,853,1549,,3,13,0,,2.0128449239376525
526,6399568,YokesPai,3305,11538,2721,1849,,254,1896,,105,472,1,yes,2.010623703883145
527,10343292,mint breeze,996,13860,2738,1848,,271,1884,,89,368,6,yes,2.010243827603161
528,9508600,wukioh,690,14523,155,2189,,1168,1477,,46,144,31,yes,2.009583431862195
529,3730848,mx10000,1329,13303,,1959,yes,441,1744,,46,199,0,,2.008224683550762
530,12995368,bing bong,1880,12633,378,2087,,479,1719,,34,107,33,yes,2.0038813148755055
531,895581,-GN,1165,13537,,1965,yes,450,1736,,14,52,0,,2.003052862972388
532,7774197,Endura,842,14171,,1981,yes,518,1696,,94,319,0,,2.001919369013027
533,16616677,CyberOni,133,18163,530,2042,,1010,1510,,19,60,37,yes,1.9994747565714985
534,12959983,antonyw,4853,10783,520,2044,,264,1886,,65,307,35,yes,1.9984625124986428
535,7918057,Shyot73,71,19396,,2094,yes,2288,1341,,2,6,0,,1.9952407305044098
536,7068158,JapWhite,193,17288,,2053,yes,883,1541,,10,35,0,,1.9932828380939038
537,9047729,Spev,2363,12172,106,2231,,987,1515,,64,215,73,yes,1.991272763791654
538,139670,Vendemmia,1575,12995,,1950,yes,425,1757,,26,90,0,,1.98645381228563
539,17022896,-NyX,1568,13006,,1950,yes,428,1755,,28,90,0,,1.9840404361978137
540,10916561,coda,112,18521,,2077,yes,1941,1373,,3,5,0,,1.9837989474293805
541,4253615,zubs,907,14006,903,1990,,433,1751,,53,233,10,yes,1.9826295055351144
542,3641404,uyghti,782,14307,411,2072,,631,1642,,15,69,19,yes,1.9825579723702247
543,12130906,[ Master ],83,19147,,2089,yes,2171,1351,,2,6,0,,1.9821314250601185
544,11388931,sniperelite,678,14544,,1991,yes,544,1683,,2,15,0,,1.9821170471243343
545,10590281,fajga,1650,12899,396,2081,,502,1704,,22,65,28,yes,1.981994789475511
546,12270069,CpxG,2030,12467,312,2113,,482,1716,,49,181,6,yes,1.9809992622727908
547,15346564,Bairechuu,647,14643,391,2084,,674,1621,,29,86,7,yes,1.9766035538504316
548,8991722,Natori Sana,3256,11557,1068,1968,,281,1873,,87,372,3,yes,1.9754560062108364
549,4250296,thaibuy,558,15018,,2002,yes,620,1645,,16,60,0,,1.9747611864289607
550,23303515,Dugyy,1301,13334,,1959,yes,453,1734,,14,63,0,,1.9702308290983064
551,9704802,zekk,476,15322,538,2041,,,1632,yes,0,0,20,yes,1.969532410960932
552,14165027,viet soin tech,1052,13756,1168,1958,,463,1728,,41,131,1,yes,1.9688876635155559
553,1371974,Teppi,4056,11114,,1894,yes,291,1864,,23,93,0,,1.9643054595241178
554,25511941,Anoranza,540,15083,497,2048,,,1618,yes,0,0,21,yes,1.9631756023082616
555,7701428,Eunha,1217,13467,206,2160,,720,1602,,90,322,7,yes,1.9612051331997065
556,9723127,ChaiPhukChep,630,14730,234,2142,,966,1519,,14,69,16,yes,1.9588026436657366
557,8445602,Suzuha,1465,13135,379,2087,,586,1665,,141,566,29,yes,1.9576460227342087
558,2472609,Imokora,4424,10951,541,2041,,293,1861,,41,164,7,yes,1.9546214356601872
559,6524092,VoProSSoFF,142,17915,,2065,yes,1183,1474,,5,14,0,,1.953967609020623
560,11021073,baoo,1229,13440,2519,1859,,374,1803,,25,99,2,yes,1.953585559049876
561,11828209,Aerodite,192,17292,1182,1956,,,1735,yes,0,0,10,yes,1.9533349426103697
562,7440783,Aerora,318,16270,2210,1877,,,1678,yes,0,0,1,yes,1.952710574361675
563,11858763,PoYuTo,3046,11684,1214,1952,,284,1869,,32,154,3,yes,1.95156159345931
564,16420404,Wez,1109,13661,342,2101,,,1537,yes,0,0,18,yes,1.9493356823185213
565,16756305,judah1224,421,15621,794,2005,,,1646,yes,0,0,2,yes,1.9491900496567893
566,15428284,nase,170,17518,1001,1975,,735,1597,,5,17,21,yes,1.94476314871081
567,1874761,hallowatcher,724,14414,,1987,yes,591,1663,,31,152,0,,1.9435147166356872
568,3478883,Aristia,2090,12420,,1934,yes,404,1773,,18,97,0,,1.941769605642049
569,3493804,Eirra,2404,12127,526,2043,,397,1778,,84,317,5,yes,1.9404402886162384
570,6437601,LoidKun,766,14333,410,2073,,621,1645,,10,36,3,yes,1.9404172402648505
571,12301296,tsp648,660,14596,437,2065,,,1595,yes,0,0,10,yes,1.9387575124066427
572,12378737,Ryugia,362,15974,427,2067,,811,1565,,21,76,3,yes,1.9382094811533077
573,13266755,Xiel,344,16083,,2027,yes,960,1520,,2,3,0,,1.9353624049132752
574,3872987,-raizen-,1228,13442,,1962,yes,493,1711,,29,109,0,,1.9335959659839033
575,11307733,nemroz,319,16255,265,2126,,1053,1499,,17,57,4,yes,1.932645814789787
576,12040280,Xyloz,738,14387,,1987,yes,595,1661,,20,67,0,,1.9320674525755464
577,12941954,Sabakan,3967,11163,,1896,yes,314,1844,,30,129,0,,1.9308614917905498
578,10656864,Nessy,2002,12491,,1936,yes,419,1762,,39,128,0,,1.9291221435107162
579,8165685,shadevr,3977,11160,311,2113,,429,1753,,117,460,10,yes,1.9278646104109185
580,3942535,wusa,472,15332,634,2026,,,1633,yes,0,0,4,yes,1.925940988933168
581,14447878,Lujeol,1971,12524,,1937,yes,426,1756,,62,262,0,,1.9253730835886902
582,10137131,BlankTap,5357,10607,274,2123,,392,1781,,65,278,9,yes,1.9241758438941714
583,16543623,Horyl,2223,12283,209,2157,,,1458,yes,0,0,16,yes,1.919815585397756
584,9820878,Kotsik,219,17023,,2047,yes,942,1527,,15,47,0,,1.9174947093792407
585,2562987,azr8,340,16116,133,2205,,4150,1238,,2,9,14,yes,1.9170617663741916
586,11652827,jixxi,305,16353,491,2050,,891,1537,,30,132,24,yes,1.9168456245990932
587,13618032,815,275,16538,,2037,yes,928,1530,,4,12,0,,1.9162791949318232
588,9818947,Zpinxx,841,14172,,1981,yes,579,1667,,16,61,0,,1.916104442684773
589,13735210,wuso,252,16653,678,2020,,1280,1456,,1,3,2,yes,1.9160316872716225
590,18014081,meridian,414,15680,703,2016,,,1648,yes,0,0,42,yes,1.9159531551501756
591,126144,Nezzar,1421,13192,,1956,yes,484,1715,,43,177,0,,1.914115470727194
592,9783155,NieTheDie,1167,13534,694,2017,,472,1723,,32,88,142,,1.9139614968949163
593,14061950,The Hassle,1024,13809,398,2077,,,1546,yes,0,0,61,,1.9128471483135838
594,2766034,Umbre,85,19135,722,2014,,1188,1473,,41,164,76,yes,1.9117836696091688
595,10569381,Pregnancy,622,14772,383,2086,,851,1549,,17,49,35,yes,1.9072619169505385
596,13510304,hamster tables,375,15907,1820,1900,,,1659,yes,0,0,1,yes,1.906980092672593
597,14684430,Ievi-,2109,12404,194,2167,,834,1555,,35,102,52,yes,1.906761289998828
598,6951444,Fjell,531,15103,,2004,yes,687,1615,,16,54,0,,1.9054190514736709
599,15843402,blobnom,312,16318,1060,1969,,,1680,yes,0,0,6,yes,1.903329002654062
600,1504556,L4plus1,1656,12895,,1947,yes,458,1732,,17,70,0,,1.9018866027009416
601,7784120,Sodor,295,16397,314,2112,,1651,1402,,5,13,14,yes,1.9006717689073294
602,2204373,moon2k,262,16623,220,2150,,1887,1378,,5,23,10,yes,1.8999631618984962
603,12776754,Joyi,708,14463,368,2090,,827,1557,,22,52,31,yes,1.8999104711432515
604,7344333,afe,635,14690,,1994,yes,647,1633,,29,114,0,,1.8992358083481897
605,6937470,kazamabc,97,18787,1007,1975,,1473,1425,,3,15,1,yes,1.8934305134294858
606,9929781,EvilGamings,4729,10834,129,2209,,772,1583,,41,159,52,yes,1.890098613802024
607,11919665,Hatted,507,15183,611,2030,,713,1604,,9,33,7,yes,1.8900783860154218
608,11308471,Asriel,3900,11195,352,2098,,431,1752,,20,88,11,yes,1.8893803035015035
609,10981997,Nekoyase,937,13964,221,2148,,1171,1477,,15,45,63,yes,1.8892171533799687
610,13097638,Juicy,1658,12891,,1947,yes,475,1723,,50,168,0,,1.8883374330346
611,12284608,RJbyM,1031,13796,99,2235,,1604,1408,,9,25,12,yes,1.8861729072583158
612,12036243,dsaopi-kpal,1190,13496,,1964,yes,516,1696,,17,38,0,,1.8844370060133984
613,9523661,Laestadian,1124,13617,201,2163,,965,1519,,38,109,14,yes,1.8835412610369775
614,3215487,Yellow-,1197,13489,,1964,yes,505,1700,,6,26,0,,1.8826267463047897
615,6303313,Mathyu,719,14427,549,2040,,650,1632,,57,210,3,yes,1.8818329680083001
616,8369887,fruit cup,1231,13438,,1962,yes,495,1709,,8,18,0,,1.8803589793538014
617,9961301,Daisuke Narotan,710,14460,600,2031,,646,1633,,28,95,11,yes,1.8789305633004818
618,10196805,angelkanna,436,15512,894,1992,,670,1623,,34,133,9,yes,1.878665680963798
619,15846736,jaydn,8953,9703,134,2204,,594,1661,,90,347,52,yes,1.8763256347098096
620,6806754,Ashdoll,246,16735,,2041,yes,1077,1494,,4,10,0,,1.8756984432690367
621,9728880,Gore_,6491,10276,,1866,yes,266,1886,,29,103,0,,1.8732676608247787
622,8075782,ratcho,104,18663,700,2017,,1570,1413,,5,14,9,yes,1.8718758323629896
623,4856562,minus,1208,13476,229,2143,,858,1547,,28,112,13,yes,1.8711169569117079
624,8901306,C-L,278,16501,,2036,yes,950,1525,,6,23,0,,1.870157831494497
625,4248481,Meniwa,1475,13122,219,2150,,875,1544,,17,48,17,yes,1.8683657840908452
626,16866418,resha,411,15692,1780,1903,,,1649,yes,0,0,1,yes,1.8658503435928278
627,7078544,lychee boba,1979,12518,1017,1974,,402,1775,,105,388,5,yes,1.8649209686094734
628,19483487,nybia,1983,12513,337,2102,,649,1632,,12,42,29,,1.8641868808586337
629,13062430,marcel7,478,15311,1086,1965,,625,1643,,6,27,5,yes,1.8617052726817795
630,1334384,T A K A O,197,17239,409,2073,,1666,1400,,2,10,5,yes,1.8614166295240484
631,9323821,luzny,1522,13077,238,2140,,925,1530,,112,423,63,yes,1.858588000751855
632,22396092,Jerma985,629,14733,362,2093,,847,1551,,12,49,6,yes,1.8566704922122637
633,15475797,FUNKYKONG,1278,13376,807,2003,,492,1711,,32,94,13,yes,1.8534839573787103
634,24486749,AstroVnz,379,15868,850,1997,,,1658,yes,0,0,658,,1.8506351004937733
635,20328948,tayko,552,15029,452,2060,,850,1551,,16,66,16,yes,1.8483007568376455
636,18827585,Loosay,366,15956,879,1994,,870,1544,,2,7,2,yes,1.847852561927142
637,18802561,Zoomeree,214,17052,258,2128,,2432,1331,,5,18,13,yes,1.847361112304135
638,32487032,gxsty,1122,13631,418,2070,,732,1597,,1,4,40,yes,1.8450575618272729
639,10504596,temka na,1145,13580,203,2161,,1225,1466,,62,236,53,yes,1.8431517845713339
640,11469447,arbusion,1192,13493,1333,1939,,455,1733,,56,196,4,yes,1.842502586516549
641,11553627,Jemzsee,269,16586,,2038,yes,998,1513,,11,32,0,,1.8387571845794892
642,12204079,Blah,145,17884,313,2113,,3600,1261,,3,5,2,yes,1.8380689464819686
643,10613549,Shirosora,177,17434,1728,1906,,1012,1510,,11,41,1,yes,1.837388060681008
644,17465075,[dekori],891,14028,,1978,yes,622,1644,,16,53,0,,1.835026139191254
645,2742030,Kuronora,1456,13146,,1954,yes,531,1691,,24,88,0,,1.834099404346047
646,757783,Garalulu,1147,13578,434,2065,,704,1607,,103,359,23,yes,1.831991937733382
647,13284882,Name94,1353,13277,281,2122,,,1514,yes,0,0,5,yes,1.8313364232298435
648,7790974,Ryzeren,688,14529,542,2041,,710,1605,,9,19,3,yes,1.8312586122876486
649,8775024,Karuna,1370,13249,,1957,yes,542,1684,,20,90,0,,1.830825913680999
650,20469191,tzuyang,1374,13246,,1957,yes,532,1690,,5,30,0,,1.8235073703247489
651,3163649,GfMRT,1861,12658,,1941,yes,491,1713,,26,116,0,,1.8215398680285375
652,11461810,kagiura,2233,12273,420,2070,,525,1693,,77,276,5,yes,1.8213632359986336
653,10240089,Kelathis,347,16073,1334,1939,,,1668,yes,0,0,4,yes,1.8209775259048728
654,11456186,nevergrace,711,14458,300,2116,,1115,1487,,7,17,10,yes,1.815680624007775
655,14671051,Furamun,815,14239,,1983,yes,655,1629,,4,21,0,,1.8155511612251065
656,8454773,MegaMK,732,14401,,1987,yes,686,1616,,22,80,0,,1.8142287996396385
657,4653583,NO37,2108,12404,4341,1789,,296,1860,,59,235,3,yes,1.8101869628901017
658,9254536,khz,429,15580,508,2047,,946,1526,,33,130,11,yes,1.8094529743538046
659,15567583,MYKEYBOARD,281,16483,,2035,yes,1011,1510,,14,50,0,,1.808278615335079
660,9203793,xep,462,15378,893,1992,,,1636,yes,0,0,10,yes,1.8075624977131808
661,20861921,zmecha,4855,10782,263,2126,,540,1685,,5,20,36,,1.8060009628911335
662,7537133,Mami,2605,11990,,1921,yes,444,1743,,66,261,0,,1.805551257957334
663,30751112,bibero,96,18787,2081,1883,,,1813,yes,0,0,19,yes,1.8049103113837752
664,14438574,Ravexi,1053,13756,,1971,yes,623,1644,,38,160,0,,1.8033506448050654
665,16555513,Nature angel,945,13950,267,2125,,1147,1483,,10,36,22,yes,1.8023166918428732
666,10188022,-Hirata,147,17870,960,1982,,1236,1464,,11,34,3,yes,1.8021116157522283
667,13452017,thebeastjona,789,14294,,1984,yes,680,1616,,27,93,0,,1.8020906175476366
668,16512684,towny1,659,14598,728,2014,,705,1607,,11,40,10,yes,1.801858175042073
669,25643883,dsa,594,14883,498,2048,,866,1546,,11,35,16,yes,1.8017899442515977
670,32904329,Prodigal,893,14027,499,2048,,,1561,yes,0,0,15,yes,1.8015078265661888
671,18047706,EViLseeeen11l1,8605,9781,92,2238,,648,1633,,64,268,13,yes,1.8013271669380309
672,11159039,Yseri,77,19266,,2091,yes,2336,1338,,5,14,0,,1.8006201511637001
673,13068741,LyeRR,623,14768,617,2028,,790,1575,,31,95,42,yes,1.7950967446205692
674,10925451,Mitage,905,14010,290,2119,,973,1517,,3,12,6,yes,1.792970959295145
675,18604347,Chamqp,185,17360,516,2045,,1567,1413,,9,23,9,yes,1.7862405775966625
676,9737185,ch0co,4878,10776,,1883,yes,360,1812,,58,201,0,,1.7843675853451015
677,3498155,Zaqqy,152,17798,,2063,yes,1995,1369,,2,8,0,,1.7816126477264405
678,9436126,Cocoamallows,2940,11758,315,2112,,626,1643,,18,57,12,yes,1.780929209557847
679,17117482,Pabloniichan,173,17474,468,2055,,4366,1230,,1,5,64,yes,1.7799487153213276
680,7754026,snile,2038,12456,177,2174,,1384,1439,,8,21,94,,1.7798459121585526
681,9414229,Pinguinzi,276,16516,943,1985,,884,1540,,53,171,18,yes,1.7743552282219384
682,3162741,Aotoleen,2098,12417,840,1999,,468,1724,,23,87,5,yes,1.7736094883415432
683,5371497,Alumetri,413,15688,811,2002,,832,1556,,11,53,52,yes,1.7725566274458995
684,14963905,Read Horimiya,2714,11911,331,2103,,666,1624,,68,258,18,yes,1.7704581317047956
685,11875189,Phuwit snipe,371,15934,713,2015,,1315,1451,,2,4,19,yes,1.7692764652388093
686,19026367,Cossin,637,14686,332,2103,,1342,1448,,9,18,16,yes,1.7683385141624572
687,4448118,Koba,1875,12645,,1940,yes,528,1692,,37,182,0,,1.767685743546967
688,11141678,KevDawg,1593,12962,233,2142,,1034,1503,,5,23,16,yes,1.7654962994702377
689,11948617,Saymel,249,16715,,2040,yes,1950,1373,,2,4,0,,1.7641657103312587
690,3506793,Viveliam,464,15348,2430,1864,,748,1591,,12,52,1,yes,1.7634651345105823
691,12967296,Indiana,1488,13111,3944,1803,,477,1722,,33,107,1,yes,1.7605491841204026
692,6295380,iamVill,1451,13157,1157,1959,,534,1689,,17,76,2,yes,1.7601228561594744
693,12260184,-Koda,1841,12684,589,2033,,581,1667,,56,164,9,yes,1.7596581146706995
694,24482708,Gl1tcher,406,15709,3713,1811,,,1650,yes,0,0,1,yes,1.7564545569055754
695,14970132,SaintSFT,218,17032,,2047,yes,1224,1466,,19,58,0,,1.756150316820766
696,11836334,Nev-,625,14760,,1996,yes,788,1576,,56,180,0,,1.7560066767489717
697,13484596,Impowster,712,14457,560,2038,,789,1575,,19,63,3,yes,1.7558286150693383
698,1218895,Athanasia-,1826,12697,1539,1921,,465,1728,,42,144,2,yes,1.755357791696417
699,17720805,hayley,3904,11192,385,2086,,519,1696,,49,218,10,yes,1.7542045495134544
700,11398156,Luszer,322,16211,111,2225,,7440,1151,,18,56,145,,1.7530082868236163
701,29019225,skuth,2001,12491,317,2109,,,1470,yes,0,0,12,yes,1.751654220136193
702,7929698,Sharpsight,587,14900,1254,1948,,,1608,yes,0,0,1,yes,1.7512106692936247
703,12247457,[MG]-Jugo-,877,14097,606,2030,,785,1577,,1,1,30,,1.751187987337666
704,15063171,miorn,1327,13303,563,2037,,664,1624,,8,25,16,yes,1.7501624313148278
705,4277702,Mystia,1401,13215,,1956,yes,607,1652,,54,254,0,,1.7494796978247416
706,14277157,Nailer,367,15946,,2024,yes,1026,1506,,11,25,0,,1.7475587381786741
707,11070577,FAW,4598,10884,3460,1819,,319,1841,,59,250,1,yes,1.7445028166279652
708,10976433,AccNome,5623,10522,164,2183,,,1353,yes,0,0,25,yes,1.7399896123780603
709,14445724,Mankichiro,7946,9921,347,2099,,464,1728,,19,92,57,,1.73620697994494
710,3189069,dnfd,722,14424,720,2015,,,1585,yes,0,0,5,yes,1.7361812896399353
711,12296128,junamat,780,14310,239,2140,,1591,1409,,58,193,33,yes,1.7349892963992664
712,14176480,Raspigaous,299,16382,421,2069,,2038,1364,,6,15,26,yes,1.7344548673399283
713,16762558,Peterbot,651,14622,623,2027,,1182,1474,,1,2,91,,1.7343303398825531
714,11962818,flowering,1852,12667,,1941,yes,558,1680,,33,97,0,,1.733111555873518
715,12015003,zfire,1359,13264,469,2055,,,1514,yes,0,0,35,,1.7319975302932
716,15837148,Habbie,1661,12887,403,2074,,,1491,yes,0,0,22,yes,1.7318574354334817
717,10572078,aba,586,14904,1279,1944,,652,1631,,17,63,9,yes,1.7302872029619367
718,10829419,shion,809,14262,1627,1914,,575,1669,,37,167,5,yes,1.7289180487984406
719,12215507,Moonlit111,1146,13578,470,2055,,779,1580,,12,44,8,yes,1.7255461774977698
720,4304495,----,2143,12366,,1932,yes,526,1692,,37,154,0,,1.7246503858824926
721,16967966,MrNeasel,2061,12443,308,2114,,798,1570,,37,133,11,yes,1.7229416201072363
722,10434787,CharleLee,3580,11368,282,2121,,733,1597,,56,222,30,yes,1.7225416903040314
723,11113213,Alyra,287,16451,1387,1935,,1148,1482,,7,15,1,yes,1.7206679573221833
724,12110337,Binninja,528,15127,375,2088,,1416,1434,,14,47,19,yes,1.7204232844463823
725,6920104,PotJohn Nutella,1224,13454,,1963,yes,654,1630,,32,112,0,,1.7191963052922494
726,14184577,KNa-,508,15181,2314,1871,,,1625,yes,0,0,1,yes,1.7179310913071988
727,22512149,Phantom-101,1468,13132,277,2122,,1372,1441,,2,7,21,yes,1.7127344641484818
728,4959454,A]],241,16788,481,2053,,1438,1430,,7,22,1,yes,1.7113081663634455
729,3099689,Xilver15,1404,13212,,1956,yes,635,1641,,20,89,0,,1.7111781892834115
730,6591496,SadnessWillSear,422,15616,,2016,yes,984,1515,,25,67,0,,1.7100251638167996
731,19605558,zonamu,649,14635,1147,1960,,,1597,yes,0,0,1,yes,1.7071353187797575
732,17462509,MiMiTooU,417,15661,1240,1950,,1135,1485,,1,1,5,yes,1.7047837663600718
733,12080544,Eevert,1572,13001,,1950,yes,613,1648,,42,158,0,,1.7045070782533527
734,7225339,fybeth,1570,13003,247,2133,,1318,1451,,9,32,42,yes,1.7016495643863265
735,7025429,MyAngelMiku,222,17016,,2047,yes,1326,1450,,33,110,0,,1.7004788664646242
736,2021758,Wilchq,2092,12418,693,2018,,572,1671,,15,66,14,yes,1.7000416880606068
737,17851835,bern1sh,799,14278,569,2036,,1827,1384,,1,1,17,yes,1.699770631456275
738,18467846,Stythiii,4907,10765,191,2170,,,1369,yes,0,0,18,yes,1.6979545951138357
739,7341471,BossPlays,294,16399,1142,1960,,906,1534,,7,17,31,yes,1.6952681049193763
740,7908994,dlwlrma-,573,14961,,2001,yes,887,1538,,10,36,0,,1.6911250039915187
741,11750028,Thuya,899,14017,,1977,yes,756,1589,,16,58,0,,1.6900141414336742
742,10997010,TEQUILA BABY,2024,12469,,1935,yes,567,1675,,22,77,0,,1.6869997203407872
743,21753287,Deshoou,1155,13555,444,2063,,951,1524,,9,25,31,yes,1.6869592829868676
744,8165181,revoh,1798,12740,389,2084,,863,1547,,52,154,30,yes,1.6862180645995233
745,15640483,viniosu5654,642,14667,,1994,yes,1256,1461,,1,1,0,,1.6829025299894669
746,11129034,Spektre,1727,12813,,1945,yes,612,1649,,77,255,0,,1.680618299170789
747,8045604,RomanTheFUKER,1368,13253,1220,1951,,500,1704,,16,61,28,yes,1.677698684309328
748,4934554,hlanden,2520,12036,,1923,yes,511,1698,,20,74,0,,1.6755817077444677
749,6360447,jop,293,16400,1865,1897,,2063,1361,,1,1,3,yes,1.6753969624822647
750,9053619,DJ EBAN,1960,12537,944,1985,,539,1685,,60,210,13,yes,1.6749177162313398
751,18414466,CosmoXR,455,15421,,2012,yes,4136,1239,,1,1,0,,1.67423424748008
752,14844399,Nazuna Nanakusa,1918,12584,98,2235,,1901,1377,,13,35,12,yes,1.674176866870203
753,10592853,Hayasaka Ai,1558,13017,2104,1882,,418,1762,,47,206,9,yes,1.6738457066195926
754,15893458,P A D O R U,4002,11143,329,2103,,694,1612,,4,17,43,yes,1.673026673219149
755,11983229,Norlain,603,14838,1041,1971,,776,1581,,12,47,14,yes,1.672332014589498
756,18818123,BELLOFIGO,955,13931,,1975,yes,760,1588,,11,28,0,,1.6704816345931603
757,12389546,eloj,373,15915,,2023,yes,3010,1294,,1,2,0,,1.6675843620283501
758,27758743,Remirakk,480,15296,,2009,yes,1024,1506,,5,22,0,,1.6658567577403223
759,20705496,WolfBoi,7443,10038,157,2186,,865,1546,,22,80,56,,1.6628815993789021
760,5309981,Mouse Player,1151,13568,578,2035,,782,1579,,22,92,4,yes,1.6621847682680677
761,17067266,Midarna,652,14620,819,2002,,867,1545,,11,36,9,yes,1.6602012476555028
762,84841,CXu,1157,13548,,1965,yes,697,1611,,4,15,0,,1.658203857896132
763,2802727,DarthInvaderZim,648,14636,1045,1971,,,1597,yes,0,0,4,yes,1.6572858411957547
764,1818573,Anroyz,1362,13259,,1957,yes,683,1616,,40,153,0,,1.656889249587783
765,10507407,Nymphe,1395,13219,,1956,yes,663,1624,,10,32,0,,1.6561449369457266
766,3516241,Spazza17,1536,13060,1868,1897,,592,1662,,10,46,1,yes,1.6552780521559605
767,7969090,SkunkPunk,499,15218,,2007,yes,1742,1393,,1,2,0,,1.6544061584139542
768,7540631,virtuoso,511,15174,2586,1856,,838,1554,,4,19,1,yes,1.6526089026653956
769,3126596,Mlaw,355,16018,,2025,yes,1167,1477,,37,128,0,,1.652114470532405
770,13623476,koyo,762,14342,781,2007,,849,1551,,3,12,2,yes,1.651898507685118
771,2644828,kafei,1643,12904,,1948,yes,644,1634,,30,143,0,,1.650492518654814
772,23913323,werkzu,728,14406,,1987,yes,880,1542,,2,5,0,,1.6503247468008349
773,15574234,Might,394,15773,776,2007,,1180,1474,,14,48,31,yes,1.6497857992437601
774,16348690,adomeium,471,15333,612,2029,,2596,1320,,1,3,23,,1.648315576012363
775,14977562,no homo,1871,12650,3490,1818,,496,1708,,12,40,1,yes,1.6467875774721272
776,11403899,SanyaVsunya,482,15287,609,2030,,2483,1328,,1,3,16,yes,1.6466453211482823
777,9902255,Apostol,198,17237,,2052,yes,1565,1413,,15,51,0,,1.645919188225964
778,17222781,Kzox,1095,13681,695,2017,,,1538,yes,0,0,54,,1.6457342435638105
779,20241831,dracoria,2722,11903,532,2042,,619,1646,,27,72,12,yes,1.6456038197274996
780,4432408,Toesu,496,15231,2059,1885,,,1628,yes,0,0,2,yes,1.6446392908266783
781,11210823,Quartal,5415,10590,160,2185,,896,1536,,30,124,19,yes,1.6429567774592972
782,9082441,Pieris,4524,10915,2803,1845,,228,1923,,44,211,11,yes,1.6428750352635453
783,10145502,WooperFan1,424,15604,,2016,yes,1173,1476,,7,18,0,,1.6422305849084435
784,15274893,Lirumin,3115,11640,732,2013,,535,1688,,93,358,12,yes,1.6412478625376785
785,4945688,rairiku,609,14824,,1997,yes,933,1528,,18,64,0,,1.6405564652605853
786,13872859,SheDiK YT,383,15858,,2022,yes,1658,1401,,3,5,0,,1.6387610078857446
787,8880920,ruyu,1660,12888,2298,1872,,589,1663,,79,246,1,yes,1.6376468503135309
788,5623529,Grantorio,5643,10517,335,2102,,669,1623,,17,82,73,,1.6373095498782098
789,12479148,shiroude,361,15978,,2024,yes,3686,1257,,2,2,0,,1.6346814109906562
790,3213239,FLAVEN,1750,12788,228,2144,,990,1514,,14,56,5,yes,1.6345999750197302
791,11984937,RafaelXDP,1534,13066,351,2098,,1074,1495,,47,143,17,yes,1.634373387303418
792,12714574,Aphrodi,4170,11063,,1892,yes,443,1743,,23,83,0,,1.6315780268141835
793,7728757,-ZooM-,557,15022,,2002,yes,1186,1473,,1,5,0,,1.631138639713674
794,9049630,Lefy,1159,13546,,1965,yes,747,1591,,33,104,0,,1.6300441503608496
795,11072084,Atsacity,859,14133,594,2032,,1470,1425,,2,2,12,yes,1.6294688505625583
796,14404978,Naiad,2719,11908,356,2097,,,1435,yes,0,0,16,yes,1.629353495844717
797,9377901,REFANTAZIO,1065,13740,268,2124,,1849,1381,,11,28,33,yes,1.629303376225231
798,10913538,ryunic,389,15815,670,2021,,2183,1350,,1,4,3,yes,1.6288081778680403
799,10876953,_NeXuL_,1951,12544,445,2063,,,1473,yes,0,0,18,yes,1.6226267835317114
800,959763,Flask,2275,12237,,1929,yes,588,1664,,21,97,0,,1.6225038473397135
801,11371245,aahoff,2641,11963,1739,1905,,416,1764,,73,271,7,yes,1.6225038302241452
802,4497582,-Wolfy-,696,14506,463,2056,,1268,1459,,30,93,22,yes,1.6222336334437286
803,10702366,Vagabond,485,15270,,2008,yes,1616,1407,,2,3,0,,1.622085425101618
804,2395405,MAREK MARUCHA,1019,13816,,1972,yes,792,1574,,27,108,0,,1.6218854884722895
805,6215032,Aoi Kiseki,1439,13172,2057,1885,,593,1662,,35,114,2,yes,1.6217141567496414
806,19618102,shiromisu,348,16063,1581,1917,,,1668,yes,0,0,14,yes,1.6204604241251093
807,12537417,Hydrole,4173,11062,,1892,yes,456,1733,,53,177,0,,1.619515414574407
808,16823917,vouillet,7865,9940,171,2179,,,1315,yes,0,0,28,yes,1.6183636784996014
809,13003230,bobiak,1081,13710,,1969,yes,783,1578,,22,65,0,,1.6172610021411726
810,3771576,Flami,317,16287,896,1991,,2828,1305,,1,3,27,yes,1.6165211616182427
811,9942252,Paraqeet,365,15967,,2024,yes,1424,1432,,5,12,0,,1.6165022981304347
812,6583827,Delete,1626,12919,950,1984,,639,1637,,98,371,28,yes,1.6159422484717885
813,13218204,Polle,2319,12202,,1928,yes,598,1659,,72,307,0,,1.614588571800246
814,718454,ThePooN,1476,13121,3165,1830,,533,1689,,17,75,2,yes,1.6128310572415603
815,8957338,Hyun2,616,14797,1649,1912,,,1603,yes,0,0,2,yes,1.6099672497825983
816,7422021,Lane,980,13886,,1974,yes,808,1566,,25,65,0,,1.6096309882191973
817,8150535,Fejlan,4991,10738,,1882,yes,435,1749,,53,227,0,,1.6090859198520135
818,18413177,Bonc,1265,13393,505,2047,,1161,1478,,2,5,41,,1.6063161280225389
819,14398471,Rhetoric,3027,11696,287,2119,,999,1512,,95,334,38,yes,1.6058504282252721
820,13212181,Zanzabar,447,15452,178,2174,,5823,1186,,14,33,48,yes,1.6058269989452294
821,14436159,kt09-,1552,13026,625,2027,,765,1585,,39,151,5,yes,1.6055006411468429
822,22782807,Gorrino,918,13988,570,2036,,1434,1431,,2,3,16,yes,1.605195235344703
823,4399129,mokia-,1740,12796,527,2043,,752,1590,,24,65,4,yes,1.6049393572947057
824,1427407,- Phantasma -,3431,11456,,1905,yes,497,1708,,13,69,0,,1.6030949056727017
825,14633196,r_kt,434,15528,,2014,yes,2919,1300,,1,2,0,,1.6012352699393242
826,11518376,HaSappy,284,16462,,2035,yes,1450,1428,,10,41,0,,1.6003488424411607
827,6133101,Arakii,915,13995,525,2043,,982,1515,,21,70,5,yes,1.5988577816902354
828,7371294,WhatSkill,515,15169,424,2068,,2478,1328,,3,6,7,yes,1.5977790782448373
829,9125830,Chakrami,734,14392,,1987,yes,1458,1427,,1,1,0,,1.5939964931821304
830,13621727,Flemes,2102,12414,387,2084,,1130,1485,,4,13,89,,1.593957918842638
831,12083446,cihp,1436,13175,,1955,yes,715,1603,,7,27,0,,1.5928701503355023
832,7748891,xXChokgamerXx,3881,11206,1019,1974,,467,1726,,69,297,4,yes,1.5919930457211569
833,4832514,Kushper,2536,12028,911,1989,,574,1669,,24,104,6,yes,1.5912306971369157
834,13287112,Salikuu,191,17294,2160,1879,,,1735,yes,0,0,25,yes,1.5896421810162926
835,12699987,cxyd_n,230,16870,3937,1803,,,1714,yes,0,0,4,yes,1.5893644624922627
836,11584075,ganjanov,372,15924,1418,1932,,1198,1472,,5,20,2,yes,1.586480203749253
837,9988174,bung wung,1429,13177,255,2129,,1694,1397,,21,72,31,yes,1.5817933407674591
838,17999723,infinity,672,14556,,1991,yes,1038,1502,,2,8,0,,1.580879856137687
839,17274052,TheMagicAnimals,689,14527,1098,1964,,,1590,yes,0,0,10,yes,1.5804307132285698
840,1336437,gusrua123,351,16040,621,2028,,2021,1366,,3,12,7,yes,1.5793991935578606
841,8812593,RemyKo,4357,10975,,1889,yes,410,1767,,5,17,0,,1.576612885796335
842,8432708,uminekl,1269,13390,260,2127,,2448,1330,,5,16,61,yes,1.5766100230857711
843,17304335,raimu123,1391,13227,1923,1893,,676,1620,,8,34,1,yes,1.5711312862257274
844,2572468,Nongsa,228,16963,,2046,yes,1994,1369,,3,17,0,,1.570812530044819
845,18781432,EPEMA,2957,11742,1112,1963,,523,1693,,109,412,5,yes,1.5706780822354343
846,7119659,Amuro,2227,12278,438,2065,,797,1571,,65,223,7,yes,1.5706287161697838
847,12086452,Tile,1907,12597,1208,1952,,578,1668,,46,164,13,yes,1.5694246912569323
848,11380644,sephy,1816,12710,652,2023,,763,1587,,12,53,7,yes,1.5687825146381047
849,24002550,Revamp,900,14014,,1977,yes,881,1542,,8,25,0,,1.5686935134075393
850,9747255,Fobxx,181,17391,761,2010,,2423,1332,,5,21,8,yes,1.567165636262287
851,10239034,Azali,933,13972,972,1980,,840,1554,,8,23,4,yes,1.5671474543262882
852,7554753,-mira,9841,9542,,1839,yes,331,1835,,13,58,0,,1.5671385876416217
853,18068748,SprlSllt,2633,11969,390,2084,,,1439,yes,0,0,12,yes,1.5669250530266947
854,7005392,lestapekka67,1508,13091,,1953,yes,744,1592,,41,134,0,,1.5664787607902673
855,3673698,redbaby,398,15741,,2019,yes,4176,1237,,1,2,0,,1.5659385443928968
856,10083084,Librarian,139,17947,,2066,yes,2202,1347,,13,43,0,,1.5640658472411495
857,10459580,smashcae,2577,12010,1163,1958,,543,1683,,70,253,7,yes,1.5638816952228065
858,652457,_index,2333,12191,,1927,yes,587,1664,,4,18,0,,1.5619370903359293
859,16359045,Vayge,432,15538,1880,1896,,4897,1212,,1,1,1,yes,1.5617202963441192
860,5286213,Deppyforce,2307,12210,,1928,yes,633,1641,,30,122,0,,1.5610614577941462
861,12231397,plee,872,14107,1004,1975,,,1564,yes,0,0,6,yes,1.5606968128262262
862,15431748,hidensryz,669,14560,2618,1854,,,1594,yes,0,0,1,yes,1.5599474740231103
863,10404968,akcell,827,14197,984,1978,,,1570,yes,0,0,57,yes,1.5593589787228752
864,23886866,will smith,525,15141,1835,1899,,,1621,yes,0,0,4,yes,1.5566902632536688
865,14272451,Juztan,258,16630,,2039,yes,3706,1256,,3,4,0,,1.5550524196276951
866,8226107,Chiyuu,1978,12519,1709,1907,,629,1642,,52,203,1,yes,1.5547237171469894
867,6376672,4 Fun Gaymer,861,14127,1114,1963,,,1565,yes,0,0,3,yes,1.5534536043388076
868,8250297,teffek,1291,13351,240,2140,,1494,1423,,20,53,7,yes,1.552022045263112
869,3198446,Sigmund Fraud,1625,12919,3195,1829,,573,1671,,40,146,2,yes,1.5507354111850131
870,6800152,lPogonyuto,277,16502,,2036,yes,1699,1397,,10,25,0,,1.5500612121541055
871,23613892,Foufo,1640,12905,319,2108,,1713,1396,,5,10,19,yes,1.549659525775601
872,12609022,Sdot,3531,11391,455,2059,,677,1619,,30,87,8,yes,1.5496316850873735
873,11930908,AdrianLabubu67,156,17735,962,1981,,3031,1292,,5,9,42,yes,1.5495060657660318
874,7613309,matcha,257,16645,1436,1930,,1485,1424,,24,79,1,yes,1.5482420553147578
875,19401270,ocraska,400,15731,637,2025,,2406,1333,,3,9,20,yes,1.5467728266744778
876,26190981,grog on osu,950,13946,1047,1971,,,1554,yes,0,0,2,yes,1.5463393516450978
877,11345690,velcro shoes,537,15089,1156,1959,,1032,1503,,14,46,5,yes,1.5462626576866163
878,3929529,mniminwoo,1515,13086,,1953,yes,768,1585,,24,108,0,,1.5447078305933721
879,6567297,woojungx4,356,16005,,2025,yes,1918,1375,,2,8,0,,1.5431919517239066
880,13586618,taro,633,14716,,1995,yes,1064,1497,,22,78,0,,1.5429493487655277
881,6583413,Krabbi,3207,11584,627,2026,,684,1616,,33,122,57,yes,1.5422458401020456
882,5783061,-Spartan,488,15260,1241,1950,,1073,1495,,6,23,5,yes,1.5404181558997139
883,4928776,AxewB,465,15346,1530,1922,,1095,1490,,6,26,2,yes,1.5398858483995281
884,10728620,Nyura,4761,10822,465,2056,,615,1648,,56,245,9,yes,1.5398083628535248
885,7802027,Skill,576,14944,,2000,yes,1132,1485,,32,144,0,,1.5372256645133497
886,9246648,AmaoTchoupi,1448,13159,,1955,yes,780,1579,,15,60,0,,1.5367371651335007
887,13216706,gwb,65,19671,4475,1784,,,1857,yes,0,0,18,yes,1.5358968466291378
888,10826957,escace,1107,13664,1749,1904,,584,1666,,31,100,27,yes,1.5345943802906261
889,14832855,cocos,2796,11849,539,2041,,730,1598,,6,17,15,yes,1.5338924573605013
890,4194445,reflection,2181,12329,5295,1761,,547,1683,,39,219,1,yes,1.532337890347685
891,17381728,Toji_fushiguro_,527,15131,1301,1942,,1088,1491,,6,18,3,yes,1.5304848366165995
892,4479041,Ancenthe,1914,12587,472,2054,,963,1520,,32,118,20,yes,1.5295485552099255
893,10559526,Franelcrack2468,1677,12870,487,2051,,,1490,yes,0,0,4,yes,1.5280575308604356
894,12031584,juujep,2884,11786,225,2146,,1114,1487,,43,131,9,yes,1.5278888513745572
895,9980174,sophills,579,14935,,2000,yes,1602,1408,,1,4,0,,1.5253692758681854
896,11172360,she gon pay me,1088,13700,1084,1965,,795,1571,,12,56,15,yes,1.5235874668700653
897,12970596,Gurbzy,401,15730,,2019,yes,1596,1409,,4,13,0,,1.5227854264855407
898,3517706,[ Zane ],565,14999,,2002,yes,1175,1475,,25,91,0,,1.5214021325818732
899,5220933,DualAkira,2537,12028,176,2175,,2794,1306,,2,9,22,yes,1.5201466875277556
900,9401816,Ole,1389,13228,624,2027,,985,1515,,6,24,13,yes,1.5196710952471164
901,11919554,KeikoL,823,14210,2034,1886,,,1570,yes,0,0,1,yes,1.5193156928304679
902,19756484,plastic angel,1557,13018,699,2017,,,1498,yes,0,0,12,yes,1.5170086720666198
903,12585048,SurvivorX4,1812,12718,,1942,yes,731,1597,,12,43,0,,1.513466956477781
904,20864743,ThuNguyen Grape,3969,11162,307,2114,,962,1520,,20,51,19,yes,1.5117134266522316
905,28536811,Comlol,748,14362,1281,1944,,,1581,yes,0,0,6,yes,1.510974616870484
906,6736936,ThisIsGod,1216,13467,876,1994,,,1526,yes,0,0,11,yes,1.5105773058125207
907,14534809,Evie_,713,14452,,1988,yes,1418,1433,,2,3,0,,1.5085758613990845
908,29734709,Meto,1235,13432,888,1992,,,1524,yes,0,0,200,,1.508285242941378
909,11819046,WhiteWoofWoolf,582,14915,2788,1846,,,1609,yes,0,0,2,yes,1.5076307996877578
910,15844515,Zelths,1631,12914,554,2039,,,1493,yes,0,0,4,yes,1.5053566922481978
911,11478426,Dri3x,741,14385,1415,1932,,874,1544,,23,70,5,yes,1.5050380953974165
912,20988374,tezi,3806,11251,,1898,yes,548,1683,,25,81,0,,1.5049517907767336
913,11470408,Soldat101134,2262,12251,232,2142,,1559,1414,,18,73,17,yes,1.503375184696104
914,8958322,300mm,1015,13824,1003,1975,,,1547,yes,0,0,11,yes,1.503292488866891
915,7101953,MAKCOH,860,14131,,1980,yes,995,1513,,77,282,0,,1.5025498553426404
916,7060756,winz,3958,11166,2833,1844,,473,1723,,34,116,1,yes,1.5018821841812118
917,13709281,Paracat,3004,11709,,1913,yes,616,1647,,51,200,0,,1.4999479034333927
918,26277369,Maron,3682,11314,970,1980,,559,1679,,23,89,8,yes,1.499216033547992
919,9303599,MrNobady,791,14293,,1984,yes,1052,1499,,10,36,0,,1.4975383775119688
920,4896825,My Angel Anzu,614,14804,,1997,yes,1190,1473,,11,46,0,,1.4973903679469927
921,18688473,Mayuri,1532,13068,1358,1937,,767,1585,,8,34,1,yes,1.4971017682931478
922,4663676,Wildberries,3130,11628,655,2022,,727,1599,,25,73,26,yes,1.4921817263434827
923,10502781,matteo,1928,12574,650,2023,,,1474,yes,0,0,31,yes,1.4919612740444124
924,14017762,ywd,514,15170,1586,1917,,1033,1503,,19,61,4,yes,1.4907160731167122
925,15251627,Wished for you,3332,11523,380,2087,,981,1516,,33,111,24,yes,1.4907056418950104
926,11661576,OldSecreT,668,14566,4146,1796,,,1594,yes,0,0,1,yes,1.4901428482134638
927,4859699,[ Blue ],1317,13320,1094,1964,,784,1578,,40,159,47,yes,1.4899583375038485
928,14787295,Meower,729,14405,1682,1909,,835,1555,,12,42,5,yes,1.4889122445573473
929,8147403,Knalli,2088,12422,,1934,yes,709,1605,,10,52,0,,1.4884951923269734
930,5242158,[Crz]Makii,3101,11647,707,2016,,706,1607,,38,159,14,yes,1.4869639097584668
931,14269506,nevqr,1101,13672,,1968,yes,936,1527,,2,7,0,,1.4867483756722804
932,8152145,nvwrii,21297,8082,,1780,yes,231,1922,,13,79,0,,1.484056062759544
933,8671241,rip fc,735,14390,,1987,yes,3129,1286,,1,1,0,,1.4839310710719333
934,11590631,nbss,1074,13721,996,1976,,,1540,yes,0,0,49,,1.4833297667758787
935,26030045,ustkost,5960,10426,,1871,yes,447,1741,,13,43,0,,1.4825419757423386
936,7748893,Diamux,1997,12497,190,2170,,2417,1332,,14,41,20,yes,1.480744591228086
937,28071599,stars,213,17066,590,2033,,3070,1290,,5,29,7,yes,1.4806293128328405
938,11869374,Medicals,1300,13335,787,2006,,,1519,yes,0,0,2,yes,1.4797308404624545
939,16779690,Exalon,671,14558,2346,1869,,,1593,yes,0,0,2,yes,1.479419717104716
940,15743842,ILX,441,15492,,2013,yes,1691,1398,,5,11,0,,1.4791758127843704
941,13588932,pii,866,14118,1035,1972,,1006,1511,,20,65,5,yes,1.4783551820413918
942,10906834,aquaDOR_,2705,11917,476,2053,,961,1520,,13,33,47,yes,1.477772094086304
943,15599273,LighScrap,837,14180,2558,1857,,,1568,yes,0,0,1,yes,1.4768471449669178
944,4857328,KagaSumire,1282,13364,1048,1971,,860,1547,,22,77,2,yes,1.4734328022493215
945,1285637,Shiina Noriko,4223,11038,,1891,yes,555,1680,,40,155,0,,1.4714064786621166
946,8629003,Good Boyy,519,15157,,2005,yes,3826,1251,,1,2,0,,1.4702863672070763
947,4607565,Zavarka,1595,12961,784,2006,,,1496,yes,0,0,12,,1.4681218183941223
948,11377894,-hiro,715,14449,1275,1944,,,1586,yes,0,0,27,yes,1.4665967040010104
949,14689295,Misaka Mikoto,951,13946,,1975,yes,1304,1452,,1,2,0,,1.4661272265691794
950,38662365,stm32f446re,17881,8414,122,2214,,,1222,yes,0,0,44,yes,1.465215765270792
951,8688737,macabea,4295,11002,1020,1974,,553,1681,,71,251,2,yes,1.4647511845916954
952,12226691,Saskatchewan,1580,12985,753,2011,,,1497,yes,0,0,6,yes,1.4646196280837018
953,11490085,Rail,495,15233,,2007,yes,1387,1438,,14,47,0,,1.464332235881118
954,7764237,csaba21123,1865,12655,2018,1887,,696,1611,,8,34,1,yes,1.4638773136622327
955,10567112,Alfrah,610,14821,,1997,yes,1286,1456,,11,33,0,,1.4626404179412507
956,14035338,Evernight,468,15338,718,2015,,1724,1396,,16,50,7,yes,1.461586396620412
957,16414360,autumntheninth,1292,13351,949,1984,,,1519,yes,0,0,28,yes,1.4598591999752002
958,3876402,FlySlime,474,15328,1022,1974,,1509,1421,,6,21,1,yes,1.4587359434735268
959,8682683,Stunar,547,15056,,2003,yes,3669,1258,,1,2,0,,1.4584274104081585
960,10458639,Sandron,2351,12177,,1927,yes,719,1602,,95,355,0,,1.4573564922431412
961,12145220,Nekkid,695,14510,875,1994,,1335,1448,,7,26,11,yes,1.4563728368186473
962,7172340,KiryuMiya,2193,12312,,1931,yes,738,1596,,29,111,0,,1.4559430005798262
963,7115794,Auge,850,14165,646,2024,,1355,1444,,15,41,7,yes,1.4556297738499597
964,11410238,me slow,352,16030,,2025,yes,3737,1255,,2,4,0,,1.4552260672542723
965,7503114,Sampo,4601,10882,,1886,yes,541,1684,,36,158,0,,1.45385652760217
966,3999831,_ Freedom _,2298,12216,727,2014,,824,1559,,8,30,16,yes,1.4534143004968607
967,8004317,wick,2572,12012,,1922,yes,689,1613,,28,108,0,,1.453175307187028
968,11971304,JeadIng,902,14011,415,2071,,3138,1285,,2,8,25,yes,1.4523333113814476
969,12130363,Wiggler,7889,9935,376,2088,,640,1637,,25,90,9,yes,1.4521751434576537
970,4991273,Chheng,1112,13656,1050,1970,,929,1529,,34,136,18,yes,1.4519598825386948
971,14777405,phugun9,1069,13724,,1970,yes,1352,1444,,1,1,0,,1.4516565667651686
972,9578404,roliy,619,14784,,1996,yes,1279,1456,,12,52,0,,1.4500582956195807
973,1545563,Anze,869,14113,,1980,yes,1142,1484,,4,15,0,,1.450032473145149
974,15004178,rtx,1464,13139,929,1987,,902,1535,,8,26,17,yes,1.450023596569455
975,24018272,BlaakCat,1079,13714,1064,1968,,,1540,yes,0,0,51,yes,1.4494766359031392
976,4196808,Karthy,349,16050,6287,1736,,726,1599,,14,77,5,yes,1.4483156293919355
977,12346126,iwi,567,14990,3814,1807,,,1612,yes,0,0,2,yes,1.448008217213619
978,19974935,Hadi,634,14704,,1994,yes,2072,1360,,1,3,0,,1.447955100966249
979,3706039,MetaBee,1739,12798,816,2002,,898,1536,,22,77,12,,1.446546069858045
980,18903701,Dreamz,143,17898,,2065,yes,3877,1249,,4,13,0,,1.4454255726369
981,9067591,MightyDoc,408,15700,1506,1923,,1327,1450,,1,4,36,yes,1.444491202787486
982,1548322,SoundBoomer,3016,11703,,1913,yes,653,1630,,17,79,0,,1.4433016116628556
983,16620877,Zever,795,14289,,1984,yes,1270,1459,,2,9,0,,1.4422259058975515
984,10625776,Chloe Wing Kiu,17104,8500,254,2130,,557,1680,,67,286,12,yes,1.4407298220538363
985,9524966,thebossmax,513,15173,4490,1784,,,1624,yes,0,0,2,yes,1.440162373296198
986,12437546,le pauvre bil,1248,13412,999,1976,,,1523,yes,0,0,2,yes,1.4397332925454176
987,17676662,paulthebest,611,14818,521,2043,,2334,1338,,10,25,24,yes,1.4373662156467257
988,19108592,perhap,4136,11079,909,1989,,610,1650,,40,154,13,yes,1.4372729180875765
989,4601608,Sparkxei,1584,12976,,1950,yes,845,1552,,12,43,0,,1.435917598711953
990,14945721,Raidd,539,15083,186,2172,,6382,1173,,9,17,8,yes,1.4358427037915569
991,9888266,HikkaSka,833,14182,562,2037,,1902,1377,,8,17,19,yes,1.4355211223676765
992,17958775,karta,4181,11060,428,2066,,,1387,yes,0,0,93,,1.4355051847570648
993,13858963,_Chonker,509,15180,,2006,yes,1460,1426,,11,35,0,,1.4354020807665753
994,16257749,Zero blue,749,14361,,1986,yes,1191,1473,,18,49,0,,1.4353881123051662
995,12855946,saewon,605,14836,742,2012,,1714,1396,,20,44,20,yes,1.4351123610074386
996,7680559,Areox,445,15475,,2013,yes,6524,1171,,2,2,0,,1.4341910744156325
997,16702873,distant_waves,1043,13773,,1971,yes,1049,1500,,6,17,0,,1.4319550090884126
998,10625283,Enumi,928,13977,,1976,yes,1083,1492,,17,49,0,,1.431554858794675
999,9211305,OctopuSSX,1555,13018,401,2074,,4044,1242,,1,4,72,yes,1.4303557472820059
1000,8717773,poppasanas,4593,10889,272,2123,,1275,1458,,36,136,46,yes,1.4303345471758269
1001,6788821,Dempsey,122,18335,1745,1905,,4968,1210,,4,9,1,yes,1.4302599515694954
1002,16024604,Janryc,1268,13390,1015,1974,,,1521,yes,0,0,5,yes,1.4289192246591873
1003,5306709,Never4Ever,2309,12208,640,2024,,,1454,yes,0,0,25,yes,1.4288759691566688
1004,11255340,FlatPaper,3845,11222,546,2040,,771,1583,,105,429,9,yes,1.4282496960885176
1005,8157498,Ashleysboy,2125,12380,725,2014,,,1463,yes,0,0,36,,1.4271904545358531
1006,13939418,Jayzx53,1169,13534,1315,1941,,,1531,yes,0,0,1,yes,1.4268798513766567
1007,16314022,MithiChang,1180,13513,474,2054,,1701,1397,,1,5,4,yes,1.4241225997253717
1008,6717207,cannibox,1683,12863,839,1999,,,1489,yes,0,0,11,yes,1.4239599742198594
1009,5724445,Jesse Pinkman,641,14676,2234,1876,,979,1516,,16,58,3,yes,1.4236280482244332
1010,13122754,WhiteAfrican,1405,13212,2126,1881,,672,1622,,5,25,5,yes,1.4234753336609207
1011,10890712,Tonnisdk,255,16649,848,1998,,2518,1325,,8,28,3,yes,1.4211703951650163
1012,21893727,maidkedi,1306,13330,1002,1975,,,1518,yes,0,0,18,yes,1.420998027741776
1013,14695064,Loom,1388,13228,957,1983,,,1511,yes,0,0,4,yes,1.4207851701945957
1014,6293158,ConsumerOfBean,5298,10625,,1878,yes,522,1695,,19,71,0,,1.420198916850557
1015,11477921,IRanko,3165,11609,,1910,yes,667,1624,,37,159,0,,1.4187694178774253
1016,18256895,Malgranda,896,14024,2945,1839,,,1561,yes,0,0,1,yes,1.4183064024524465
1017,17597862,Guyan,1286,13357,500,2048,,2077,1360,,1,4,8,yes,1.4180990652138825
1018,11412507,ArtoriaMyAngel,8790,9738,1989,1888,,282,1873,,51,220,42,yes,1.4171518705274195
1019,19778889,D1ddles,6445,10291,226,2145,,6664,1167,,1,1,42,,1.4166266424150653
1020,12529846,Oxvenn,686,14530,,1990,yes,2727,1311,,1,2,0,,1.416400790286024
1021,7192129,Gasha,978,13890,,1974,yes,1094,1490,,10,39,0,,1.4163539459332308
1022,15780777,big_tatik,120,18370,,2074,yes,7153,1157,,2,8,0,,1.4162053344103
1023,6411122,Willi,2429,12109,,1925,yes,739,1596,,18,55,0,,1.4151180267019308
1024,9509358,termi,551,15031,1744,1905,,1334,1449,,3,13,2,yes,1.4149383833454074
1025,17491893,litl,1182,13512,1385,1935,,,1529,yes,0,0,1,yes,1.4142662675733069
1026,28694077,Lumi Vanderoque,1481,13116,954,1983,,,1504,yes,0,0,13,yes,1.4137042297940476
1027,8350931,cynth0ni,894,14025,1322,1940,,,1561,yes,0,0,11,yes,1.4135368772229993
1028,10954912,Seviade,405,15712,790,2005,,2124,1356,,13,33,7,yes,1.4129431391248124
1029,6772064,relikOS,1272,13385,1159,1959,,,1521,yes,0,0,1,yes,1.4127248094389886
1030,16178978,Anirium,1130,13604,,1967,yes,1084,1492,,1,5,0,,1.412716798170393
1031,799218,Big Yikes,2599,11991,,1921,yes,721,1602,,17,58,0,,1.4120659075434259
1032,17649390,pupusa,343,16087,,2027,yes,2339,1338,,7,13,0,,1.4112464664055187
1033,19803457,hygeo,9020,9689,426,2067,,583,1666,,14,40,9,yes,1.4111897443133814
1034,8204345,RMEfan,4341,10981,184,2172,,1793,1387,,29,109,27,yes,1.4110923793454515
1035,17847877,Yukixo,3494,11415,844,1998,,724,1601,,50,237,17,yes,1.4106957031477991
1036,8768850,napadenie somov,677,14545,1467,1926,,,1592,yes,0,0,27,yes,1.4094772868638261
1037,11921324,ILOVEISRAEL,773,14320,2538,1858,,,1577,yes,0,0,2,yes,1.4093035451152751
1038,12616850,Miisted,4468,10934,1133,1961,,560,1679,,38,141,15,yes,1.4089414653431516
1039,6584831,-Solar-,1747,12790,792,2005,,,1485,yes,0,0,6,yes,1.4089345438755978
1040,11025519,Oguri Cap,1523,13076,1135,1961,,852,1549,,12,49,11,yes,1.4081978455647246
1041,23925029,Kyros_,335,16145,1013,1974,,2770,1308,,3,9,13,yes,1.407421910921596
1042,13437800,Kevlo,920,13986,2997,1837,,,1558,yes,0,0,1,yes,1.407013162941825
1043,14959508,Lantis,981,13885,1547,1920,,878,1543,,7,27,7,yes,1.4067286831036592
1044,2614511,Axarious,3110,11643,,1911,yes,668,1624,,10,45,0,,1.4046243966265788
1045,2367495,Hellbeak,2344,12183,555,2039,,903,1535,,28,96,4,yes,1.4027713686383012
1046,10738766,TOCTEP,1608,12946,883,1993,,,1495,yes,0,0,6,yes,1.4024807471172052
1047,11417993,Jarran,325,16203,1211,1952,,1917,1375,,8,22,10,yes,1.4022391827476655
1048,10451063,Punkysteria,7010,10146,919,1988,,506,1700,,18,91,16,yes,1.4021064181409653
1049,11692680,lolowyo,617,14794,567,2036,,2779,1307,,6,18,48,,1.4017677071572814
1050,14800198,stone_bream,6593,10250,,1865,yes,494,1710,,25,113,0,,1.4016032133366207
1051,9256803,waifaii,512,15173,,2006,yes,2748,1309,,2,4,0,,1.4012298694063268
1052,9294147,howtoplay,2578,12009,,1922,yes,741,1596,,22,65,0,,1.4000336822182686
1053,4279650,5joshi,1315,13322,,1959,yes,970,1517,,62,237,0,,1.3997867027929054
1054,14442548,Rimor,1859,12661,4949,1770,,702,1609,,49,164,1,yes,1.3991841921319272
1055,2199427,MioMilo,1447,13160,733,2013,,1166,1477,,20,71,12,yes,1.399132599707014
1056,19130169,Lemuze,2357,12175,630,2026,,,1451,yes,0,0,12,yes,1.3988434846540332
1057,7279141,stacker,1959,12537,,1937,yes,816,1562,,21,83,0,,1.397901765125015
1058,2705430,Mooha,2225,12281,3320,1824,,556,1680,,6,15,2,yes,1.3972771423208283
1059,14139392,Bazingasdead,1187,13508,918,1988,,1125,1486,,43,130,16,yes,1.396691682441952
1060,7154358,Cuckweezy,1591,12963,,1949,yes,904,1535,,34,103,0,,1.3940603983612956
1061,14953642,Ho Quang Hieu,1879,12638,490,2050,,1381,1439,,24,79,35,,1.3936211638123397
1062,6596134,Zonii,1527,13074,815,2002,,1108,1489,,16,54,16,yes,1.3933619483339732
1063,20771110,Laithy,759,14347,2229,1876,,,1579,yes,0,0,3,yes,1.392427108839648
1064,11068701,BoredBlaby,2219,12288,748,2011,,,1458,yes,0,0,25,yes,1.391777156335848
1065,19028977,moonrocks,834,14181,,1981,yes,4406,1228,,1,1,0,,1.390756268070683
1066,8655635,Homutan,290,16409,1323,1940,,2636,1317,,2,9,4,yes,1.3900416709067573
1067,14220857,cloudinn,3179,11600,292,2118,,1770,1390,,12,44,43,yes,1.3896324191111873
1068,6950431,SparxieFan315,975,13893,1137,1961,,1100,1490,,21,53,6,yes,1.389093480316383
1069,13249394,Rinyeki,3038,11688,596,2031,,,1423,yes,0,0,55,yes,1.3889711278926582
1070,18702228,BEEnard,1837,12685,867,1995,,,1480,yes,0,0,17,yes,1.388797829086116
1071,18507628,cantgeta700pp,1170,13533,566,2036,,3118,1287,,2,5,128,,1.3867948498425435
1072,13310147,Uzumaki,1835,12686,,1941,yes,857,1547,,68,196,0,,1.3860355950371268
1073,8573172,Lightedd,772,14324,857,1996,,1543,1416,,17,63,68,yes,1.385856551423232
1074,14040810,gilgamesh815,8948,9704,1971,1890,,399,1776,,49,212,2,yes,1.3842329477589639
1075,15734664,Sirboks,448,15449,799,2004,,3292,1277,,1,8,13,yes,1.3841034844288223
1076,21709356,duke,1980,12518,349,2099,,1619,1406,,12,36,10,yes,1.3833912679460754
1077,1458932,KyoouN,1293,13348,,1960,yes,1014,1509,,19,93,0,,1.3828762011027291
1078,3521482,Willy,1117,13643,419,2070,,2551,1323,,11,25,37,yes,1.3819043227483871
1079,13204938,Lolu,150,17854,1360,1936,,2333,1338,,14,51,64,,1.3802530523730023
1080,1389663,talala,1115,13650,2904,1841,,937,1527,,24,91,1,yes,1.3798538534341676
1081,11883736,towren,914,13995,680,2019,,1780,1389,,11,30,37,yes,1.3795479983189511
1082,754792,koral,1417,13197,,1956,yes,976,1516,,40,123,0,,1.3784847047602122
1083,21958501,fuzzyu,229,16952,1759,1904,,2120,1356,,3,12,8,yes,1.3764207174362226
1084,11776467,steam667,3087,11654,507,2047,,,1421,yes,0,0,12,yes,1.3754219596962045
1085,4415285,El Condor Pasa,1491,13108,639,2025,,1123,1486,,69,242,3,yes,1.3747872988974525
1086,4696315,Skyrovania,1737,12800,,1945,yes,901,1536,,41,158,0,,1.3711916324831583
1087,10979305,Recent,1204,13479,504,2047,,6407,1173,,2,3,49,yes,1.3709595170913094
1088,11011403,kirves,1766,12769,692,2018,,1510,1420,,1,4,22,yes,1.370027956184236
1089,12876216,HIBRI54,3333,11523,529,2042,,1185,1473,,1,2,49,yes,1.3689492271736148
1090,16952010,raffytaffy,1252,13408,1181,1956,,,1523,yes,0,0,11,yes,1.3674065729956426
1091,12931502,Juska,1752,12787,657,2022,,1252,1462,,7,32,17,yes,1.367060567534924
1092,15541726,RandomerZ,563,15001,,2002,yes,2789,1307,,1,4,0,,1.366479250190717
1093,9187208,-K3RIM-,819,14234,739,2012,,2289,1341,,3,10,34,yes,1.3664707360450374
1094,18983,Doomsday,4126,11084,340,2101,,1430,1432,,53,221,116,,1.3658283530950404
1095,11317547,Luccachu,1510,13091,,1953,yes,971,1517,,23,83,0,,1.3652932283971018
1096,20461077,MidC,1599,12956,,1949,yes,948,1525,,14,51,0,,1.365028045455054
1097,8655960,VizerX,1443,13169,,1955,yes,1013,1510,,1,2,0,,1.3648232168047363
1098,7374212,Dream Journey,3953,11168,,1896,yes,651,1631,,55,187,0,,1.363653827015769
1099,3219026,Rohulk,1384,13236,,1957,yes,1030,1505,,2,7,0,,1.3626240782948567
1100,8133880,_fefe,256,16648,,2039,yes,2769,1308,,10,21,0,,1.3624547207906332
1101,12063160,ren george,939,13960,,1976,yes,1678,1400,,1,3,0,,1.3616766522959305
1102,12088216,Lewis Hamilton,787,14301,,1984,yes,1645,1403,,1,6,0,,1.3594557523029098
1103,1861823,Ezius,5198,10662,1267,1946,,545,1683,,41,170,7,yes,1.3588766138605468
1104,5563397,chaotic_turtle,664,14576,683,2019,,2031,1365,,15,47,14,yes,1.3583596070003054
1105,9321674,Orkay,1654,12896,,1947,yes,949,1525,,48,169,0,,1.357620744455624
1106,13951894,steisha,11421,9266,,1829,yes,422,1761,,71,278,0,,1.356312289205931
1107,8766780,Hera_,591,14893,591,2033,,3456,1268,,2,8,7,yes,1.3549075295164643
1108,5326197,Invoker,1012,13828,,1972,yes,1187,1473,,29,104,0,,1.3548951763126098
1109,948713,Reimu-Desu,2471,12077,,1924,yes,723,1602,,2,9,0,,1.3545135078294264
1110,12632867,Neinja,245,16743,,2041,yes,2737,1310,,12,28,0,,1.3541410641089155
1111,7447249,zin,854,14142,845,1998,,1572,1413,,16,55,16,yes,1.3535934508676855
1112,20034541,Plosmo,1434,13176,1128,1962,,,1508,yes,0,0,5,yes,1.353295686569508
1113,2696838,Emilek,2697,11923,704,2016,,,1436,yes,0,0,29,yes,1.3528388928693627
1114,10145045,Juh,135,18152,1863,1897,,2977,1297,,11,26,4,yes,1.3514966549357603
1115,13597647,Referee,3971,11162,248,2132,,1432,1431,,10,43,12,yes,1.3512662000044353
1116,6341977,kasuwa,541,15073,997,1976,,3516,1265,,4,4,12,yes,1.350381498170369
1117,1837989,MrBooM,1733,12808,2125,1881,,698,1611,,19,84,7,yes,1.3502613801993197
1118,14487712,Fiftyppee,1644,12904,603,2031,,1779,1389,,1,2,4,yes,1.3499905932350398
1119,11426160,v i n i,544,15059,3279,1826,,,1617,yes,0,0,4,yes,1.3492206908516688
1120,1986262,Ventus,2280,12232,1850,1898,,692,1613,,18,74,4,yes,1.3488220873953443
1121,3046750,[SHK]oliwakami,2569,12013,318,2108,,1982,1370,,13,38,24,yes,1.348686453626437
1122,18287680,Futoi_,1328,13303,,1959,yes,1357,1443,,1,1,0,,1.3485759349415887
1123,8708697,oceanman,546,15057,2761,1847,,817,1561,,1,4,9,yes,1.3484851870053771
1124,19827029,fallenbtw,463,15357,1316,1940,,2385,1335,,1,4,23,yes,1.348122426956806
1125,7606870,lru,753,14357,2583,1856,,,1580,yes,0,0,3,yes,1.3474651749178546
1126,14315987,Babnos,2936,11759,545,2040,,,1427,yes,0,0,9,yes,1.3469484313889966
1127,11999777,shartgaming34,1029,13799,2096,1883,,,1545,yes,0,0,2,yes,1.3466219399090393
1128,1887616,Lexalia,1361,13261,548,2040,,1481,1424,,13,28,6,yes,1.3462925637724212
1129,11844371,Such,1067,13738,1742,1905,,959,1520,,9,29,4,yes,1.346234067274604
1130,33197849,Anolikaru,377,15894,2650,1852,,,1659,yes,0,0,16,yes,1.3459396059949296
1131,20963698,choklatte,1253,13407,1852,1898,,,1523,yes,0,0,1,yes,1.3433057104701511
1132,6237416,-Snowy-,1806,12729,,1943,yes,910,1533,,5,21,0,,1.3425294632351408
1133,3614356,baishanjun,756,14355,1589,1917,,1999,1368,,1,3,1,yes,1.3424696094303255
1134,6824840,rebella,469,15336,,2010,yes,2286,1341,,4,10,0,,1.3411195664351547
1135,13628898,Jacob3,1567,13007,,1950,yes,996,1513,,33,109,0,,1.3410175966605284
1136,16006274,joelcool,1588,12972,666,2021,,1820,1385,,2,4,11,yes,1.3408886856357785
1137,9571473,-TheImpossible-,2126,12380,900,1990,,,1463,yes,0,0,148,,1.3408167279033727
1138,2882231,-Gab-,936,13967,,1976,yes,1548,1415,,1,5,0,,1.3400378528310346
1139,21527894,Darthh,1511,13089,1093,1964,,,1502,yes,0,0,57,yes,1.339551765540743
1140,18150572,Mr Wang,1239,13428,414,2071,,2530,1324,,12,33,26,yes,1.3369960878867297
1141,14547194,Azertyran,599,14852,5199,1763,,,1606,yes,0,0,2,yes,1.3364830674468042
1142,9507565,N1ghtbeat,4378,10967,,1889,yes,645,1633,,67,222,0,,1.3360186014423223
1143,18504521,ncrohawk,2592,11996,192,2168,,6689,1167,,5,13,105,,1.335800977288971
1144,30160132,Comatose,876,14104,1818,1900,,1322,1451,,1,2,3,yes,1.3355611685762898
1145,20630250,Jeon Wife,5097,10704,242,2136,,1741,1393,,147,600,74,yes,1.3353795141925144
1146,9975427,Dwagon,1296,13344,809,2003,,1278,1457,,30,131,6,yes,1.334511076542618
1147,8935379,Slenderman,475,15323,,2009,yes,1786,1388,,28,84,0,,1.333904243482159
1148,20708618,NAYROK_MyMommy,2896,11780,656,2022,,,1428,yes,0,0,18,yes,1.3327412755265697
1149,6955722,mati12xxl,997,13854,786,2006,,1679,1399,,3,10,4,yes,1.3312754244378515
1150,11821902,Palodex,4838,10787,610,2030,,791,1574,,16,56,11,yes,1.3311012987890694
1151,11129041,Draxarta,9869,9536,,1839,yes,462,1729,,103,438,0,,1.32988110228151
1152,15441612,Th1,6557,10259,,1865,yes,561,1679,,54,223,0,,1.3291570741321261
1153,11053358,Garage du Lac,1564,13009,,1950,yes,1022,1508,,17,56,0,,1.3288317157632377
1154,11538636,nbob,561,15003,756,2011,,3167,1284,,2,5,1,yes,1.3287402432245357
1155,8117238,Kaibi,853,14145,1738,1905,,1016,1509,,3,7,9,yes,1.3276393402334672
1156,9184161,Wawillo,1543,13049,523,2043,,1665,1400,,39,127,21,yes,1.3273701149410655
1157,15818398,Yoo Da Hee,459,15402,5158,1764,,,1636,yes,0,0,3,yes,1.3273253481490146
1158,11703792,CYREZ,650,14632,2069,1884,,1099,1490,,1,2,8,yes,1.3271045211940304
1159,15831826,SmoothyCloud,1864,12655,986,1978,,,1478,yes,0,0,35,yes,1.3270944507686315
1160,4571123,Mighty Paws,1111,13658,804,2003,,2494,1327,,2,5,49,yes,1.32693700696719
1161,11685498,011010119,9515,9598,306,2114,,1069,1496,,60,189,89,,1.3266831278030469
1162,20534843,DONCARLITOS,953,13938,4617,1780,,,1554,yes,0,0,1,yes,1.3257563049737735
1163,16349058,Chechill,1034,13792,,1971,yes,3586,1262,,1,1,0,,1.3255599445965514
1164,10704796,Kayrem,701,14496,501,2048,,2260,1343,,10,34,5,yes,1.3247861718812608
1165,9480554,Tepi,271,16578,1489,1925,,5675,1190,,2,4,5,yes,1.3224396163826793
1166,18111541,kure,682,14538,,1990,yes,4336,1231,,1,2,0,,1.3214197091534308
1167,4316633,soik,2382,12142,1087,1965,,841,1553,,63,257,5,yes,1.3213232174030982
1168,10486062,Sunwraith,657,14600,,1992,yes,1597,1409,,9,26,0,,1.3209705403895478
1169,13480145,movement,2289,12225,864,1995,,,1455,yes,0,0,28,,1.3207851514371467
1170,15530617,Zkyler,7388,10050,384,2086,,894,1537,,8,34,19,yes,1.320669155461084
1171,4382220,wessel_osu2,3398,11480,772,2008,,868,1545,,66,210,10,yes,1.3178283591199813
1172,8601970,FishySquidMan,2479,12071,429,2066,,1702,1397,,21,64,67,,1.3176498036406552
1173,14518295,Oxxxymiron,1834,12686,2495,1860,,577,1668,,35,141,35,yes,1.31716019017323
1174,13056953,Toy0Ta,403,15725,2978,1837,,563,1678,,1,1,24,yes,1.3161081461613526
1175,8802914,-Arko,2430,12108,524,2043,,1215,1468,,52,182,10,yes,1.3159883054726733
1176,12563077,02171,1064,13741,3735,1810,,,1541,yes,0,0,1,yes,1.3159059139226656
1177,8642737,fartMONSTER5000,962,13916,907,1989,,5684,1190,,1,2,228,,1.3158489140882004
1178,21101642,My Angel Kita,961,13916,,1975,yes,1301,1453,,28,85,0,,1.3152975878649067
1179,11572692,Sun Tzu,733,14397,4033,1800,,,1583,yes,0,0,2,yes,1.31440622716169
1180,9393446,Zydan,2077,12428,,1934,yes,899,1536,,34,117,0,,1.3134048496722552
1181,4291505,TheRainHome,1767,12769,1014,1974,,,1484,yes,0,0,7,yes,1.3132681584019688
1182,14880483,robotonic,1082,13706,478,2053,,2166,1351,,13,35,10,yes,1.3131452499029632
1183,22710559,Sp1cyy,392,15784,,2020,yes,2068,1361,,37,115,0,,1.3130716498945165
1184,3048222,Wakson,1422,13192,,1956,yes,1092,1491,,10,34,0,,1.312907857920973
1185,17548061,ikuyokita,838,14177,1980,1889,,,1568,yes,0,0,6,yes,1.3120861420343615
1186,11655886,Basensorex,1042,13775,1420,1931,,,1544,yes,0,0,35,yes,1.3117277993808671
1187,10878651,QAWSEDRFTGYHUJI,840,14176,,1981,yes,2351,1337,,1,3,0,,1.311452575453198
1188,2574658,Yura Rin,5114,10699,,1880,yes,606,1654,,12,44,0,,1.3098629337466365
1189,12906097,poogx,1427,13182,,1955,yes,1436,1431,,1,1,0,,1.3091890985723953
1190,9182389,bibidibabidiboo,3079,11661,551,2039,,1133,1485,,34,133,15,yes,1.3084391906032957
1191,8509247,Aya Shameimaru,5120,10694,557,2038,,908,1533,,29,105,36,yes,1.3078999312439572
1192,22696977,sheard,1150,13571,745,2012,,5454,1196,,1,2,11,yes,1.3069880256332542
1193,6036351,M I L E S,2653,11957,528,2043,,1007,1511,,37,133,3,yes,1.3064389818067916
1194,10000899,shdewz,2467,12079,,1924,yes,842,1553,,62,183,0,,1.3048555236283752
1195,14457718,wuk,747,14366,758,2010,,2657,1316,,4,16,39,yes,1.3034820247634802
1196,5201225,ItsKevZii,1303,13333,1516,1923,,1140,1484,,4,8,1,yes,1.3026695323509363
1197,9665206,kirby mix,871,14111,,1980,yes,1855,1380,,2,5,0,,1.3026467984293124
1198,37492319,hyperliquid,5085,10708,461,2056,,,1365,yes,0,0,38,,1.3025557507061656
1199,12985528,Six Sevenek,706,14478,,1989,yes,4499,1225,,1,2,0,,1.3016559684313782
1200,12179012,Rinnu,577,14940,,2000,yes,1825,1384,,15,30,0,,1.3016366886171358
1201,29076626,octik,590,14894,1945,1891,,,1608,yes,0,0,48,yes,1.3008695988626797
1202,4185400,-Nenu-,1138,13588,439,2065,,3786,1253,,2,5,6,yes,1.3006718118753213
1203,33054184,kohlegg,1214,13471,2704,1850,,,1526,yes,0,0,1,yes,1.2998524827200524
1204,20778568,Useless Can,3035,11689,674,2020,,,1423,yes,0,0,15,yes,1.29932020501689
1205,10199538,SL1PER,341,16108,892,1992,,3771,1253,,8,16,11,yes,1.297903164891473
1206,18111064,eruhar,709,14463,2263,1874,,,1587,yes,0,0,7,yes,1.2978306687208088
1207,10243433,Inflictives,2878,11789,775,2007,,,1429,yes,0,0,33,yes,1.2972731493836331
1208,4495889,Unexpected,1160,13545,977,1979,,1389,1437,,15,43,19,yes,1.2958317128247465
1209,848961,_Kasaezic,2157,12355,981,1979,,988,1514,,12,56,8,yes,1.2948417568161883
1210,13139356,Xtal,2469,12077,276,2122,,2837,1304,,49,137,61,,1.2935733433050216
1211,8769858,Yonannas,443,15487,,2013,yes,7061,1159,,2,3,0,,1.2929762563590677
1212,24470395,qaur,5703,10500,3458,1819,,514,1697,,17,62,1,yes,1.2929343615311577
1213,17949915,dados123,1186,13508,,1964,yes,1339,1448,,2,8,0,,1.2923415439244679
1214,23077335,Liuah,3601,11357,672,2020,,,1404,yes,0,0,72,yes,1.291209981154081
1215,8645133,pedeko,2962,11736,1198,1954,,793,1571,,41,138,2,yes,1.2911153721387116
1216,17352850,Wavewy,2738,11889,433,2065,,1672,1400,,35,140,59,yes,1.2894263872557006
1217,17485776,L1ssak,966,13909,1202,1953,,1622,1406,,2,5,11,yes,1.2882993234793516
1218,11731667,KEKW_,1304,13332,,1959,yes,1201,1472,,10,30,0,,1.2871686959651853
1219,25927812,anmear,288,16450,1697,1907,,3761,1254,,1,4,16,yes,1.2868044489263377
1220,11331829,Loriax,1544,13048,,1952,yes,1104,1490,,18,62,0,,1.286511669389356
1221,9526124,Haru Urara,7332,10062,298,2116,,1230,1465,,68,268,26,yes,1.2863595384170805
1222,10224047,Emerald Ages,5788,10472,1602,1916,,551,1681,,81,319,5,yes,1.286110236453179
1223,7060243,Vell Durn,3836,11230,607,2030,,,1396,yes,0,0,30,yes,1.2859354594270818
1224,5426640,nanawo,2224,12281,,1930,yes,907,1533,,54,208,0,,1.2855437557554956
1225,11659029,Destros,1471,13129,425,2067,,4135,1239,,4,9,44,yes,1.284026249858359
1226,15995105,HowlPleb,1577,12992,413,2072,,2310,1340,,11,38,15,yes,1.2834892136570255
1227,6661913,AstroFP,1556,13018,817,2002,,1405,1435,,11,33,11,yes,1.2833311527582818
1228,7165477,Ryuzaki,598,14856,,1998,yes,1737,1394,,36,116,0,,1.2829197235956138
1229,35745799,Tenjun,1172,13529,2173,1879,,,1530,yes,0,0,2,yes,1.2801635093710726
1230,8617810,Reimedd,1975,12522,533,2042,,3720,1255,,1,2,10,yes,1.2800542670967454
1231,14252070,sybau technique,699,14500,1006,1975,,2947,1299,,1,4,1,yes,1.2798254946309866
1232,10064064,Majewski,976,13892,,1974,yes,1419,1433,,8,25,0,,1.2795664822963342
1233,15954602,Kiskai,691,14519,,1990,yes,2024,1366,,3,9,0,,1.279402243627895
1234,11023021,Luxariah,6570,10256,586,2034,,725,1601,,16,48,6,yes,1.2791564103977509
1235,19006618,connorr,1193,13493,2112,1882,,,1528,yes,0,0,2,yes,1.2778713626899871
1236,13006426,hearts,358,15996,2118,1881,,1383,1439,,5,31,28,yes,1.2776823287464112
1237,17517577,karolasd,3140,11623,759,2010,,,1419,yes,0,0,30,,1.2773845118058778
1238,17064861,Srr,1218,13466,1130,1962,,1316,1451,,5,16,3,yes,1.2768189150664924
1239,11324949,_kioshi,1357,13271,1801,1901,,890,1538,,7,19,8,yes,1.2755389519561282
1240,10709486,qw1nss,3667,11320,291,2118,,4342,1231,,3,7,135,,1.2742939831642903
1241,25306176,owoMaxx,1129,13608,1099,1964,,1329,1450,,60,191,6,yes,1.2739285043485156
1242,14361133,Spacus,363,15974,,2024,yes,4271,1234,,4,7,0,,1.2722258869487875
1243,2110845,Rlsc,1118,13639,,1967,yes,1317,1451,,23,78,0,,1.2716290914398705
1244,1429071,LolForest,1011,13829,595,2032,,1854,1380,,41,124,5,yes,1.2709475648179374
1245,13596160,gheanfoil,504,15193,2582,1856,,1440,1430,,15,41,3,yes,1.269623310888332
1246,13617153,WhiteCookies,3602,11357,,1902,yes,749,1591,,13,45,0,,1.2694602363918244
1247,12777806,Vivaru,1619,12929,,1948,yes,1098,1490,,21,57,0,,1.2692787557721676
1248,14848176,Yellow cat,665,14576,,1991,yes,3705,1256,,3,3,0,,1.268741790176119
1249,2845904,dectopia,2037,12458,,1935,yes,972,1517,,24,90,0,,1.267777535631196
1250,5992551,[Bau],1423,13189,1368,1936,,,1508,yes,0,0,8,yes,1.2676665483631484
1251,8352298,CosmicWolf,4188,11057,,1892,yes,707,1606,,21,74,0,,1.2664849691316884
1252,10227144,bogdanski,4391,10964,915,1988,,801,1569,,16,54,27,yes,1.2658016180791192
1253,21574224,Weeder,673,14554,868,1995,,2580,1321,,5,16,13,yes,1.2655010875554362
1254,23231990,Reymexia,9899,9532,1394,1934,,413,1765,,7,32,13,yes,1.2651059668434574
1255,26527329,Pisslow,4251,11021,604,2030,,,1385,yes,0,0,50,yes,1.2648833548259566
1256,11016805,- PPKM -,922,13984,537,2041,,2845,1304,,21,54,29,yes,1.264700578552473
1257,2217753,watun,1906,12597,998,1976,,,1475,yes,0,0,3,yes,1.264663337401822
1258,20089142,Kemae,1236,13432,2111,1882,,,1524,yes,0,0,2,yes,1.2643303964086352
1259,5364823,kannyaws,1435,13176,,1955,yes,1178,1474,,30,101,0,,1.2642062530325444
1260,12620773,Dercani,778,14312,4029,1800,,781,1579,,1,3,4,yes,1.2635872170944196
1261,2064831,Optimism,798,14280,,1984,yes,1910,1376,,3,9,0,,1.2630714349983134
1262,7096642,WiggleCalt,1828,12695,451,2060,,3366,1273,,2,7,24,yes,1.2629776963994679
1263,10648025,Testeron,1977,12520,746,2011,,7601,1148,,1,1,28,yes,1.2624179195424408
1264,9397144,[RyuTell],845,14168,788,2005,,2324,1339,,8,23,13,yes,1.2593635462420782
1265,7477458,Jordan The Bear,843,14170,,1981,yes,1506,1421,,63,296,0,,1.2580375438848876
1266,10745774,2391,4035,11129,466,2056,,,1391,yes,0,0,8,yes,1.2580033862086146
1267,7469192,nobully,606,14834,2413,1865,,2701,1313,,1,4,1,yes,1.2573463449075077
1268,13412012,Heatslash,1380,13240,1079,1966,,1350,1445,,3,11,6,yes,1.2570356246147538
1269,14084387,asheq8,1339,13292,369,2090,,2197,1348,,11,25,4,yes,1.2565732847823148
1270,4163860,Piggey,1494,13102,,1953,yes,1200,1472,,5,25,0,,1.2533255871359534
1271,20726353,JonusBonus,2837,11816,648,2024,,,1430,yes,0,0,5,yes,1.2528659878407984
1272,11645243,[-HONORIN-],3716,11294,730,2013,,,1400,yes,0,0,79,yes,1.2526331671914162
1273,4641332,HiyoYukino,685,14532,,1990,yes,3840,1251,,1,3,0,,1.2523480001418525
1274,5496627,Mac,549,15038,,2003,yes,2576,1321,,3,10,0,,1.2520472507009783
1275,3245028,DudsonZ,1838,12684,,1941,yes,1047,1500,,2,8,0,,1.2515117026376845
1276,9987634,carbon dioxide,1232,13437,,1962,yes,2020,1366,,1,2,0,,1.2501390758022892
1277,20263707,bob man,202,17211,1176,1957,,4465,1226,,7,19,2,yes,1.2495880464573783
1278,17880075,-Volt,2617,11980,916,1988,,,1440,yes,0,0,25,yes,1.248908042972889
1279,13857674,tenzin,1444,13167,,1955,yes,1213,1468,,23,65,0,,1.2478975221865571
1280,2303856,Wieran,680,14542,,1990,yes,1903,1377,,8,20,0,,1.2464229722879683
1281,15525103,cr4shz1,523,15146,1210,1952,,2369,1336,,5,16,11,yes,1.2454826929477272
1282,13571078,Pullout Couch,501,15202,,2006,yes,2656,1316,,4,12,0,,1.2446012296836753
1283,17411830,SIDETRACKEDDAY,1178,13514,1559,1919,,,1530,yes,0,0,15,yes,1.2445700690111665
1284,8244635,Hecatia,4648,10863,676,2020,,905,1535,,38,162,10,yes,1.2425868894935832
1285,6585939,KOCT9H,1897,12610,1608,1915,,855,1549,,65,228,21,yes,1.2423732280899036
1286,7216681,RAMTIN,324,16203,1552,1919,,2170,1351,,7,25,115,,1.2411494253828874
1287,23162589,DP285,821,14214,1225,1951,,4350,1231,,1,2,13,yes,1.2410619825574503
1288,9599681,kaenen,1479,13118,1355,1937,,,1504,yes,0,0,21,yes,1.2410279809618734
1289,12538598,Cohue,2681,11936,,1920,yes,886,1539,,17,63,0,,1.2399567549761463
1290,15085171,vandyl,881,14068,1782,1902,,,1563,yes,0,0,33,yes,1.2398250587090187
1291,7785655,Hungry Jacks,1305,13332,,1959,yes,1282,1456,,37,126,0,,1.237562156385898
1292,13063996,Nescafe Classic,7959,9918,,1853,yes,571,1671,,41,142,0,,1.2364436457300882
1293,7817539,maciek,1551,13027,,1951,yes,1194,1472,,21,89,0,,1.2361586183689024
1294,18673485,ItzZeroIce,3108,11644,805,2003,,1143,1483,,40,139,32,yes,1.2350559191318413
1295,15701343,Lightningfox,7591,10004,,1856,yes,590,1663,,40,166,0,,1.2343139388240976
1296,13798649,Ben_Kir,3270,11551,536,2041,,1479,1424,,7,26,36,yes,1.2343126498756005
1297,14828870,Cherpi,2847,11809,1070,1967,,938,1527,,11,41,22,yes,1.2342280101461522
1298,14201221,synchromic,855,14142,901,1990,,2354,1337,,5,21,24,yes,1.2341515856324266
1299,12839095,showerpiss,1693,12853,1540,1921,,,1489,yes,0,0,1,yes,1.2329904619110332
1300,19341539,Meraxei,796,14281,2443,1863,,,1574,yes,0,0,7,yes,1.232404253033951
1301,5870453,waywern2012,1893,12615,,1939,yes,1071,1495,,6,24,0,,1.231718823492661
1302,2694475,kyle,1550,13027,1466,1926,,1017,1509,,33,125,35,yes,1.2315671866176283
1303,3595282,Jyuifty,681,14539,,1990,yes,1835,1383,,16,42,0,,1.2307755153594142
1304,9921139,floccina,3852,11218,6690,1727,,630,1642,,35,108,1,yes,1.2303214647590948
1305,16485572,IternaI,1310,13327,1446,1928,,,1518,yes,0,0,49,,1.2285089575479011
1306,15135237,xvy,449,15447,3746,1809,,,1639,yes,0,0,8,yes,1.2261934784525108
1307,8382196,kodama,559,15010,,2002,yes,2219,1346,,6,25,0,,1.2253493305520278
1308,9633734,Mihato Kano,972,13901,,1974,yes,3616,1261,,1,2,0,,1.2238095365536892
1309,17673584,Skillertvv,300,16382,1495,1924,,4070,1241,,3,7,26,,1.2232526717931553
1310,8291141,egaSyeliR,1177,13516,,1964,yes,1629,1405,,3,6,0,,1.2232276659654877
1311,6282195,Aether Realm,1641,12905,1822,1900,,,1492,yes,0,0,1,yes,1.2203964643819614
1312,18323396,golem de caca,481,15287,2190,1878,,1517,1420,,19,60,8,yes,1.2179317068516917
1313,12352050,aurora on osu,1085,13704,440,2064,,4866,1213,,8,21,64,yes,1.2179131190123542
1314,9316213,NovatoKing,1020,13815,,1972,yes,1563,1413,,9,27,0,,1.2170104525420746
1315,14188713,TIPICOSCHEIN,1100,13672,2293,1872,,,1538,yes,0,0,4,yes,1.2146926831349174
1316,15630936,chantarazu,2694,11926,322,2107,,7505,1150,,1,6,51,yes,1.2145366979811372
1317,14473721,mustifafifax,2499,12055,,1923,yes,921,1531,,4,14,0,,1.2142909726311977
1318,32029785,Don t forget me,1246,13416,2556,1857,,,1523,yes,0,0,2,yes,1.2130312007481312
1319,2553519,Camberos,490,15259,1044,1971,,2618,1318,,16,51,8,yes,1.2121766089731971
1320,4675441,mahjong,4189,11057,1120,1962,,805,1567,,48,205,18,yes,1.2121475197927274
1321,29182741,_Fabulous_,846,14167,2066,1884,,,1567,yes,0,0,17,yes,1.2114619044206287
1322,4587526,GalaxyGaming,1824,12700,358,2096,,8289,1135,,2,7,35,yes,1.2113305735363358
1323,4734244,Informous,1478,13120,,1954,yes,1468,1425,,2,4,0,,1.210910434087629
1324,3696423,Flezlin,2051,12449,,1935,yes,1066,1496,,27,99,0,,1.2108972772154443
1325,33627259,WestJR_Rin,2413,12120,1039,1971,,,1449,yes,0,0,34,yes,1.2103894237358213
1326,12816196,Ruby_xy,1332,13300,2004,1888,,,1516,yes,0,0,3,yes,1.2095395821166217
1327,31406901,3uma,1719,12818,,1945,yes,1181,1474,,26,94,0,,1.208479011880208
1328,19882119,BloxyYogurt,1778,12761,1549,1920,,,1483,yes,0,0,1,yes,1.2082335244405837
1329,10601725,Senzek,2649,11958,987,1978,,,1438,yes,0,0,28,yes,1.2079197527602576
1330,5207790,CSTVN,8993,9694,571,2036,,759,1588,,16,55,10,yes,1.207760342742695
1331,21627415,hotbread,8857,9726,,1846,yes,568,1673,,37,172,0,,1.2070427334301135
1332,10953457,larper2,3178,11601,800,2004,,,1418,yes,0,0,11,yes,1.2070002452618838
1333,8123308,FeeDyy,3559,11380,,1902,yes,810,1565,,11,47,0,,1.2069912250203239
1334,13820821,Jmeeeh,1196,13489,1567,1918,,,1528,yes,0,0,101,yes,1.2054737908888058
1335,7443498,RRR Winner,1233,13436,1663,1910,,,1525,yes,0,0,13,yes,1.2041033043806373
1336,14662944,Berinjela Chan,1016,13819,1388,1934,,1771,1390,,1,4,75,yes,1.203791552901274
1337,15660357,mats on osu,1220,13465,3966,1802,,861,1547,,14,49,4,yes,1.2035444101272252
1338,16617297,BiggestAknzxFan,878,14097,552,2039,,4418,1228,,6,12,13,yes,1.202650640218173
1339,8222366,leny,1059,13748,967,1981,,1833,1383,,3,11,1,yes,1.2023403578973788
1340,18472391,Gulerod,873,14106,3595,1815,,,1564,yes,0,0,3,yes,1.2021526621918694
1341,5391728,Inverse,2852,11807,877,1994,,,1430,yes,0,0,9,yes,1.201745361451114
1342,10463344,Marjus,769,14330,,1985,yes,1806,1386,,21,61,0,,1.2016930093485176
1343,16212569,wamu,1136,13593,1797,1901,,,1534,yes,0,0,12,yes,1.2013159270876381
1344,9091312,sztywny,1073,13723,2017,1887,,1269,1459,,36,130,3,yes,1.200734506252262
1345,1184175,Reira,883,14061,,1978,yes,2274,1342,,2,6,0,,1.2002788502660406
1346,8558031,dejiz,836,14181,,1981,yes,1898,1377,,5,18,0,,1.1995488250141397
1347,8441074,Lunacy_,666,14572,,1991,yes,2341,1338,,4,12,0,,1.1987805186470148
1348,12209670,konfi,935,13967,1561,1919,,1621,1406,,3,5,14,yes,1.198234230856774
1349,16522589,lamenting alice,6390,10304,908,1989,,775,1581,,26,88,15,yes,1.1973877774390123
1350,5449433,Ui chan,3379,11490,576,2035,,1448,1428,,18,58,26,yes,1.1973692960656241
1351,5155680,VilaZ,942,13952,3791,1807,,691,1613,,25,86,36,yes,1.196132046134071
1352,2454767,adyoz,1054,13755,,1971,yes,1581,1411,,9,33,0,,1.1958000491807015
1353,11610643,KAAAL,8275,9848,430,2066,,,1309,yes,0,0,62,yes,1.1952247188953578
1354,6405477,luis10barbo,3604,11356,751,2011,,1116,1487,,11,42,11,yes,1.195212931560616
1355,11275181,Mangekyoo,1375,13245,988,1978,,4604,1222,,1,2,22,yes,1.1947706607044999
1356,6195814,oni,857,14136,,1980,yes,1815,1385,,9,27,0,,1.1947117621467507
1357,7338010,nyrino,3124,11633,1278,1944,,869,1545,,27,102,10,yes,1.1945558457176793
1358,2922853,suffix,1623,12920,,1948,yes,1243,1463,,22,103,0,,1.193955355390051
1359,7640581,Teirin,4076,11104,,1894,yes,796,1571,,109,383,0,,1.193521894664779
1360,4739655,Dario,2164,12347,764,2009,,1575,1412,,28,76,22,yes,1.1928186599811506
1361,1818279,NeruNeru,1247,13413,1585,1917,,1293,1455,,5,18,5,yes,1.1917952234741718
1362,3417469,Spork Lover,2813,11834,2722,1849,,830,1557,,13,52,1,yes,1.1915431162053456
1363,1603923,Delis,3247,11561,,1908,yes,876,1543,,23,99,0,,1.1915234001094368
1364,4796794,Vento,1313,13323,,1959,yes,1388,1437,,15,71,0,,1.1896683246146522
1365,5106613,Ronk,829,14192,,1982,yes,2145,1353,,4,10,0,,1.189398192098247
1366,10778848,cheeeeto,1364,13257,231,2142,,8052,1139,,14,35,29,yes,1.18871474850663
1367,13193663,Shadeow,444,15478,2946,1839,,3081,1289,,4,8,1,yes,1.1883350903405325
1368,11584669,marzey,313,16302,,2032,yes,6660,1167,,3,7,0,,1.188236378965185
1369,8861593,Venpris,2402,12128,,1925,yes,1025,1506,,84,246,0,,1.1873512586323263
1370,15537476,k4rnu1,330,16181,1386,1935,,4462,1226,,3,11,1,yes,1.1856609045019035
1371,17539094,Musa-,5545,10548,1616,1915,,536,1688,,3,13,6,yes,1.1853260074220024
1372,10322186,Sheldon C,2028,12467,,1935,yes,1127,1485,,33,127,0,,1.1850084089256212
1373,8267599,hinder,593,14884,1727,1906,,2790,1307,,4,7,2,yes,1.1844061943478799
1374,10557561,twink,1119,13638,2449,1863,,,1536,yes,0,0,4,yes,1.1842208237247656
1375,18619681,fishyes,940,13955,747,2011,,3146,1285,,8,22,26,yes,1.1840422136033784
1376,3115283,Freak Fantome,1710,12835,985,1978,,1534,1417,,35,135,49,yes,1.1830568298913335
1377,7417094,James-,2403,12128,,1925,yes,1015,1509,,9,21,0,,1.1830127363323246
1378,29365787,GotOverIt777,2070,12437,1221,1951,,,1466,yes,0,0,24,yes,1.1823443137670875
1379,15213139,pekomama1,1416,13199,1955,1891,,1170,1477,,46,134,3,yes,1.18172296282631
1380,7249261,Taldux,5834,10457,,1872,yes,701,1609,,100,392,0,,1.1805487871807159
1381,6046526,IcyBoat,1179,13514,,1964,yes,2329,1339,,1,3,0,,1.1805206307590907
1382,9501845,kirei_,4657,10859,,1886,yes,700,1609,,6,17,0,,1.1780317432643501
1383,17912384,- gerrard -,2456,12087,1083,1965,,,1447,yes,0,0,24,yes,1.1770603477941055
1384,11353707,HomingLesi,3917,11186,770,2008,,1155,1479,,3,13,21,yes,1.1763872848926866
1385,11526714,william burgers,5851,10453,506,2047,,1089,1491,,52,212,13,yes,1.1763201350706232
1386,5585377,Chibi Maruko,3346,11512,2921,1840,,800,1570,,28,90,1,yes,1.174625985830939
1387,7341081,Tikkanen,510,15174,1526,1922,,2660,1316,,5,12,6,yes,1.1743706979007917
1388,7246165,Kageno,956,13930,,1975,yes,1677,1400,,23,101,0,,1.1737860590827882
1389,15676983,Uma Rice Shower,1831,12688,304,2115,,5310,1200,,19,52,54,yes,1.1731766900718101
1390,11048151,apisedo,1583,12978,,1950,yes,1320,1451,,28,75,0,,1.1730007529816242
1391,12049234,Spase,1324,13308,4641,1779,,,1517,yes,0,0,1,yes,1.1728227711888906
1392,16775763,northsign,1662,12886,,1947,yes,1290,1455,,14,48,0,,1.1724873105255655
1393,11695342,JoseSucks,4632,10868,509,2047,,,1375,yes,0,0,8,yes,1.172368480261928
1394,14491673,avascik,3558,11380,360,2096,,4257,1234,,1,4,14,yes,1.172147561544368
1395,14162213,luxeray,612,14816,4188,1794,,,1604,yes,0,0,5,yes,1.171300373748068
1396,10970649,Drowzy-,1255,13405,,1961,yes,1735,1394,,2,7,0,,1.1708701752530206
1397,14661718,Stinkster,1970,12524,,1937,yes,1172,1477,,14,45,0,,1.1708470867591751
1398,14758501,jellium,5241,10646,,1879,yes,743,1593,,53,200,0,,1.1701575363117505
1399,14060103,NASRALUS,2480,12070,568,2036,,3024,1293,,5,6,36,yes,1.16983709784513
1400,9797230,Gameroft,440,15494,,2013,yes,3193,1283,,8,17,0,,1.1693451567718514
1401,36619522,gummyyyworm,2334,12191,1076,1967,,,1453,yes,0,0,5,yes,1.1691718546823233
1402,9895270,Approach Rate,1164,13540,1287,1943,,1529,1418,,24,70,3,yes,1.1672575087410773
1403,5783315,Carbone,811,14250,1324,1940,,2025,1365,,6,21,2,yes,1.1669164203594375
1404,11267857,Jimarrah,1930,12574,5696,1750,,755,1589,,71,311,3,yes,1.1665287773347666
1405,15771173,puffonxe,1018,13816,1256,1947,,1707,1397,,16,53,18,yes,1.1662812432000282
1406,11804019,Christiaaan,1116,13648,1953,1891,,1311,1451,,27,111,4,yes,1.1661478440820288
1407,20270243,Lorax,1360,13263,2703,1850,,,1514,yes,0,0,2,yes,1.1656476128590194
1408,22414780,Raiwww,1808,12726,,1943,yes,1277,1457,,3,11,0,,1.1654109644132231
1409,3526708,Zabijaka,2162,12350,660,2021,,2754,1309,,1,7,37,yes,1.1654000234388007
1410,15019357,arda,2100,12416,1476,1926,,1039,1501,,4,16,5,yes,1.1653235757497256
1411,15760163,Falnt,1786,12752,,1943,yes,1262,1460,,18,44,0,,1.1646390980877057
1412,3638962,-Tynamo,4810,10804,873,1994,,957,1522,,46,185,14,yes,1.1631984716956192
1413,12959435,Eowish,4387,10964,698,2017,,,1381,yes,0,0,19,yes,1.162943219745039
1414,1981187,Santeri,4813,10802,296,2116,,3063,1290,,10,26,98,yes,1.1621999036511068
1415,20761790,YellowMonkey54,903,14011,,1977,yes,3030,1292,,2,4,0,,1.1614076041044337
1416,20589414,xishen,4974,10744,273,2123,,2047,1363,,16,50,14,yes,1.1604472045733991
1417,1266166,Dsan,2386,12135,,1926,yes,1063,1497,,7,42,0,,1.1600999221369888
1418,11466630,xoxyl,898,14020,2736,1848,,,1560,yes,0,0,6,yes,1.1599562474555956
1419,7629976,asta is cute,1659,12891,826,2001,,1906,1376,,8,25,10,yes,1.1599048838169945
1420,19364028,Stormur,2645,11961,450,2060,,2291,1341,,30,82,30,yes,1.1594744093387923
1421,7133185,ABERON,1689,12857,1457,1927,,,1489,yes,0,0,27,yes,1.1572366920214041
1422,11671398,The Roundtable,1027,13802,1529,1922,,1660,1401,,6,25,2,yes,1.1570840217549925
1423,3437592,CircleClick,1519,13082,2382,1867,,,1501,yes,0,0,2,yes,1.157067625395483
1424,14054383,Bingo6,6191,10364,392,2084,,,1342,yes,0,0,7,yes,1.1570438014057505
1425,4520477,egemenbsrms,3213,11580,,1909,yes,911,1533,,10,42,0,,1.1568384207680447
1426,18302480,MountViper,4291,11006,810,2002,,,1384,yes,0,0,86,,1.156815229261026
1427,3621226,-Kamy,1480,13117,1300,1942,,1385,1439,,37,108,4,yes,1.1566042889292945
1428,21344890,Kafelek123,2856,11804,780,2007,,,1430,yes,0,0,3,yes,1.1563434693399999
1429,5189431,Hardstuck 2,2147,12360,,1932,yes,1150,1481,,10,33,0,,1.1555748923270837
1430,11356031,vlad0808,3850,11220,871,1994,,,1396,yes,0,0,56,yes,1.1554182446503842
1431,16011130,nayshi,1931,12572,2699,1850,,656,1629,,1,6,8,yes,1.1553976112853321
1432,11895642,Zooble,1496,13102,,1953,yes,1398,1436,,17,56,0,,1.155168218638893
1433,4755314,FlashoFoSho,1302,13333,,1959,yes,1464,1426,,57,220,0,,1.1549964681682119
1434,2050872,Twisted_Chimera,5240,10647,365,2091,,2151,1352,,14,53,108,yes,1.1547283384632065
1435,2317789,Diaostrophism,2485,12067,886,1993,,1218,1467,,52,205,3,yes,1.1537662585562876
1436,10651184,MINHOCA LOKA,53,20025,4108,1797,,5608,1192,,5,12,7,yes,1.152040680138262
1437,10509043,P r a h,4201,11050,,1892,yes,823,1559,,69,229,0,,1.151579204087257
1438,8170186,TWOJA STARA,1453,13152,2612,1854,,1054,1499,,31,111,4,yes,1.1513679134655241
1439,16194997,timmoltommol,9028,9688,301,2116,,,1300,yes,0,0,9,yes,1.1510764042988113
1440,13783044,Gulbang,503,15196,1451,1928,,2659,1316,,8,20,7,yes,1.1509970440473145
1441,3574151,Orbi988,2117,12391,,1933,yes,1165,1477,,7,23,0,,1.1506380335746766
1442,10345787,obkatiekat,720,14425,1883,1895,,1480,1424,,16,43,18,yes,1.1504965911139975
1443,23205272,scug,1876,12643,1452,1928,,,1477,yes,0,0,5,yes,1.150397592273923
1444,12045254,XenoPenguino,2048,12450,1162,1958,,1308,1452,,11,26,15,yes,1.1501616024070167
1445,9323312,miageto,8018,9905,,1853,yes,641,1636,,70,292,0,,1.1497967264586593
1446,7449949,Vivlos,2900,11776,,1915,yes,993,1514,,41,134,0,,1.149766701746473
1447,9849117,Endorika,3741,11282,914,1988,,,1399,yes,0,0,101,yes,1.1486428805913738
1448,17125008,FARTPOO,2259,12252,1223,1951,,,1456,yes,0,0,16,yes,1.1484212949043335
1449,4388347,striFE36,4321,10989,956,1983,,939,1527,,23,66,7,yes,1.1477095060573377
1450,12571145,120-cell,564,15000,,2002,yes,2515,1325,,7,40,0,,1.1471634030719697
1451,4548264,Ayla,1096,13680,,1969,yes,1692,1398,,11,40,0,,1.1470647348337801
1452,8274648,Alarielle,1802,12736,849,1998,,1508,1421,,23,90,3,yes,1.1466843554100485
1453,6338477,yutro,2822,11826,489,2050,,2194,1348,,15,56,37,yes,1.1452812117382445
1454,10997601,peter-kun,1242,13427,,1962,yes,3238,1280,,1,2,0,,1.143503613748036
1455,8260206,Ryuukan Ameri,4417,10953,1054,1970,,888,1538,,23,72,8,yes,1.1434958160916493
1456,12128174,Fop,1103,13669,2577,1856,,,1537,yes,0,0,5,yes,1.1432361716699175
1457,11740168,yeahbennou,1413,13204,1830,1899,,,1509,yes,0,0,9,yes,1.1427359806273993
1458,147515,Rucker,4791,10808,4092,1798,,681,1616,,18,76,1,yes,1.1423580598700447
1459,29475952,SirYourPizza,4566,10900,,1887,yes,688,1614,,2,9,0,,1.1419627481408394
1460,8749563,sliderbreak234,892,14028,,1978,yes,3249,1279,,2,4,0,,1.1418644721422821
1461,2571893,sharpnel,1732,12808,1943,1892,,,1486,yes,0,0,2,yes,1.141835240083119
1462,19776980,Willy William,342,16102,4478,1784,,,1670,yes,0,0,14,yes,1.1406815582815077
1463,7673411,cove,1646,12901,1504,1923,,,1492,yes,0,0,98,,1.1390574982139843
1464,10371365,falu,2346,12181,814,2002,,2839,1304,,1,3,19,yes,1.138593344708809
1465,20840121,francisqueso,1630,12914,2396,1866,,955,1523,,24,87,9,yes,1.1384072816599948
1466,8688804,-Hideki-,1299,13337,,1959,yes,1588,1410,,9,24,0,,1.1376261164967048
1467,3674590,septembre-02,3322,11529,3298,1825,,662,1626,,71,263,6,yes,1.1373757829747604
1468,5470299,-TwiHD,5983,10418,534,2042,,1085,1492,,63,247,9,yes,1.136716490901657
1469,17663666,flyond,4128,11082,,1893,yes,837,1554,,26,90,0,,1.136684953415008
1470,29147986,totiruocco0,3103,11646,937,1986,,,1420,yes,0,0,8,yes,1.136416389707099
1471,12172227,Sakupen Circles,2196,12306,1009,1974,,2418,1332,,1,2,32,,1.1361793835382576
1472,10998824,Twi Telescopium,2682,11936,1074,1967,,,1437,yes,0,0,9,yes,1.1361690735238
1473,6905038,konpekora1,831,14190,1707,1907,,5027,1209,,2,2,3,yes,1.1358298035411947
1474,14936897,-Hiikari-,1397,13218,5098,1766,,,1510,yes,0,0,1,yes,1.134455623350434
1475,9149213,Tikef,4021,11134,,1895,yes,844,1552,,17,65,0,,1.1343842479056623
1476,7467327,Alue,995,13863,1140,1961,,1975,1371,,14,47,3,yes,1.1338308583306673
1477,8715276,MiguisXD,2151,12359,515,2045,,2175,1350,,17,41,10,yes,1.1335346413470373
1478,13375030,HeIIoBro,1561,13013,3818,1807,,,1498,yes,0,0,1,yes,1.1335119260065878
1479,13689626,Tempest lol,1761,12775,1463,1926,,,1484,yes,0,0,77,,1.1332304678603533
1480,18323282,Goobie,740,14387,3277,1826,,,1582,yes,0,0,7,yes,1.1329572699010129
1481,30515363,AlexusChristus,1466,13134,836,2000,,5309,1200,,2,3,9,yes,1.1322161337770245
1482,5154946,Bernkastel,2152,12359,,1932,yes,1197,1472,,62,212,0,,1.132028734081507
1483,11113067,Tofy,450,15443,,2012,yes,2799,1306,,25,84,0,,1.1316499963625146
1484,15910288,hubbawubba,1431,13176,1715,1906,,,1508,yes,0,0,21,yes,1.1313682286203648
1485,14223286,sakura no uta,1486,13113,4493,1784,,,1504,yes,0,0,1,yes,1.130387266477503
1486,11285958,Biroche,1546,13042,651,2023,,3099,1288,,4,19,24,yes,1.1302448891656598
1487,11811792,Sorae,466,15343,2521,1859,,3011,1294,,6,14,1,yes,1.129342732628022
1488,20315228,elituqinn,674,14553,2603,1854,,,1593,yes,0,0,26,yes,1.1292896574996123
1489,11410595,Niali,521,15151,2651,1852,,4715,1218,,1,1,13,yes,1.128596440467568
1490,25417051,-hayni,700,14497,,1989,yes,4698,1219,,1,4,0,,1.1281494742014362
1491,3737401,neuro,9585,9584,,1841,yes,600,1659,,23,89,0,,1.1277141452521602
1492,10518369,Fyuni,5593,10532,564,2037,,,1354,yes,0,0,14,yes,1.1276416602002985
1493,10119845,cute boyfailure,1386,13232,1056,1970,,4071,1241,,1,2,3,yes,1.1275260254178525
1494,14709263,manosaba,1691,12856,,1946,yes,1377,1440,,15,48,0,,1.1271847391049266
1495,6313643,semaphore,3547,11387,573,2036,,1648,1402,,3,7,9,yes,1.127048636774271
1496,3512112,callmebatya,2838,11816,579,2034,,3921,1247,,2,5,145,yes,1.1264556385185167
1497,5713535,aiyzun,1547,13039,,1951,yes,1738,1394,,1,5,0,,1.125294308817696
1498,4550695,Ukase,1038,13778,,1971,yes,1877,1378,,10,26,0,,1.1250987240778203
1499,5798349,Jageko,763,14338,2207,1877,,1577,1412,,32,91,5,yes,1.124777833738288
1500,17552959,bonekeyl,1275,13379,,1961,yes,2264,1343,,2,4,0,,1.1241768745024299
1501,30074705,Bbriant,2728,11898,,1918,yes,1057,1498,,12,51,0,,1.1240284886617116
1502,8848902,cycle hit,3966,11163,777,2007,,,1393,yes,0,0,10,yes,1.1231248129026468
1503,9836316,-Danon,1445,13166,2249,1875,,,1507,yes,0,0,4,yes,1.122624689675767
1504,6235225,launch_,656,14601,1543,1920,,2944,1299,,4,6,20,yes,1.122202607772477
1505,10869615,Osage-chan,2819,11830,289,2119,,3482,1267,,36,92,18,yes,1.1205558967007905
1506,3893420,trevrasher,2548,12023,,1922,yes,1113,1488,,30,108,0,,1.1203958340836795
1507,13238121,Vo Hieu Grape,5078,10710,930,1987,,968,1518,,24,91,12,yes,1.1203721332346062
1508,19504729,Kevin Hart,1917,12584,,1939,yes,1431,1431,,2,3,0,,1.1203014965510847
1509,6625422,sho,2544,12025,1207,1952,,,1443,yes,0,0,49,yes,1.1202962266918672
1510,6703655,PandaCattle,1843,12681,,1941,yes,2178,1350,,1,1,0,,1.1186604722795326
1511,25950535,Mrkotikgg,3313,11534,459,2058,,1560,1414,,8,29,5,yes,1.1180197293001644
1512,9830628,gusniki,1351,13281,1337,1939,,1612,1407,,10,28,1,yes,1.118012115932646
1513,20285591,rlsc1109,2116,12391,1381,1935,,,1464,yes,0,0,6,yes,1.1179583618211617
1514,6765641,heikneuter,852,14152,,1981,yes,2113,1357,,9,32,0,,1.117694036879114
1515,16370707,irohari,1581,12984,,1950,yes,2317,1339,,1,2,0,,1.1162418907895537
1516,9516156,Xelvion,1086,13703,,1969,yes,5068,1207,,2,2,0,,1.116231654202398
1517,6974470,PemiX,2377,12148,,1926,yes,1157,1479,,13,53,0,,1.115986076884922
1518,16912047,navalo,1288,13355,1643,1912,,1750,1393,,1,3,10,yes,1.115474657681714
1519,14264961,iisobeyan,1084,13704,,1969,yes,1886,1378,,12,24,0,,1.115411333834746
1520,18047920,Froinks,794,14289,4309,1790,,,1574,yes,0,0,4,yes,1.1147656060021691
1521,5645667,YaMaDarknesss,803,14273,,1984,yes,2094,1358,,22,88,0,,1.1134116891985055
1522,2946504,Latale,2350,12180,513,2046,,1911,1376,,12,26,5,yes,1.1132314209857566
1523,9920144,Chrona 4G,1076,13716,,1970,yes,1848,1381,,15,36,0,,1.1123706216991742
1524,16197865,Supernye,4890,10771,,1883,yes,813,1563,,70,273,0,,1.1117677922477291
1525,24708254,sh_TORTIK,3412,11467,989,1978,,,1410,yes,0,0,19,yes,1.110659020399341
1526,6213643,astonish,1425,13187,3164,1830,,,1508,yes,0,0,2,yes,1.1102011142001864
1527,16691293,Rushio,908,14005,1177,1957,,2323,1339,,5,15,1,yes,1.1093508260824034
1528,11790672,zados,1139,13586,,1966,yes,2745,1309,,1,4,0,,1.1083748115466945
1529,1715441,Veth,1946,12555,,1938,yes,1321,1451,,17,58,0,,1.1080516674937364
1530,26827897,endfighter555,2595,11992,1172,1957,,,1441,yes,0,0,7,yes,1.1076633433960588
1531,22882379,Mita,1428,13179,5624,1752,,,1508,yes,0,0,1,yes,1.1074589189652568
1532,13925698,ILBOSSDELPOPPIN,4522,10915,,1887,yes,843,1552,,61,221,0,,1.1072091273582763
1533,21164746,IVIrBlaze,1162,13542,1407,1932,,2205,1347,,1,5,46,yes,1.1063434707281685
1534,35331553,parkrat,2830,11820,1150,1959,,,1431,yes,0,0,23,yes,1.1061750167842006
1535,16772736,Divava,1866,12654,912,1989,,1829,1384,,2,8,3,yes,1.1054972126241895
1536,10499827,Oosha,5973,10421,,1871,yes,753,1590,,14,73,0,,1.1054465756783218
1537,34226059,aguacateh_,3788,11259,961,1981,,,1398,yes,0,0,45,yes,1.105371168150961
1538,2242883,inya,3282,11545,367,2090,,4039,1242,,4,17,46,,1.104473407434959
1539,25479104,Big Jeon,2686,11932,,1919,yes,1112,1488,,22,63,0,,1.1043146923526725
1540,12264918,El Milanga,1256,13405,947,1985,,2167,1351,,9,31,5,yes,1.1029379445593714
1541,18539503,Doyatify,2620,11978,1129,1962,,,1439,yes,0,0,4,yes,1.102218429837039
1542,10926707,PotjeNutella,9918,9528,339,2102,,1232,1464,,32,133,11,yes,1.1003307202159738
1543,9256771,gilraen,646,14647,2643,1853,,2224,1346,,13,29,1,yes,1.100247534538623
1544,3993236,Zuness,5199,10662,681,2019,,1343,1448,,3,11,30,yes,1.0995571043909123
1545,32504969,pixiv Player,1473,13123,2555,1857,,,1505,yes,0,0,3,yes,1.099441642390277
1546,11120124,Xqeer,453,15427,841,1999,,5692,1190,,4,9,1,yes,1.09920823075608
1547,13865782,ishtar24,1941,12562,1113,1963,,2391,1334,,2,2,5,yes,1.0980571762181464
1548,13094694,Neirami,2253,12258,1354,1937,,,1456,yes,0,0,26,yes,1.0973899486348204
1549,18357552,Nuni,776,14316,522,2043,,6536,1170,,10,24,21,yes,1.0973019810067635
1550,18649076,AWhitePhoenix,5962,10426,512,2046,,1156,1479,,12,58,7,yes,1.0969130091555317
1551,26399562,DEVOROBOSTAXD,1143,13580,4700,1777,,,1533,yes,0,0,2,yes,1.0965303390251675
1552,12139352,NeoPixel201,5758,10481,,1873,yes,787,1576,,94,296,0,,1.0951450477898304
1553,7863082,piklopedia,2316,12203,,1928,yes,1217,1467,,8,22,0,,1.0932862037039677
1554,13686468,Dr Skill Issue,4975,10744,,1882,yes,819,1561,,23,88,0,,1.0923714514541552
1555,14289060,Warinn,1181,13513,,1964,yes,1960,1371,,5,15,0,,1.0916185078017768
1556,2702043,hinami-chi,11048,9327,,1831,yes,580,1667,,21,77,0,,1.091459942584026
1557,9809910,Firo_SF,2202,12301,1414,1932,,,1459,yes,0,0,6,yes,1.0908500696436745
1558,3673083,Felrion,2095,12418,,1934,yes,1302,1453,,23,96,0,,1.0907238927833354
1559,9870985,ToyBreak,6631,10241,1486,1925,,711,1604,,34,123,8,yes,1.0893545461446363
1560,11315329,tsunyoku,1037,13784,2257,1874,,,1544,yes,0,0,30,yes,1.0892901271372404
1561,12958376,AHTOXA,307,16340,,2032,yes,4529,1224,,12,28,0,,1.0883912813292091
1562,21338717,Yesew,2120,12389,,1933,yes,1312,1451,,6,16,0,,1.0883856306950919
1563,10098758,fiqa,1566,13008,2269,1874,,,1498,yes,0,0,4,yes,1.0879489782692549
1564,10596572,Omeguii,1058,13749,,1970,yes,1923,1375,,26,75,0,,1.0871099391433938
1565,34967662,insane,1705,12840,3872,1805,,,1488,yes,0,0,1,yes,1.0870721341013978
1566,6236248,witchi,1387,13228,,1956,yes,3432,1270,,1,2,0,,1.086759339559634
1567,15731161,Aqrilla,2474,12075,1285,1943,,,1446,yes,0,0,14,yes,1.0861585131691314
1568,10204748,xapgoc,2527,12033,436,2065,,2465,1329,,53,180,11,yes,1.0834411583669918
1569,13132990,Whitekiezi,1721,12818,,1945,yes,3659,1258,,1,1,0,,1.08248993872456
1570,4497691,Fangzy,1563,13009,,1951,yes,1546,1416,,27,103,0,,1.0823619755225546
1571,4641477,aaront,7078,10132,599,2031,,1164,1477,,19,66,17,yes,1.0822404619922408
1572,10399339,Latina,2348,12181,633,2026,,2555,1323,,1,4,4,yes,1.0816197022823302
1573,8170022,My Angel Cossin,9297,9636,284,2121,,1669,1400,,73,229,17,yes,1.0811151916305177
1574,8914317,bahandilover667,2288,12226,1584,1917,,1162,1478,,6,23,5,yes,1.0804225311101368
1575,13105816,- torito,1604,12948,870,1995,,4137,1239,,1,3,4,yes,1.0802918366223428
1576,15726597,Shade-ette,3298,11540,1042,1971,,,1413,yes,0,0,11,yes,1.079390169188228
1577,10964155,Nsn,1671,12873,,1947,yes,1626,1405,,3,10,0,,1.079108295668926
1578,7402486,Noobnari,2244,12264,1427,1931,,,1457,yes,0,0,8,yes,1.0788876260920026
1579,11119010,lizzzil,2609,11986,477,2053,,2605,1319,,7,22,11,yes,1.0783304924167634
1580,12563874,sacril,653,14619,,1992,yes,3037,1292,,5,15,0,,1.077760478300017
1581,19485895,unhappykuro,1312,13323,,1959,yes,1900,1377,,5,14,0,,1.076991632595788
1582,11951896,bol,1061,13744,,1970,yes,4177,1237,,2,3,0,,1.076966384128531
1583,2198995,Minecraft570,2877,11790,,1915,yes,1126,1486,,31,120,0,,1.0763537849069977
1584,9904093,J1x,1636,12908,1108,1963,,3679,1258,,2,3,20,yes,1.0757087363505502
1585,6094894,Snakeq,1613,12942,406,2074,,3779,1253,,29,92,12,yes,1.0756382695457636
1586,12483067,zhighoulewski,2184,12323,1448,1928,,,1460,yes,0,0,16,yes,1.0753867382382811
1587,20511373,pauldeegee,395,15771,1688,1908,,9013,1122,,1,4,13,yes,1.0752082427549037
1588,12890066,jnao,2463,12082,1253,1948,,,1446,yes,0,0,2,yes,1.0749323088206135
1589,3915122,Woffel,2204,12300,1693,1908,,1219,1467,,9,32,2,yes,1.0745494466479308
1590,12949657,Alu,5025,10730,679,2019,,1444,1429,,43,165,40,yes,1.0720611405943035
1591,11137273,qyzex,1206,13477,458,2058,,5176,1204,,4,13,7,yes,1.072048298130078
1592,8211461,Umatza,4500,10924,381,2087,,2232,1345,,34,109,17,yes,1.0719112354140754
1593,3820683,KC Snorlaax,1549,13035,,1951,yes,2036,1364,,2,5,0,,1.0710197093801406
1594,3441616,Clarity,1483,13114,3067,1834,,1325,1451,,4,16,2,yes,1.0706769006769545
1595,23532205,-kyaru,3962,11165,,1896,yes,909,1533,,6,25,0,,1.0706005049143528
1596,12769209,Johto,1670,12875,,1947,yes,2127,1355,,1,3,0,,1.0702974142782806
1597,19048,Blue Dragon,2418,12116,1325,1940,,1265,1460,,6,21,2,yes,1.0691571060298475
1598,15839912,Keaem,2106,12407,2115,1882,,,1464,yes,0,0,1,yes,1.0691047864811973
1599,8252592,Ragezeus,1349,13282,,1958,yes,1979,1370,,3,11,0,,1.0690787006965874
1600,12448458,CAUA,8473,9807,,1849,yes,678,1618,,29,113,0,,1.06883414646003
1601,5087744,Meteo L-Drago,5483,10566,565,2037,,1437,1431,,6,13,14,yes,1.0687404651443786
1602,8236827,Fumatsu,1912,12589,,1939,yes,1422,1433,,10,41,0,,1.0686521365130983
1603,20761711,chicken_67,1571,13003,696,2017,,3048,1291,,39,128,36,yes,1.0682852284006814
1604,15263047,Nitrine,1249,13412,963,1981,,3990,1245,,3,7,16,yes,1.068118037764069
1605,14230259,Tayco,1883,12626,,1940,yes,1466,1426,,4,17,0,,1.0680372689555888
1606,11607790,Chzaron,1318,13317,1299,1942,,1872,1379,,7,35,6,yes,1.067911507720587
1607,13161995,-rixia-,4858,10782,860,1996,,,1370,yes,0,0,30,yes,1.066937776027209
1608,15908405,My Angle Okayu,428,15597,3455,1819,,3646,1259,,2,8,2,yes,1.06663673217137
1609,1234432,[RanYakumo],1715,12824,,1945,yes,1599,1408,,4,14,0,,1.06572229323805
1610,25668478,SkY TN,1684,12862,1771,1903,,,1489,yes,0,0,25,yes,1.0650843291532426
1611,6716499,ShaneLiang,3272,11548,1131,1961,,1292,1455,,17,91,44,yes,1.0641413122791672
1612,6916774,Blobby3000,3316,11532,,1907,yes,1027,1505,,4,20,0,,1.064085083482513
1613,11663882,Jorikawa,254,16652,4221,1793,,3721,1255,,3,6,5,yes,1.063189326797118
1614,18296748,NAVY,1825,12699,682,2019,,3364,1273,,4,12,14,yes,1.063137777173633
1615,9208576,Izuko,2839,11814,,1916,yes,1152,1480,,7,28,0,,1.0597815538098498
1616,11973981,lightwine,1068,13738,,1970,yes,2087,1359,,12,37,0,,1.0582791941415657
1617,4361729,Wario,879,14093,1515,1923,,2181,1350,,11,42,7,yes,1.0581878971047725
1618,6266914,Abran,1091,13688,493,2049,,6067,1181,,8,16,11,yes,1.0577509118948583
1619,13653909,GLASSY,2186,12320,1957,1891,,,1460,yes,0,0,1,yes,1.0571948982867858
1620,7216556,durex,930,13976,,1976,yes,2591,1320,,5,13,0,,1.0571805355163368
1621,20725292,Garglockumesh,1254,13407,2216,1876,,,1523,yes,0,0,19,yes,1.0571655821986128
1622,1023489,respektive,1598,12956,942,1985,,2513,1325,,11,35,25,yes,1.0564143160656316
1623,7807935,kaoshii,2927,11765,832,2000,,1866,1380,,52,137,46,yes,1.056268681359747
1624,22202067,ijik,1394,13220,2165,1879,,,1511,yes,0,0,13,yes,1.056180551517202
1625,12111972,pluk,431,15551,5159,1764,,2196,1348,,4,11,3,yes,1.0558217118935986
1626,15520572,TetraDoge,1765,12769,1711,1906,,,1484,yes,0,0,37,yes,1.0557476238021035
1627,5382216,Shikkesora,2521,12036,618,2028,,2728,1311,,14,25,27,yes,1.0557316311346403
1628,18962732,Sirny,1433,13176,492,2050,,4607,1222,,14,30,17,yes,1.055091739133353
1629,14452800,Mystrality,1348,13283,,1958,yes,1800,1387,,16,52,0,,1.0543460278565142
1630,14031664,lys,3376,11491,1405,1933,,1070,1495,,29,113,3,yes,1.0541285170913077
1631,23863342,Neavako,3227,11572,1188,1954,,,1416,yes,0,0,71,yes,1.0540894524283728
1632,10394538,kamaris1337,1382,13239,,1957,yes,2253,1344,,3,6,0,,1.0539327916171506
1633,11068425,gato hongo,6512,10271,723,2014,,,1337,yes,0,0,43,yes,1.0531201577442357
1634,10305944,huzek,781,14310,,1985,yes,4024,1243,,3,6,0,,1.053016131066418
1635,10801981,trollblack,1695,12851,,1946,yes,1846,1381,,2,6,0,,1.0528650459349558
1636,13418038,Pissezi,5808,10465,588,2033,,,1349,yes,0,0,9,yes,1.0516235308141155
1637,1787027,Recia,1784,12753,,1943,yes,1823,1384,,1,5,0,,1.0513775728405712
1638,12797668,nfs,5133,10688,716,2015,,,1363,yes,0,0,10,yes,1.050641799326123
1639,17755357,kigashin,2232,12273,,1930,yes,1489,1423,,1,2,0,,1.050229784828332
1640,16277597,laughy,1845,12679,3817,1807,,,1479,yes,0,0,1,yes,1.0481345683998096
1641,8631281,azaz08967565,1777,12762,,1944,yes,1551,1415,,16,50,0,,1.0479653613124387
1642,3274346,Blairzey,1340,13291,,1958,yes,2004,1368,,5,15,0,,1.0470380041251275
1643,15507546,artlost,1030,13797,953,1983,,3988,1245,,7,13,14,yes,1.0469913066781873
1644,9585479,FlojoCosmico,1712,12828,1932,1892,,,1488,yes,0,0,10,yes,1.0469899206302908
1645,13798356,atsukow,2506,12049,299,2116,,5233,1202,,19,56,21,yes,1.046796433981334
1646,11132237,cant play,6522,10268,774,2007,,,1336,yes,0,0,125,,1.0467688885234252
1647,1688846,Emperorpenguin83,1342,13288,,1958,yes,2076,1360,,2,11,0,,1.0464502115037257
1648,15427656,MyAimPeeps,2045,12451,4430,1786,,931,1529,,11,43,3,yes,1.046403038430557
1649,12554876,Gloww,1851,12667,,1941,yes,1997,1369,,1,3,0,,1.0449700700235125
1650,16117538,Chino-,575,14949,593,2032,,9441,1114,,8,17,13,yes,1.0449688633372878
1651,7852852,vo_ine,2294,12218,1367,1936,,1362,1442,,28,94,8,yes,1.0442320574867012
1652,11569142,shNzg0d,1071,13724,,1970,yes,2867,1303,,3,7,0,,1.0441561425142691
1653,6888972,sdgfirjhk,1161,13544,,1965,yes,2018,1366,,13,42,0,,1.0440360230962527
1654,13995156,UserPidoa,1121,13632,345,2100,,5263,1202,,7,20,4,yes,1.04363720953158
1655,8982848,-Matko-,5531,10552,614,2029,,,1355,yes,0,0,8,yes,1.0433859391691764
1656,6750946,cryptile,2579,12009,,1922,yes,1266,1460,,27,120,0,,1.043195442197268
1657,10115494,NeoUser,1627,12917,3258,1827,,,1493,yes,0,0,2,yes,1.042895063359845
1658,8861374,Sognametal,1924,12577,1166,1958,,2485,1327,,2,3,4,yes,1.0406898327377738
1659,10481416,ianski,1166,13536,480,2053,,3096,1288,,21,56,3,yes,1.040197200572213
1660,16536519,mitya,1321,13312,1217,1951,,2446,1330,,6,18,39,yes,1.0400914417749745
1661,14645209,Wounden,1794,12745,1919,1893,,,1482,yes,0,0,9,yes,1.0400895161776256
1662,9374894,rhyy,1938,12565,2094,1883,,,1474,yes,0,0,3,yes,1.039438182998976
1663,12041303,Rideru,1560,13013,,1951,yes,2678,1314,,2,3,0,,1.0392850168537644
1664,10391882,YoYu,8093,9888,1016,1974,,807,1566,,18,87,5,yes,1.0392658266794403
1665,5965797,osu shallah,1189,13500,,1964,yes,2160,1351,,5,16,0,,1.0391389431827194
1666,23240740,type 174,4322,10989,779,2007,,,1383,yes,0,0,6,yes,1.0388332890132888
1667,1856829,Firstus,4160,11067,,1892,yes,964,1519,,16,71,0,,1.03846942331653
1668,4014850,__unnamed__,1531,13069,,1952,yes,3665,1258,,1,2,0,,1.037155878957502
1669,3898396,Seol Yoona,4537,10911,1146,1960,,1082,1492,,98,350,11,yes,1.0366118629311936
1670,6764293,Frostwizard,2610,11986,2174,1879,,1177,1475,,5,27,1,yes,1.0362812733378781
1671,15658574,ratbutbuff,1472,13126,2230,1876,,2103,1357,,1,2,3,yes,1.0355271001943902
1672,12024659,RuHo,572,14965,,2001,yes,3626,1260,,5,18,0,,1.0351803139090618
1673,7295276,_Suyong,11799,9203,,1826,yes,611,1649,,32,150,0,,1.0347882143685623
1674,16085078,hsk_z,266,16602,7652,1707,,1238,1463,,24,70,10,yes,1.0340195681133917
1675,22621284,Nembo7,934,13970,803,2004,,6100,1180,,3,5,2,yes,1.0340137444239499
1676,13062107,Calipso,1645,12902,,1948,yes,6626,1168,,1,1,0,,1.0335668231805821
1677,5210561,Roba,4935,10756,482,2052,,1564,1413,,51,181,8,yes,1.0331005790531382
1678,7329095,Surite,1411,13205,1517,1922,,1716,1396,,29,87,47,yes,1.032376788156617
1679,11305398,Pancho,2574,12011,,1922,yes,1289,1455,,40,112,0,,1.0321776055063403
1680,15454062,-Hatsune Miku,927,13978,3548,1816,,,1557,yes,0,0,7,yes,1.031571687359912
1681,25778339,thighhigh,9428,9613,,1842,yes,659,1627,,18,50,0,,1.0312949470450952
1682,14165370,Vasteri,2801,11843,294,2117,,4869,1213,,8,23,12,yes,1.0306640393698019
1683,9803745,rumii,2018,12475,1683,1909,,1369,1441,,15,54,4,yes,1.0305514533597548
1684,10870272,QwQ,2665,11948,1392,1934,,,1438,yes,0,0,16,yes,1.030470653832857
1685,13935409,Hardstcukc,1606,12947,1498,1924,,1625,1405,,29,105,15,yes,1.0293564884409423
1686,4383303,Kokuban,1098,13673,7563,1709,,1056,1498,,11,38,3,yes,1.0287757672569438
1687,13517095,OsuMaster1290,4026,11132,2259,1874,,703,1608,,5,18,17,yes,1.0287263045825379
1688,16395194,Taylan_,530,15107,,2004,yes,3775,1253,,6,20,0,,1.0277561821711263
1689,6499896,Winkero,588,14900,1524,1922,,4675,1219,,3,8,8,yes,1.027146889058272
1690,10542491,-Kiyoko-,7359,10056,628,2026,,,1323,yes,0,0,23,yes,1.0262910259205709
1691,3608846,FastoFreezu,2320,12201,,1927,yes,1368,1441,,30,84,0,,1.0258965882312923
1692,27650266,fihe,998,13852,831,2000,,7267,1155,,3,11,74,,1.0255698161204208
1693,8064649,CutoNaito,2291,12222,,1928,yes,1379,1439,,11,34,0,,1.02542029897257
1694,17099895,humane_007,1222,13458,2856,1843,,,1526,yes,0,0,7,yes,1.0254118252936613
1695,3853840,LaBron Jayms,2428,12110,5329,1760,,935,1528,,20,71,2,yes,1.0247721972794577
1696,10463129,mija-,16306,8589,,1801,yes,530,1691,,95,371,0,,1.024046190068589
1697,9474976,honbae,2640,11965,1321,1940,,1365,1442,,16,54,11,yes,1.0238794586182998
1698,4317480,Malolat,1574,12998,,1950,yes,1871,1379,,4,15,0,,1.0237516116568837
1699,15085098,Finloge,2754,11875,3564,1816,,1005,1511,,4,9,1,yes,1.0237142007446787
1700,21967,Adrean,5695,10501,1268,1946,,913,1533,,34,138,7,yes,1.0225968746191505
1701,17962280,linkay,1279,13375,5243,1762,,,1520,yes,0,0,2,yes,1.0224286250520174
1702,2688581,Luscent,4232,11032,,1891,yes,977,1516,,14,63,0,,1.022263445025668
1703,689997,captin1,6013,10410,743,2012,,,1346,yes,0,0,16,yes,1.021065308309418
1704,32158704,BrokenRageL,2502,12050,,1923,yes,1340,1448,,3,13,0,,1.0205207175463156
1705,15721637,PawzMyGame,3792,11258,1065,1968,,,1398,yes,0,0,13,yes,1.0198683231469576
1706,21011325,mihail pikulev,2064,12441,553,2039,,2569,1321,,6,19,4,yes,1.0195347154774153
1707,7415910,Avenito,1001,13844,,1973,yes,2275,1342,,19,55,0,,1.0193129268960375
1708,22372931,exen47,2658,11953,1424,1931,,,1438,yes,0,0,11,yes,1.01921586264051
1709,11050517,WITSCHIEEE,6552,10261,821,2001,,,1336,yes,0,0,110,,1.0183832501096144
1710,14817468,stllok,7871,9939,4528,1783,,564,1677,,39,127,3,yes,1.0183258104553827
1711,26027222,Misono MikaXD,1724,12815,1763,1904,,2705,1312,,1,2,1,yes,1.0181112081481956
1712,1500305,Neliel,2110,12403,,1933,yes,1476,1425,,8,40,0,,1.0172647367034864
1713,7422161,tko,1243,13425,,1962,yes,2137,1354,,9,22,0,,1.0172145384868758
1714,27122738,the woke left,4703,10844,828,2001,,,1373,yes,0,0,8,yes,1.0165093801647742
1715,11533034,Timpower,702,14488,2903,1841,,2431,1331,,20,57,1,yes,1.0163441953452164
1716,31803318,dnomoreu,986,13880,,1974,yes,6160,1178,,2,3,0,,1.016150075172294
1717,10771232,mento,2354,12176,1985,1889,,,1452,yes,0,0,1,yes,1.0160656435475663
1718,17636394,JoshuaGC,1163,13541,,1965,yes,2055,1362,,47,127,0,,1.015926962342506
1719,5175726,Calideon,1792,12746,1349,1938,,1926,1375,,5,10,4,yes,1.0149079263212517
1720,4527762,Javen,1994,12497,,1936,yes,2186,1349,,1,2,0,,1.0144326063964773
1721,13237989,worst th player,2372,12155,1563,1919,,,1451,yes,0,0,12,yes,1.0143596609442032
1722,6528747,13roil,1452,13153,2026,1886,,1555,1414,,1,5,13,yes,1.0141874875955903
1723,9362168,Seleen,13462,8954,,1816,yes,596,1661,,38,179,0,,1.0140859534838405
1724,16083856,F3n1X,526,15132,,2005,yes,4409,1228,,4,14,0,,1.0133680509324425
1725,15595513,okayokay,1814,12716,1950,1891,,,1481,yes,0,0,13,yes,1.0131047170913412
1726,18179814,So_pro,1698,12847,5987,1743,,,1488,yes,0,0,1,yes,1.012802630545641
1727,3179601,Tarulas,4103,11092,,1893,yes,940,1527,,2,12,0,,1.0123396282051433
1728,8218797,Mitake,767,14332,1243,1950,,5029,1209,,2,6,1,yes,1.012041957029376
1729,17545095,Neocraft,1699,12847,1892,1895,,2223,1346,,1,2,3,yes,1.0119216220729892
1730,18284065,Oscar con boina,339,16122,,2028,yes,6671,1167,,7,14,0,,1.0118041054210316
1731,10937269,chairisnotme,3869,11211,1148,1959,,,1395,yes,0,0,66,yes,1.0113930022437074
1732,4099626,-NeBu-,1887,12619,1866,1897,,1578,1412,,1,5,3,yes,1.010362279198805
1733,7242804,Shogetsu,989,13875,,1974,yes,4727,1218,,1,4,0,,1.010244069740754
1734,6024502,Negaces,1578,12992,,1950,yes,1851,1381,,9,25,0,,1.0101350223901675
1735,6879408,Yasen,1965,12534,,1937,yes,1606,1408,,4,16,0,,1.010069131824544
1736,12911800,Toara,1017,13816,,1972,yes,5991,1182,,1,3,0,,1.0097674717542573
1737,3181083,AJT,5644,10517,,1874,yes,859,1547,,13,64,0,,1.009312341234309
1738,6375834,Enns,1140,13584,,1966,yes,2332,1339,,6,20,0,,1.0089651324886468
1739,10740345,Normal333,2652,11957,1453,1928,,,1438,yes,0,0,4,yes,1.0075431226302276
1740,8926244,Yeong Yuseong,2121,12389,1028,1973,,1718,1396,,98,302,3,yes,1.0072909916082744
1741,22862042,joan flowaim,970,13903,2105,1882,,4298,1232,,1,2,8,yes,1.0072429427250438
1742,6014327,lovetap,1669,12876,,1947,yes,1807,1386,,9,24,0,,1.0057744292029354
1743,8211340,flubb,2716,11910,2407,1865,,922,1531,,7,36,13,yes,1.0056828680403394
1744,4279228,Hungah,1696,12850,,1946,yes,3357,1274,,1,2,0,,1.0053851910157698
1745,4582149,CamperLt,2671,11942,503,2047,,3974,1245,,14,46,155,,1.0050367813138599
1746,7824063,Sergeev,2530,12031,,1922,yes,1406,1435,,1,2,0,,1.0049440249570938
1747,6916642,Maiaz,1725,12815,,1945,yes,1802,1386,,3,18,0,,1.004721358773991
1748,1549620,r0ck,4462,10938,,1888,yes,924,1531,,2,16,0,,1.0044373746982487
1749,10976672,frutiger aero,3287,11542,789,2005,,1764,1391,,13,43,8,yes,1.0043742198117878
1750,3504692,Chorus,1925,12577,2439,1863,,1097,1490,,9,45,14,yes,1.0042456054666618
1751,6315784,Dylson,1406,13211,,1956,yes,2114,1356,,6,16,0,,1.0039055598966502
1752,17440191,Equidimensional,984,13881,423,2068,,9758,1109,,14,32,27,yes,1.0037534739749627
1753,10225573,Fiplz,3342,11517,689,2018,,4019,1243,,2,6,104,yes,1.0037299945058578
1754,18378326,oihix,5281,10631,324,2107,,3519,1265,,8,26,24,yes,1.0034376564528231
1755,11547643,pawb,639,14680,,1994,yes,3242,1279,,9,29,0,,1.0033825259446292
1756,14623152,stumphole145,1501,13095,453,2059,,5560,1193,,13,33,15,yes,1.0025638304671758
1757,8461097,ShinonomeEna,7461,10033,,1857,yes,762,1587,,10,37,0,,1.0021843174550622
1758,2533400,Cerkie,2272,12241,,1929,yes,1533,1417,,2,6,0,,1.0021330346302655
1759,6541627,disgo,2085,12424,,1934,yes,1536,1417,,10,39,0,,1.001834945454152
1760,18357479,jykca,18542,8345,5663,1751,,430,1752,,41,215,1,yes,1.0018261583785475
1761,15802126,Nederland,785,14303,793,2005,,4401,1229,,6,24,4,yes,1.0018164450059643
1762,10359706,rezendeevil,886,14045,3372,1822,,2688,1314,,2,9,1,yes,1.0008080215829318
1763,19236903,Santa69,1113,13655,,1968,yes,2626,1318,,5,13,0,,1.00075743189259
1764,2212941,Pein,1648,12900,2049,1885,,1402,1436,,42,152,10,yes,1.0004163456268884
1765,14218988,catgirlmaid,1245,13421,,1962,yes,6915,1162,,1,2,0,,0.9997423575349818
1766,16485917,verfex,1141,13583,1833,1899,,2008,1367,,12,32,5,yes,0.999373212329525
1767,3996548,blastyW,1688,12858,2660,1852,,,1489,yes,0,0,4,yes,0.9990527107752912
1768,19577872,Reisen-Desu,1954,12543,1562,1919,,1627,1405,,3,9,12,yes,0.9989866291654458
1769,12805967,Lukiii,1602,12953,2507,1860,,1367,1441,,46,142,5,yes,0.9986973104388492
1770,6824358,nomaiza,1294,13345,,1960,yes,2687,1314,,2,7,0,,0.9985333790175382
1771,32364013,ddline,5161,10678,540,2041,,3800,1252,,1,2,14,yes,0.9980503173761227
1772,4166621,awawa,2131,12379,,1933,yes,1518,1419,,16,57,0,,0.9979345836127425
1773,3895969,Zmatureeno,2374,12152,,1926,yes,1558,1414,,1,3,0,,0.9971713553032502
1774,673549,flansl,3415,11464,735,2013,,1927,1375,,7,27,9,yes,0.9963606521098876
1775,21664323,avhormauk,1592,12963,1958,1890,,1477,1424,,1,2,64,yes,0.9963340151848417
1776,5240155,ria,2271,12243,1224,1951,,1765,1391,,11,31,14,yes,0.9954282219523272
1777,8755469,Sotarx,4811,10803,1034,1972,,1216,1468,,9,37,11,yes,0.994813509598526
1778,12064024,E3kun,1894,12615,2194,1878,,1360,1442,,1,5,5,yes,0.994731117854474
1779,10903895,RaiN0,2207,12299,941,1985,,3404,1271,,4,7,30,yes,0.994674242121374
1780,10569535,Nitram,2199,12304,946,1985,,2261,1343,,4,17,8,yes,0.9944643842909325
1781,1341421,Shizuru-,1919,12583,,1939,yes,2206,1347,,1,3,0,,0.9944461705310266
1782,13339229,Ginga,1260,13401,,1961,yes,2398,1333,,5,13,0,,0.9943399824319301
1783,1195423,[KOR]Kosaki,3303,11539,,1907,yes,1204,1471,,24,93,0,,0.9942469039825756
1784,12339533,chido,1470,13130,3711,1811,,,1505,yes,0,0,3,yes,0.9930510862706764
1785,5570115,Chubery,1285,13358,1000,1975,,3618,1261,,5,18,24,yes,0.9926605279384385
1786,15169131,Selaph,1791,12748,,1943,yes,3202,1282,,1,2,0,,0.9917935136773541
1787,10424717,ka1rskiy,1504,13094,2212,1876,,,1502,yes,0,0,30,yes,0.9913737511826848
1788,26776016,lol-ok,3639,11338,494,2048,,2940,1299,,19,64,37,yes,0.9910443916549645
1789,9004931,-Makishi-,1913,12588,2919,1840,,,1475,yes,0,0,2,yes,0.9908402898040023
1790,13158972,Pinto,1087,13701,1288,1943,,2468,1329,,10,36,1,yes,0.9904775881224891
1791,7302146,Ansol,3671,11320,,1901,yes,1124,1486,,8,42,0,,0.9904266505236907
1792,22437223,suiss,2859,11803,932,1987,,1836,1383,,4,15,6,yes,0.9897842652925246
1793,11495128,Ji2zie,1758,12776,,1944,yes,1745,1393,,24,75,0,,0.9892282868434765
1794,11955716,ArmaniDilbo,2097,12417,,1934,yes,1547,1416,,56,187,0,,0.9891759306765475
1795,11865009,Akiyama-Mizuki,1400,13216,2167,1879,,1532,1417,,8,34,11,yes,0.9876552716541662
1796,7799629,Galog,1131,13604,1326,1940,,2501,1326,,11,23,1,yes,0.9873114303641592
1797,12609743,[ReiKo_Relax],2093,12418,1186,1955,,2080,1360,,4,14,11,yes,0.9869034839275607
1798,4752123,Remyuu,1105,13666,,1968,yes,2350,1337,,13,44,0,,0.9864546733274882
1799,10320157,BaconPug,687,14529,,1990,yes,3021,1293,,20,58,0,,0.9864346951658243
1800,11835551,icetones,9543,9593,,1841,yes,718,1603,,34,118,0,,0.9858653548754384
1801,1266102,shortpotato,3113,11641,,1911,yes,1254,1461,,19,58,0,,0.9852321212934797
1802,5014197,Dizick,2237,12272,,1930,yes,1557,1414,,6,12,0,,0.9851573461257729
1803,10807597,-Ke15,1338,13293,1404,1933,,3058,1291,,2,6,4,yes,0.9849264940416008
1804,5071378,Godfrey,3482,11425,1174,1957,,,1407,yes,0,0,6,yes,0.9836830377168428
1805,11990235,Duatoxy,926,13979,2774,1846,,,1557,yes,0,0,61,,0.9831088886994362
1806,14737026,Swackwocker,9359,9623,447,2061,,,1296,yes,0,0,11,yes,0.9825939187164404
1807,11945286,Zenith,6877,10179,,1862,yes,829,1557,,35,146,0,,0.9818831000209614
1808,9918331,firsw,5849,10454,881,1993,,,1349,yes,0,0,24,yes,0.9818289660340418
1809,11617315,Syndi,847,14167,3233,1827,,,1567,yes,0,0,21,yes,0.9814302831141728
1810,14731375,Untold,1241,13428,,1962,yes,3111,1288,,3,6,0,,0.9812208306633428
1811,7673764,six seven,880,14089,,1979,yes,2869,1303,,6,27,0,,0.9811873227448615
1812,20828655,Disposable,2231,12275,1714,1906,,,1458,yes,0,0,21,,0.9811759927148374
1813,4360718,shineroo,1966,12530,,1937,yes,1644,1403,,16,46,0,,0.9808172027680792
1814,8867698,M4X_,4885,10773,802,2004,,,1369,yes,0,0,6,yes,0.9805805065692983
1815,2507306,Calcium,1594,12962,,1949,yes,1980,1370,,5,24,0,,0.9804586524328563
1816,4375125,Nowitskey,4177,11061,921,1988,,1498,1422,,4,21,10,yes,0.9800763523576377
1817,1810239,CrtReXn,1723,12817,,1945,yes,1892,1377,,6,20,0,,0.9794366768066314
1818,14992372,escudeiro,921,13984,5323,1760,,,1558,yes,0,0,4,yes,0.9782636134243345
1819,11653711,1Max,925,13980,,1976,yes,2629,1318,,20,51,0,,0.9780010705947684
1820,11113490,Legend_OZ,1198,13489,,1963,yes,2217,1346,,16,57,0,,0.9779890098336562
1821,9336886,zeta,1829,12690,4643,1779,,1423,1433,,8,21,1,yes,0.977530942351919
1822,12652779,Jad,430,15571,1752,1904,,4347,1231,,8,18,20,yes,0.976681548156858
1823,3869519,Ideal,1855,12663,669,2021,,2858,1303,,10,22,4,yes,0.9764970415477294
1824,15478941,Huo,2488,12064,1283,1944,,2147,1353,,1,2,4,yes,0.976450240328191
1825,18373966,Okinari,553,15026,2451,1863,,4693,1219,,4,10,1,yes,0.9759881309108362
1826,10806437,FlipRopiik,506,15186,2789,1846,,8409,1132,,2,4,2,yes,0.9758455841702506
1827,26266655,AlenPark,1280,13375,,1960,yes,7482,1150,,1,2,0,,0.9748766829524562
1828,11536421,alana,8043,9899,769,2008,,1253,1462,,57,242,21,yes,0.9742308420706518
1829,9248622,Logia_Fruit,2035,12460,1306,1941,,2638,1317,,2,4,14,yes,0.9736981872035323
1830,8151359,DivineRose,3065,11670,,1911,yes,1294,1455,,49,150,0,,0.9736662046580562
1831,21049273,dorimeha,1839,12684,2580,1856,,,1479,yes,0,0,4,yes,0.97340851868889
1832,4112304,FINGERLOCK,703,14488,,1989,yes,3901,1248,,4,13,0,,0.9731954641848561
1833,6761714,Harpy,4069,11107,,1894,yes,1078,1494,,12,47,0,,0.9730577190676952
1834,15980513,Duckyzie,2086,12423,2367,1868,,,1465,yes,0,0,3,yes,0.972673445583762
1835,20460272,-Spec,2065,12441,1026,1973,,4383,1229,,1,3,7,yes,0.9719599387840901
1836,23235560,RedMunch,4906,10765,874,1994,,1426,1432,,39,136,11,yes,0.9717538898902146
1837,7448448,Takaga,1474,13122,,1954,yes,2159,1352,,5,18,0,,0.9717481575828415
1838,11115071,Lantic,2055,12447,1854,1897,,,1467,yes,0,0,27,yes,0.9717384685518803
1839,14041375,yenator07,3299,11539,,1907,yes,1249,1462,,42,143,0,,0.9709819305660553
1840,713266,sayonara-bye,3439,11452,1101,1964,,,1409,yes,0,0,3,yes,0.9709692576782595
1841,14169321,Teini,7969,9917,,1853,yes,794,1571,,50,175,0,,0.970876202147156
1842,13030453,k0gan,1817,12707,1235,1950,,3326,1275,,1,5,19,yes,0.9697528840824313
1843,19039261,-Kaii,2089,12421,4090,1798,,,1465,yes,0,0,1,yes,0.9697003834589397
1844,9829680,xiaomao,5437,10582,847,1998,,,1357,yes,0,0,10,yes,0.9693105116603425
1845,22240981,dre4mxsu,2522,12035,,1923,yes,1636,1404,,1,2,0,,0.9684556733359483
1846,9892525,craizer,2150,12359,3757,1809,,,1462,yes,0,0,1,yes,0.9668138341381662
1847,6358249,MeNamJon,2004,12488,2175,1879,,3121,1286,,1,1,1,yes,0.9664336368921369
1848,2569683,MblLO,2022,12471,724,2014,,3943,1246,,10,28,39,,0.965772849982785
1849,22989319,Glody,6884,10178,843,1998,,,1330,yes,0,0,38,yes,0.9655178312057282
1850,10527116,freaky player,924,13981,974,1979,,6615,1168,,5,13,40,yes,0.965473541070958
1851,29560433,Ditre,1850,12672,6086,1741,,,1479,yes,0,0,1,yes,0.9653251177151099
1852,2984074,ming0328ming,1457,13146,762,2009,,4819,1214,,18,53,162,yes,0.9650377383685514
1853,30025253,nael2709,2604,11990,1607,1915,,,1440,yes,0,0,27,yes,0.9649567824901727
1854,24420054,RAGINGDASHIEje,10257,9465,1008,1974,,927,1530,,31,108,33,yes,0.9648722606215323
1855,7141342,Kippz,1144,13580,1762,1904,,2784,1307,,3,8,5,yes,0.9645844884080418
1856,10134900,Saftohr,2935,11760,1109,1963,,1747,1393,,13,52,14,yes,0.9643900269723271
1857,10973116,Miguen,3012,11705,939,1986,,2247,1344,,1,4,5,yes,0.9641960445322304
1858,14338955,anjroo,3358,11500,690,2018,,6176,1178,,1,4,46,yes,0.9641583391812696
1859,11260710,schneggie,7501,10024,830,2000,,,1321,yes,0,0,83,,0.9639469357740693
1860,4012086,Monk Gyatso,1822,12700,,1942,yes,1772,1390,,55,228,0,,0.9636302016832716
1861,11078815,CRIMEA,931,13975,3650,1813,,1843,1382,,14,42,3,yes,0.9636098347921929
1862,3621552,Chaoslitz,8965,9701,,1845,yes,764,1586,,25,117,0,,0.9634384764145101
1863,10290641,EulaFootEnjoyer,7403,10047,,1858,yes,828,1557,,106,399,0,,0.9632481817257625
1864,12482253,Danini,923,13981,620,2028,,6177,1178,,9,26,8,yes,0.9630316152837792
1865,5038956,Minecraft s,1419,13193,1534,1921,,6321,1175,,1,2,15,yes,0.9627740527086601
1866,10966088,splenty,807,14265,4075,1798,,1427,1432,,5,17,9,yes,0.9621314971171206
1867,10814480,Ends,1537,13058,,1952,yes,2157,1352,,8,18,0,,0.9617863767621915
1868,3968495,mylifeforyou,2325,12198,2054,1885,,,1453,yes,0,0,3,yes,0.9616127738472297
1869,4100604,Area,1090,13689,,1969,yes,2726,1311,,5,19,0,,0.9611888072256629
1870,23792487,_vlad,2049,12450,1870,1896,,,1467,yes,0,0,48,yes,0.9610687712235357
1871,11106929,Wispy,3341,11517,1847,1898,,1146,1483,,27,114,8,yes,0.9610637833015607
1872,13956957,prima,2476,12073,2384,1867,,,1446,yes,0,0,1,yes,0.9610466969240055
1873,11213429,kiwoth,1548,13035,1359,1937,,2118,1356,,11,33,1,yes,0.9598058065212367
1874,12047944,yimi,2394,12131,,1925,yes,1521,1419,,11,36,0,,0.959653067216242
1875,20458221,Valhallan,1901,12604,,1939,yes,3178,1283,,2,2,0,,0.9596355463075661
1876,15240424,Sfoolei,4359,10974,1072,1967,,,1382,yes,0,0,13,yes,0.959507155175223
1877,30754555,DamjanLenc,1726,12814,1432,1930,,5127,1206,,1,2,14,yes,0.9594388518554512
1878,14715031,Lithian,2419,12116,1736,1905,,,1448,yes,0,0,11,yes,0.9587197936020373
1879,15455384,DAZQ,2791,11852,460,2057,,9352,1115,,2,8,58,,0.9581445486325331
1880,25211165,Ralmbry,739,14387,3408,1820,,,1582,yes,0,0,33,,0.9581028170941744
1881,17145270,player03,2308,12209,1785,1902,,,1454,yes,0,0,17,yes,0.9574865855873711
1882,12382916,1000theo,10314,9454,598,2031,,,1285,yes,0,0,45,yes,0.9566879176267465
1883,8152276,biograft,4483,10930,1149,1959,,,1379,yes,0,0,47,yes,0.9566399917273715
1884,11476432,lorenzo101122,888,14035,1180,1956,,5350,1199,,4,10,12,yes,0.9566381307815
1885,21754368,tigukala,1041,13776,2816,1844,,,1544,yes,0,0,42,yes,0.9561309904053312
1886,7153533,onkar,5132,10688,3374,1822,,889,1538,,48,164,1,yes,0.9560632814972083
1887,19215908,Lord Megatron,3655,11326,1257,1947,,,1402,yes,0,0,12,yes,0.955522589335206
1888,23350068,-Rigel-,1463,13142,1825,1899,,2141,1353,,2,6,25,yes,0.9555112618298052
1889,12563182,Threegs,1685,12862,,1946,yes,3230,1280,,1,3,0,,0.9554846883830521
1890,22761224,SuperMegaT,9414,9615,842,1998,,1109,1489,,2,12,42,yes,0.9551427350978061
1891,2142966,TeRiRi,4383,10965,,1889,yes,1051,1500,,8,27,0,,0.9523711312404572
1892,17281367,yes king,958,13929,,1975,yes,8605,1129,,1,3,0,,0.9522557720559439
1893,5276218,Shuezi,3957,11166,581,2034,,3226,1280,,4,11,23,yes,0.9518069977503975
1894,13717099,uyaz,2142,12369,4228,1793,,,1462,yes,0,0,1,yes,0.9496815670879017
1895,8064699,Tiller,1885,12622,2145,1880,,,1477,yes,0,0,16,yes,0.9490131765712746
1896,6231292,VI VII,12065,9168,,1825,yes,675,1620,,32,143,0,,0.9484689303192094
1897,24757304,Uzachi,755,14356,,1986,yes,6945,1162,,2,5,0,,0.9483344102024351
1898,19514891,BOSNIATRUCKER13,584,14908,,1999,yes,5159,1204,,5,12,0,,0.9479711701461317
1899,35798411,oyuii5460,1780,12760,829,2001,,4269,1234,,3,8,6,yes,0.9477439524155723
1900,10121815,Deeline,554,15025,1343,1938,,7895,1142,,3,9,10,yes,0.9470452220256664
1901,20189618,Gobby,1940,12563,8565,1691,,682,1616,,2,9,4,yes,0.9467479312202235
1902,5054798,DutchTacoNL,3624,11346,797,2004,,2394,1334,,8,20,23,yes,0.9467438021548719
1903,20811939,iweezz,1337,13296,2567,1856,,,1515,yes,0,0,28,yes,0.946107689272129
1904,6637202,MatvikFX,4972,10744,1092,1964,,,1367,yes,0,0,58,yes,0.9459720512214006
1905,19758113,Leroxa,2692,11927,1665,1910,,,1436,yes,0,0,7,yes,0.9455418714077295
1906,12368925,Fiert,2885,11786,1554,1919,,,1429,yes,0,0,82,yes,0.944917562126122
1907,26576878,zane-,1984,12513,5402,1758,,,1471,yes,0,0,1,yes,0.944734784779517
1908,2283137,kiethao,3212,11580,,1909,yes,1314,1451,,5,24,0,,0.9443660942756462
1909,12178286,-NS,2076,12429,2025,1886,,,1466,yes,0,0,13,yes,0.9442951980461901
1910,4280363,x3Lydiia,5872,10449,878,1994,,1303,1453,,27,85,7,yes,0.9440409394525603
1911,22693832,megalodon151,2626,11974,2253,1875,,,1439,yes,0,0,1,yes,0.9440098763677996
1912,14865000,nyaaapurrrrr,542,15073,5049,1767,,,1617,yes,0,0,13,yes,0.9439908621877895
1913,11409634,gatosi,2659,11952,1123,1962,,4288,1233,,1,2,12,yes,0.9433289840870573
1914,10735379,SHEKERANDO,1562,13010,2810,1845,,2479,1328,,1,1,4,yes,0.9432778638586164
1915,2845588,XVoIR,2248,12259,,1929,yes,1711,1397,,3,12,0,,0.942953987706886
1916,11893325,Frinode,2062,12443,,1935,yes,1757,1392,,9,38,0,,0.9417108945768131
1917,11437615,Raidz,990,13872,667,2021,,8376,1133,,5,13,9,yes,0.9407329993211081
1918,6283858,tan-,2416,12117,7160,1717,,1019,1509,,48,168,2,yes,0.9406596064592767
1919,17213856,huyanh68,693,14515,2071,1884,,4154,1238,,2,7,7,yes,0.9400754109211872
1920,18537231,hurbruh,725,14414,3685,1812,,5074,1207,,1,5,1,yes,0.9397774196403941
1921,3973474,follon,4460,10939,,1888,yes,1086,1492,,11,51,0,,0.9381937107559104
1922,7369323,Lothjon,10312,9454,2887,1842,,632,1641,,28,128,3,yes,0.937562790651169
1923,15451071,MySQI,5752,10484,795,2004,,5238,1202,,1,1,38,yes,0.9371911209304893
1924,2490770,hime,1554,13023,,1951,yes,2430,1331,,4,11,0,,0.9371295479555332
1925,18556796,Doremy,5577,10537,649,2024,,1446,1429,,27,100,5,yes,0.9368166845011419
1926,9356954,Liswiera,4976,10743,,1882,yes,1037,1502,,22,95,0,,0.9366016508622336
1927,8502512,unranked,1911,12589,2038,1885,,,1475,yes,0,0,58,yes,0.9363153018694315
1928,12274213,PCMK,2473,12076,2790,1846,,,1446,yes,0,0,1,yes,0.9362017936185777
1929,9582556,NHarmonia,1006,13840,1859,1897,,2309,1340,,60,159,10,yes,0.9357998392940616
1930,11545620,nuke employee,2019,12474,1560,1919,,1895,1377,,5,14,15,yes,0.9357962887998241
1931,5132353,[ Nano ],2785,11856,,1917,yes,1447,1429,,47,163,0,,0.9347850978314141
1932,14476231,Akume-,1633,12911,2898,1841,,,1493,yes,0,0,6,yes,0.9345486730952203
1933,21818184,-sypr,882,14066,3230,1827,,,1562,yes,0,0,38,,0.9334194482443058
1934,15484456,7ony,2806,11841,1031,1972,,3577,1262,,1,4,25,yes,0.9333825262444807
1935,13744487,Goold,1895,12614,697,2017,,4588,1222,,15,32,30,yes,0.933182529569869
1936,6868602,Street,3391,11482,1379,1935,,,1410,yes,0,0,7,yes,0.9328135864620585
1937,11472811,Uchirrod,2340,12185,1770,1903,,1449,1428,,28,80,30,yes,0.9327645050014327
1938,8210988,flapczek,2395,12131,605,2030,,5797,1187,,7,14,47,yes,0.9327533855776678
1939,6069002,Ush,2073,12433,1304,1941,,3324,1275,,2,4,27,yes,0.9324580168824523
1940,16051221,Dripster1,2054,12448,,1935,yes,5708,1189,,1,1,0,,0.9322822661284412
1941,1600432,Zyph,1823,12700,,1942,yes,4056,1242,,1,2,0,,0.9320862395446383
1942,10854237,SenkuuS,1986,12511,5778,1748,,,1471,yes,0,0,1,yes,0.9320048008188341
1943,11172237,emile-,4164,11064,2113,1882,,1075,1494,,36,139,2,yes,0.9315744239762558
1944,12420896,Xluxic,2059,12444,2516,1859,,,1467,yes,0,0,4,yes,0.9308254756202063
1945,4911870,[SHK]Shamiko,3640,11337,1280,1944,,,1402,yes,0,0,7,yes,0.9306293356105488
1946,7948169,Altrax,1371,13249,,1957,yes,2233,1345,,34,102,0,,0.9304283956659707
1947,6017901,netnesanya,1281,13368,,1960,yes,2330,1339,,37,104,0,,0.9303395637951644
1948,10714308,blackpoint675,3177,11603,1273,1945,,1592,1409,,5,19,9,yes,0.9303000535376191
1949,11222067,Shijuni,817,14236,3649,1813,,6260,1176,,1,2,3,yes,0.9301208818260507
1950,1164526,BDDav,8470,9807,,1849,yes,679,1617,,2,11,0,,0.9291428330505592
1951,7211425,Frane,786,14303,3492,1818,,4438,1227,,3,6,1,yes,0.9287251610550397
1952,16005022,Skinfreek,2526,12033,,1922,yes,1583,1411,,5,16,0,,0.9286105736017476
1953,16082512,nyachik,1600,12955,992,1977,,4169,1238,,8,18,42,yes,0.9285114881705232
1954,6088976,Tzero,6449,10289,902,1990,,1347,1446,,13,76,12,yes,0.928283246122925
1955,10963480,N I K I T A,1576,12993,,1950,yes,4050,1242,,3,3,0,,0.9276402408300841
1956,11740484,Macatito,1323,13309,,1959,yes,3210,1281,,3,7,0,,0.9270786182056396
1957,12677757,EPIC GAMBLING,957,13930,2768,1847,,4616,1221,,1,2,6,yes,0.9265898065206142
1958,4470553,Estopa,2891,11783,,1915,yes,1441,1430,,16,49,0,,0.9262502145055952
1959,33687287,lilylvl,7157,10107,710,2016,,,1326,yes,0,0,10,yes,0.9257158795779599
1960,4803900,ArkShadow,4595,10886,1705,1907,,1055,1499,,12,53,5,yes,0.9255228940788027
1961,14701776,border collie,1238,13429,3121,1831,,,1524,yes,0,0,12,yes,0.9249968261477952
1962,14125627,tigiexe,8623,9777,442,2064,,1920,1375,,19,80,18,yes,0.924251314538132
1963,15271985,AHotDawg,2777,11860,1689,1908,,1415,1434,,25,66,10,yes,0.9241502097079481
1964,18442062,Boh,3097,11648,1477,1926,,,1421,yes,0,0,2,yes,0.9240535896222889
1965,37256916,aesun,5785,10473,1023,1973,,,1350,yes,0,0,39,yes,0.9233166485962567
1966,4394718,Jace,3323,11529,1588,1917,,1351,1444,,15,54,2,yes,0.9213242737729128
1967,19430137,AlexBelea,2063,12442,,1935,yes,1777,1389,,74,245,0,,0.921296066764828
1968,8690114,Pampilius,3361,11499,2133,1881,,1021,1508,,1,3,2,yes,0.9204169867857404
1969,10794815,Nerimaki,858,14134,1798,1901,,5281,1201,,1,5,11,yes,0.9200049422876238
1970,16335215,Rozeolifant13,3840,11228,1272,1945,,,1396,yes,0,0,9,yes,0.9196829345396828
1971,15243998,LusciousPotato,3072,11664,1565,1919,,,1421,yes,0,0,5,yes,0.9187648871706401
1972,11706404,MALESHEVSKI,2798,11846,395,2082,,5602,1192,,3,12,8,yes,0.9186117981802181
1973,10027725,haranka,2127,12380,5134,1765,,,1463,yes,0,0,1,yes,0.9181777997306659
1974,10589216,Tanfy,2084,12424,5517,1755,,,1465,yes,0,0,1,yes,0.9175397913537213
1975,12090610,Tatze,10769,9377,,1833,yes,754,1589,,72,318,0,,0.9173979452688461
1976,13652059,MietteDePain_,1258,13403,,1961,yes,2609,1319,,9,27,0,,0.9172994872605357
1977,17652842,Caboozled_Pie,949,13947,824,2001,,8541,1130,,4,14,14,yes,0.9161857649700822
1978,6142472,Literal Garbage,4614,10876,435,2065,,4835,1214,,3,6,13,yes,0.9160907940698012
1979,10951913,fleuphy,626,14753,1024,1973,,7524,1149,,11,28,28,yes,0.9160183618947947
1980,4357340,Konam,1807,12727,,1943,yes,2318,1339,,5,9,0,,0.9157892737962955
1981,14580577,NotZyliss,2361,12173,2305,1871,,1111,1488,,1,3,12,yes,0.9148995776957685
1982,9737589,Sk8ter,2174,12340,,1932,yes,5187,1204,,1,1,0,,0.9148698176956266
1983,14216942,_user,2183,12324,,1931,yes,2888,1302,,1,2,0,,0.9148238713304205
1984,8110269,novaaxy,4651,10861,1661,1910,,1018,1509,,3,16,21,yes,0.9147916415262647
1985,17666664,[SHK]Mriyu,2165,12344,2309,1871,,,1461,yes,0,0,6,yes,0.9144099981006305
1986,10883910,TheNoob,2897,11779,1237,1950,,2214,1347,,1,6,15,yes,0.9140578697751486
1987,23213839,Smolcats Freak,6360,10314,785,2006,,,1339,yes,0,0,8,yes,0.9138910330357243
1988,3909656,Nalian,1981,12516,4845,1773,,1553,1415,,4,10,1,yes,0.9129405817861704
1989,11843859,TacosCordoba,1785,12753,,1943,yes,2117,1356,,6,23,0,,0.9128297527241119
1990,5392289,kent,1092,13687,,1969,yes,2872,1303,,11,32,0,,0.9126642089589966
1991,8602787,9 in my toyota,2144,12366,2342,1869,,,1462,yes,0,0,6,yes,0.9125922089043396
1992,10690473,mli,3978,11159,1265,1946,,,1392,yes,0,0,10,yes,0.9125318225965975
1993,33389301,Xyhara,323,16206,5519,1754,,,1676,yes,0,0,47,yes,0.911978341271876
1994,14077136,Miguelonh2O,15871,8643,863,1995,,944,1526,,25,96,123,,0.9112735951405249
1995,6767144,-Jajamaru-,9975,9520,,1838,yes,778,1580,,38,119,0,,0.910563979756528
1996,16905329,Mariskiy Modnik,4758,10822,531,2042,,2758,1309,,16,44,22,yes,0.9102055932674731
1997,6107872,MACKGEE,1760,12775,,1944,yes,2843,1304,,2,5,0,,0.9097787471684525
1998,8414284,Markus,5247,10644,,1878,yes,1067,1496,,78,303,0,,0.9094273542379975
1999,31682960,i suck at hd,7145,10110,643,2024,,1561,1414,,8,26,10,yes,0.9084017459831715
2000,16203859,- Maelly,2178,12333,,1931,yes,5387,1198,,1,1,0,,0.9083711450445239
2001,14325899,freddie-,2222,12283,4675,1778,,,1458,yes,0,0,1,yes,0.9083259948841872
2002,10659233,BTG4,6153,10373,,1869,yes,991,1514,,87,328,0,,0.9081822405867315
2003,9828300,Liliana,5664,10509,1032,1972,,,1352,yes,0,0,22,yes,0.9076607357250266
2004,23179934,sacratus,2790,11853,1733,1905,,,1432,yes,0,0,15,yes,0.9058817881771706
2005,17877956,SuperNordestino,2343,12184,1461,1927,,5561,1193,,1,1,4,yes,0.9057205574431074
2006,13471072,tacogordo777,5640,10517,750,2011,,4161,1238,,1,1,11,yes,0.9054920477025112
2007,7865570,Cassiel,2261,12251,1992,1888,,,1456,yes,0,0,24,yes,0.9054779014190171
2008,2197482,Twintail,2290,12225,,1928,yes,1781,1389,,6,21,0,,0.9054466939692588
2009,13583469,Uzer,1420,13192,585,2034,,4631,1221,,30,79,7,yes,0.9052360203430386
2010,10275103,Arto,6968,10155,597,2031,,2138,1354,,23,78,55,,0.9046210943088022
2011,1285945,PeteX,2644,11961,1973,1889,,1328,1450,,15,44,51,yes,0.9042163643344336
2012,7730792,CuStOm2eK,2206,12300,,1930,yes,5210,1203,,1,1,0,,0.9038470918580385
2013,10912688,lucker,2384,12139,923,1988,,2343,1338,,12,35,4,yes,0.903747255133187
2014,15722085,yonh0,8408,9821,,1850,yes,820,1561,,14,54,0,,0.9033248809691985
2015,8084370,Poke714,10550,9412,,1834,yes,773,1582,,56,272,0,,0.9027760287713332
2016,9317938,soft bunny,1582,12978,935,1986,,3579,1262,,68,211,17,yes,0.9021080607044977
2017,26813327,Mahiru My Angel,2734,11892,2420,1864,,1128,1485,,2,9,9,yes,0.9015057965826879
2018,20734702,cfunkyy,2255,12255,4674,1778,,,1456,yes,0,0,1,yes,0.9009149313645481
2019,10989649,Jymer,1512,13089,1057,1970,,2941,1299,,9,24,2,yes,0.8994407928273686
2020,13714351,Stupid Femboy,4519,10915,,1887,yes,1174,1475,,46,138,0,,0.8993180665291884
2021,17205720,jpek1209,6918,10168,818,2002,,1410,1435,,16,62,9,yes,0.899247511848268
2022,19146698,teaminhtg,3214,11580,,1909,yes,1319,1451,,1,1,0,,0.8992322841728031
2023,30553857,1 star enjoyer,2336,12190,823,2001,,4192,1237,,6,12,15,yes,0.8991040313183112
2024,3695865,Midslayer,2542,12026,1724,1906,,1842,1382,,1,3,4,yes,0.8987164682773459
2025,3556891,_demo,1801,12738,4184,1794,,1144,1483,,46,160,8,yes,0.8984862123008732
2026,1041943,hina,1716,12821,,1945,yes,2162,1351,,9,37,0,,0.8984153225425883
2027,8362084,Noiire,2563,12015,2232,1876,,,1442,yes,0,0,3,yes,0.8982903835500138
2028,12165651,-Christy-,2475,12075,2127,1881,,,1446,yes,0,0,5,yes,0.8982627907339005
2029,4628473,tones,2130,12379,,1933,yes,1857,1380,,12,43,0,,0.8981686678629417
2030,17857268,[MG]Luciano,1418,13193,2689,1850,,,1509,yes,0,0,36,yes,0.8976191229329995
2031,7263852,Kienaay,3159,11613,1613,1915,,,1418,yes,0,0,10,yes,0.8974771771197585
2032,17476576,Xillerini,4017,11135,2218,1876,,1004,1511,,15,49,15,yes,0.8970906029876919
2033,13926341,- Sasori,3167,11608,386,2085,,4810,1215,,34,108,16,yes,0.8968332853560798
2034,8404990,Sonmi,2442,12100,559,2038,,3623,1260,,52,146,11,yes,0.8968095744381969
2035,7941423,chezbananas,2629,11971,,1921,yes,1610,1407,,28,115,0,,0.8968024218414333
2036,7138565,Enzan,1932,12571,,1938,yes,4160,1238,,1,2,0,,0.8966466739728097
2037,3833346,Wido,1759,12776,1160,1958,,3106,1288,,19,61,51,yes,0.8963190249324
2038,20591653,Kakoly,4065,11108,1317,1940,,,1390,yes,0,0,17,yes,0.8958435321697302
2039,17994125,kulerbruh,5666,10508,1487,1925,,989,1514,,3,12,6,yes,0.8948593272395724
2040,537084,DoKito,3936,11176,,1896,yes,1257,1461,,8,26,0,,0.8947060186006939
2041,6371395,Mariano,1403,13213,1399,1934,,2679,1314,,24,56,4,yes,0.8944024437195711
2042,15646924,wjddjs,2489,12064,1964,1890,,,1445,yes,0,0,12,yes,0.8943222454189508
2043,13088265,[ BlackCat ],7180,10102,760,2010,,1640,1404,,9,20,17,yes,0.8937583022448544
2044,11568732,Eat Natto,2310,12207,2996,1837,,,1454,yes,0,0,2,yes,0.8936831328999846
2045,5198060,Num5119,3076,11662,,1911,yes,1475,1425,,12,36,0,,0.893153585899767
2046,22133808,dnomyar,1678,12870,3708,1811,,,1490,yes,0,0,4,yes,0.893007541547857
2047,9701942,Lucas1,4363,10973,1203,1953,,,1382,yes,0,0,9,yes,0.8929649108758287
2048,17764528,shejz,1402,13214,7347,1713,,,1510,yes,0,0,2,yes,0.8926571590799819
2049,13944382,LN-Larks,2902,11775,2198,1878,,,1428,yes,0,0,1,yes,0.892545741145693
2050,15284469,konjihi,1283,13362,2641,1853,,5022,1209,,1,2,3,yes,0.8924286549747822
2051,5665037,Miyukioo,2483,12070,,1924,yes,3466,1268,,1,1,0,,0.8922749719050155
2052,4665746,Leftoverss,4551,10904,2682,1851,,1001,1512,,39,134,3,yes,0.8921439198384344
2053,13263918,Layendan,8832,9730,856,1996,,,1302,yes,0,0,101,,0.8921044929191417
2054,14408373,aim trainer,3620,11348,,1901,yes,1129,1485,,1,2,0,,0.8918866155474
2055,13398631,JustTaka,2487,12066,1234,1950,,2356,1337,,8,21,20,yes,0.891552802847074
2056,16338421,Relixto,608,14833,2149,1880,,9325,1116,,2,4,9,yes,0.8905906004692566
2057,14318898,Onyon,3540,11388,1118,1962,,1974,1371,,9,34,21,yes,0.8895560425928152
2058,14447065,starlyte-,8472,9807,858,1996,,,1307,yes,0,0,47,,0.8895359172061279
2059,15120705,Stogdy,2958,11742,1718,1906,,,1426,yes,0,0,14,yes,0.8895240827449187
2060,4241054,TheOmyNomy,4106,11090,1720,1906,,1202,1471,,11,37,10,yes,0.8890838716510067
2061,16943673,Furyfish,2873,11793,2313,1871,,,1429,yes,0,0,1,yes,0.8890723628951741
2062,4819811,NinjaFish,1999,12493,,1936,yes,2544,1324,,2,5,0,,0.8882456989430472
2063,20538221,tomin,2388,12134,2285,1873,,,1450,yes,0,0,5,yes,0.8879667110636533
2064,7825971,Firiiu,856,14136,1307,1941,,4625,1221,,8,24,12,yes,0.8875824437986208
2065,8779938,Voltronn,3888,11202,1170,1957,,1675,1400,,35,127,13,yes,0.887500320465441
2066,9652467,retraite,17693,8436,,1795,yes,604,1656,,61,205,0,,0.8870586536445265
2067,5400349,Netsuz,1410,13206,,1956,yes,3405,1271,,4,7,0,,0.887058492153242
2068,11548737,Yezman,524,15144,,2005,yes,5878,1185,,5,17,0,,0.8870577530069442
2069,3249839,Strecka,1923,12580,740,2012,,4525,1224,,28,89,31,yes,0.8869821808060803
2070,8533847,rykr,1706,12838,,1946,yes,3153,1285,,1,5,0,,0.8868836094192051
2071,13571846,Yukina Minato,1664,12883,3243,1827,,,1491,yes,0,0,6,yes,0.8866806692626523
2072,15423958,veirakk,569,14981,1578,1917,,7591,1148,,5,10,21,yes,0.8860438300238891
2073,3053599,Zakura,2033,12463,,1935,yes,2101,1358,,4,14,0,,0.8854582094138446
2074,17192419,Lineu,1345,13285,2617,1854,,2149,1352,,30,83,2,yes,0.8843376238096152
2075,30790527,Databyte,2277,12233,4984,1769,,,1455,yes,0,0,1,yes,0.8839345118719595
2076,11673059,DonnieGG,1430,13176,2601,1855,,2140,1353,,16,40,2,yes,0.8830926988684099
2077,3175955,Kris-,1679,12869,1671,1909,,3437,1269,,2,4,23,yes,0.8830248016823334
2078,6595616,Mirek,4591,10890,1075,1967,,1566,1413,,33,99,9,yes,0.8829967563300897
2079,27055,Astar,3311,11535,,1907,yes,1433,1431,,2,8,0,,0.8829134517685786
2080,10290012,ssubinism,1347,13283,993,1977,,5628,1191,,9,18,30,yes,0.8828559015172549
2081,6611154,MartinCan,9789,9550,,1840,yes,757,1589,,7,25,0,,0.8828426102420408
2082,9717848,Ted,2912,11771,1010,1974,,2561,1322,,20,56,31,yes,0.8825105468857157
2083,5221616,Astrovia,1702,12843,1703,1907,,2884,1302,,3,6,8,yes,0.8818740281264893
2084,1890143,-Trigger,8075,9892,,1852,yes,873,1544,,18,73,0,,0.881330986881954
2085,10170668,EyesNeverOpen,2684,11934,2465,1862,,1222,1466,,13,46,14,yes,0.8813027346530315
2086,19034045,emrepkrr,4137,11078,1339,1938,,1515,1420,,5,25,32,yes,0.8806183264326483
2087,8525223,Sympli,2776,11861,1164,1958,,2001,1368,,22,67,5,yes,0.8801164137143624
2088,6752116,Arraxey,3145,11620,4368,1788,,1151,1481,,23,101,2,yes,0.8797004964618311
2089,3167182,shavit,5157,10678,1153,1959,,,1363,yes,0,0,16,yes,0.8793211793488289
2090,6612642,mikatsu,2381,12143,,1926,yes,1801,1387,,14,33,0,,0.8792357717392847
2091,13806702,-shinsha,1477,13120,2867,1842,,,1504,yes,0,0,20,yes,0.8788863420436555
2092,8787512,Sengio,2331,12194,768,2008,,4572,1222,,9,27,38,yes,0.8785881269656783
2093,11758404,Belladonna,536,15089,,2004,yes,4960,1211,,11,33,0,,0.877671738554123
2094,9340773,stanol,7774,9962,,1855,yes,912,1533,,48,199,0,,0.8775308330948862
2095,16420295,Jairofrancaso,1045,13771,2442,1863,,2263,1343,,21,56,8,yes,0.8775298799688147
2096,9869794,BabyScylla,1492,13106,1851,1898,,2300,1340,,24,80,3,yes,0.8773978092423463
2097,19241975,GamerPro3000,2326,12196,1848,1898,,2109,1357,,1,3,6,yes,0.8769276716912785
2098,10770865,TrueDantist,2385,12135,,1926,yes,2371,1336,,1,3,0,,0.8766297332456583
2099,27672816,Mqnster,788,14297,,1984,yes,6550,1170,,3,7,0,,0.8764005157738579
2100,5297955,Niven,6349,10316,,1867,yes,980,1516,,6,38,0,,0.8763777846632639
2101,8215374,yumenoshima,2376,12150,862,1996,,3114,1287,,29,103,13,yes,0.8763293583666032
2102,1433427,myhan3,7042,10139,1193,1954,,1195,1472,,35,167,11,yes,0.8761134229110086
2103,4209818,Skyzie,12250,9136,,1824,yes,729,1598,,21,98,0,,0.8758524088517676
2104,14494895,tonaltwister,491,15259,2514,1859,,3862,1250,,4,16,15,yes,0.8747595494062098
2105,1561659,[Mashiro],2492,12061,,1923,yes,2097,1358,,1,4,0,,0.8743142159868252
2106,16046372,RigorousHD,2784,11856,1935,1892,,,1433,yes,0,0,7,yes,0.874056467901434
2107,15838689,sigmatapper,5276,10631,711,2016,,9317,1116,,1,1,10,yes,0.8737931876093731
2108,6507634,NEOBLAZER23,4629,10870,1246,1949,,,1375,yes,0,0,13,yes,0.8733444084554869
2109,1958549,uNable,2866,11797,,1915,yes,1611,1407,,9,27,0,,0.8730829239248677
2110,4576295,Fudy,3116,11639,1363,1936,,1922,1375,,7,15,20,yes,0.8729978125882727
2111,13298387,Alphan,6621,10243,462,2056,,3162,1284,,5,14,23,yes,0.872963490245544
2112,17605090,parcel,6526,10267,1416,1932,,1072,1495,,32,121,4,yes,0.872686938463457
2113,988503,QonQuest,2528,12032,,1922,yes,2067,1361,,2,4,0,,0.87259505778906
2114,15895318,shimeji,1952,12544,,1937,yes,4565,1223,,1,2,0,,0.8718496040883853
2115,9218026,flag,1336,13296,,1958,yes,4018,1243,,3,6,0,,0.8715291832958679
2116,14948456,AziimaN,8866,9723,632,2026,,,1302,yes,0,0,10,yes,0.8711683472782055
2117,14897088,wooting,359,15989,,2025,yes,9124,1120,,8,15,0,,0.871051245362931
2118,2321050,kanocchi,1956,12542,4468,1785,,1698,1397,,25,69,1,yes,0.8709490090723095
2119,10724221,cir,1597,12958,,1949,yes,5005,1209,,1,3,0,,0.87091039411764
2120,7341086,Jalepers,1815,12711,,1942,yes,2352,1337,,6,17,0,,0.8709094769664691
2121,6440158,Misumena,1308,13329,2233,1876,,2567,1322,,7,18,3,yes,0.8708549757816175
2122,17761366,mokrotta,1667,12880,2589,1855,,,1491,yes,0,0,34,yes,0.8703336705667915
2123,8850293,Glock,1369,13251,,1957,yes,6694,1167,,2,3,0,,0.8701542188446487
2124,3495610,Zhen Ji,3171,11607,1743,1905,,,1418,yes,0,0,3,yes,0.8701478508921244
2125,18004953,goofstuh,5260,10638,664,2021,,2381,1335,,21,71,21,yes,0.8701308314027036
2126,10504284,Wolfey-,2576,12010,869,1995,,4106,1240,,3,6,6,yes,0.8697541192810739
2127,685188,FujiwaraNoMokou,1774,12764,,1944,yes,2174,1350,,35,140,0,,0.8689205378861445
2128,8040245,Skellers,1718,12819,1667,1910,,2258,1343,,15,54,3,yes,0.8686852582527435
2129,14094276,dips,9290,9638,812,2002,,,1296,yes,0,0,36,yes,0.8683233653412117
2130,18374171,kioxu,2158,12354,2154,1879,,,1461,yes,0,0,125,,0.8682715158038197
2131,11641164,Hemmid,2571,12012,,1922,yes,3699,1257,,1,1,0,,0.8680946039636751
2132,8484892,vekt0r,6292,10328,,1868,yes,1028,1505,,27,98,0,,0.8669797089453468
2133,16396426,Alphairy,2433,12106,3023,1836,,,1448,yes,0,0,2,yes,0.8669273091910821
2134,9961436,Surpy,7616,9999,,1856,yes,943,1526,,39,160,0,,0.8664652501738688
2135,12944109,makipan,8430,9817,446,2061,,2017,1366,,30,119,12,,0.8663236085419307
2136,14531430,birria,2269,12244,2158,1879,,,1456,yes,0,0,28,yes,0.866134841092701
2137,19672313,Relicx,3250,11559,1677,1909,,,1415,yes,0,0,11,yes,0.8660029619133247
2138,20508179,Andutu,2412,12120,2326,1870,,,1449,yes,0,0,6,yes,0.8658951004540811
2139,2440191,-LucidDream-,4607,10880,1062,1969,,,1376,yes,0,0,4,yes,0.8656477670284277
2140,2854598,[ Couch ],3633,11341,2679,1851,,1119,1486,,69,253,6,yes,0.8653395192522642
2141,11231410,UserSeif,3489,11420,1605,1915,,,1407,yes,0,0,45,yes,0.865021697397097
2142,5285044,Kusiu,11212,9301,,1830,yes,786,1577,,46,246,0,,0.8648435655587392
2143,9558549,moonpoint,2082,12424,,1934,yes,2011,1367,,20,69,0,,0.8648198323474566
2144,7910282,ddm,6853,10186,,1863,yes,978,1516,,16,70,0,,0.864764673938992
2145,5315077,vdc,2703,11919,338,2102,,7176,1157,,28,81,15,yes,0.8642758406465936
2146,12981253,In Rainbows,2647,11959,1962,1890,,,1438,yes,0,0,22,yes,0.8638164049856596
2147,11208808,Ainee,2552,12021,791,2005,,4689,1219,,3,6,6,yes,0.8637286459328011
2148,14711593,doxxsan_,1809,12725,,1943,yes,2192,1349,,18,76,0,,0.8636370839154006
2149,30221183,hellenirket,5354,10609,1232,1950,,,1359,yes,0,0,61,,0.8635376031080424
2150,20336659,Luuon,1819,12706,2349,1869,,2466,1329,,3,8,1,yes,0.8629854765400176
2151,22069365,Magnetic_,1209,13476,3354,1822,,,1527,yes,0,0,19,,0.8628713582547757
2152,8874346,kairoun,5838,10456,1107,1963,,,1349,yes,0,0,22,yes,0.8622855704575951
2153,17272840,Nutricula,8089,9889,,1852,yes,895,1536,,17,79,0,,0.8620945884378333
2154,15844264,melon28,2987,11719,1860,1897,,,1425,yes,0,0,7,yes,0.861825522554798
2155,14177677,whatsoever,8527,9796,744,2012,,,1306,yes,0,0,12,yes,0.8609616482293398
2156,8816844,omphen,4197,11052,,1892,yes,1297,1454,,13,58,0,,0.8609498877379486
2157,11357673,MarcelSvK,1673,12873,3592,1815,,1657,1401,,1,1,5,yes,0.8603680712227447
2158,13319616,kaver,2882,11787,1901,1894,,,1429,yes,0,0,10,yes,0.8594588102615872
2159,7630067,slxxpyarisa,1745,12793,,1944,yes,6830,1164,,1,2,0,,0.8588826489123264
2160,8788898,mannheim,4776,10814,928,1987,,2093,1358,,36,117,29,yes,0.8586514275369654
2161,3010281,Soba Noodles,3662,11322,,1901,yes,1413,1434,,9,44,0,,0.8582565169530151
2162,14544683,bob leponge,1202,13482,3846,1806,,3459,1268,,1,6,1,yes,0.8579720122787693
2163,9901731,Handrees,2516,12042,,1923,yes,4294,1233,,1,1,0,,0.8576265604559823
2164,24387999,-Mahiro,1022,13813,,1972,yes,3770,1253,,6,16,0,,0.8575087134807564
2165,15104181,-Gavin,1194,13492,2934,1839,,7023,1160,,1,1,8,yes,0.8567693633497733
2166,16044967,mayreel,2664,11948,2087,1883,,,1438,yes,0,0,9,yes,0.8558727579630008
2167,7774709,Gigi8974,661,14586,,1992,yes,5124,1206,,5,17,0,,0.8557315419070672
2168,2715937,Ahmnesia,8295,9845,,1850,yes,862,1547,,9,33,0,,0.8553667562777978
2169,16104885,VANILLA KISSES,2297,12217,2505,1860,,,1454,yes,0,0,6,yes,0.8553197949722391
2170,13472074,Lee Chong Wei,2180,12331,,1931,yes,2051,1362,,5,25,0,,0.8550464114589797
2171,7461619,Azun,2601,11991,2042,1885,,,1440,yes,0,0,17,yes,0.8549160123645617
2172,16951468,Femcel,1524,13076,,1952,yes,9919,1106,,1,2,0,,0.8544160480481359
2173,22475910,impasta,9891,9534,796,2004,,,1289,yes,0,0,36,,0.8542952581096909
2174,18340710,stennu,654,14617,4396,1787,,4892,1213,,2,6,2,yes,0.8538272975021173
2175,17358554,Mitsukai Dokuro,889,14033,,1978,yes,9974,1105,,1,4,0,,0.8517949000941235
2176,3360947,_WinRAWR,1502,13095,,1953,yes,2952,1298,,4,15,0,,0.851792123361498
2177,20476733,PolariaV2,4183,11059,1344,1938,,,1387,yes,0,0,7,yes,0.8515954919399269
2178,13831265,WhitePixel_,987,13879,,1974,yes,4424,1228,,4,11,0,,0.8512192436954984
2179,16043684,- Erina -,3448,11448,280,2122,,8546,1130,,5,10,7,yes,0.8512148105114011
2180,5104320,SeeL,3422,11459,,1905,yes,1497,1422,,24,130,0,,0.8508682207379303
2181,3530678,[ G h o s t ],5697,10501,1151,1959,,,1352,yes,0,0,19,yes,0.8503107992078216
2182,29098220,klappy1,1939,12564,2460,1862,,,1473,yes,0,0,31,yes,0.8497123277424612
2183,3675733,Hina-san,2367,12162,,1926,yes,2042,1363,,3,12,0,,0.849663641169361
2184,5266983,5266983,3419,11461,,1905,yes,1487,1424,,1,4,0,,0.8495235285217396
2185,10278329,impossa,2003,12489,1939,1892,,2028,1365,,8,27,5,yes,0.8493104738500773
2186,2282145,Jiuchu,10484,9423,,1835,yes,822,1560,,91,439,0,,0.8487263284026889
2187,11094254,tektek,4836,10787,1350,1937,,,1370,yes,0,0,129,,0.8479965789756247
2188,8603987,flopper727,1926,12576,2011,1887,,1946,1373,,5,22,19,,0.8475812986015827
2189,13080423,seki,1520,13080,2793,1845,,,1501,yes,0,0,59,yes,0.8473841549826202
2190,14348847,vozte,3870,11211,1553,1919,,,1395,yes,0,0,96,yes,0.8467059992553756
2191,6933773,-spookster-,2729,11898,2106,1882,,,1435,yes,0,0,8,yes,0.8464913149497506
2192,14660679,julinko,3003,11710,496,2048,,4828,1214,,35,120,24,yes,0.8460880873965236
2193,13407259,WashSucks,1869,12652,5480,1756,,,1478,yes,0,0,2,yes,0.8455998077430578
2194,11079968,eiry,804,14273,,1984,yes,5085,1207,,8,13,0,,0.8445287053623318
2195,12762744,Toilet Player,1270,13389,2557,1857,,2686,1314,,7,22,2,yes,0.8445091095495769
2196,12784319,Fault,7247,10083,971,1980,,1267,1459,,51,212,4,yes,0.8443580665360053
2197,4468765,KABA,4229,11035,1173,1957,,1722,1396,,4,20,7,yes,0.844333934198511
2198,18567604,Kuchiki Rukia,2281,12231,2031,1886,,1744,1393,,30,94,8,yes,0.8440213699853751
2199,12133744,Warpscon,765,14335,2549,1857,,2746,1309,,16,66,11,yes,0.8440048399491771
2200,12068522,MumeiLover,993,13868,2681,1851,,2968,1297,,6,17,4,yes,0.8436731755680938
2201,12324616,Pristine,15416,8703,835,2000,,986,1515,,37,164,11,yes,0.843275198167253
2202,14490563,manicmacho,770,14327,1803,1901,,3968,1245,,11,34,5,yes,0.8432714844104583
2203,11144984,PodVox,1316,13320,3945,1803,,3298,1276,,2,6,1,yes,0.8431060999412285
2204,7943819,Mommy,3622,11347,,1901,yes,1461,1426,,45,176,0,,0.8429354082026286
2205,8185366,Best459,11886,9193,535,2041,,1810,1386,,28,114,37,,0.8412317456778515
2206,17817105,PUCHUM,2243,12266,,1929,yes,3802,1252,,1,2,0,,0.8410500157880445
2207,27635595,Ryo Mizoguchi,2637,11967,1454,1928,,6845,1163,,1,1,3,yes,0.8407130856157928
2208,26009615,NM4,3506,11411,,1903,yes,1502,1422,,7,27,0,,0.8405226681615637
2209,8110821,polkip,4413,10954,,1889,yes,1276,1458,,5,19,0,,0.8403875277168809
2210,6137858,GLORYHAMMER,2951,11747,2480,1861,,1210,1469,,3,12,14,yes,0.8399286325267126
2211,12016150,meru105,2236,12272,889,1992,,3887,1249,,25,75,23,,0.8394625389686738
2212,5981363,Disappear,3590,11361,1913,1893,,1330,1449,,6,16,24,yes,0.838765285341964
2213,13539892,meramin,1297,13343,1171,1957,,8982,1122,,2,6,11,yes,0.8385445176303508
2214,4704608,Daren,4552,10903,,1887,yes,1235,1464,,7,15,0,,0.838428652365363
2215,19294414,_Jamar,7904,9932,853,1997,,,1315,yes,0,0,12,yes,0.838412802088187
2216,12148238,Timur,2895,11780,1184,1955,,2914,1300,,6,14,36,,0.8377704780514124
2217,14006878,desxd,1458,13143,4973,1769,,,1506,yes,0,0,4,yes,0.8376166104398205
2218,5263422,Dragonite,2924,11766,,1914,yes,2165,1351,,1,2,0,,0.8369091974697076
2219,13456514,anizaka,1686,12860,1206,1952,,4198,1237,,7,22,56,yes,0.8366550624862763
2220,12674517,Fayar,10515,9418,456,2058,,2586,1320,,37,137,137,,0.8352428207137528
2221,7316639,Metridium,3335,11522,1066,1968,,5619,1192,,1,2,8,yes,0.8345911200821176
2222,2022445,imagaK,3578,11368,,1902,yes,1503,1422,,35,143,0,,0.8345005605499849
2223,19971762,gossytenfour,1957,12540,3301,1825,,,1472,yes,0,0,5,yes,0.8343688752304078
2224,12603952,mxie,3630,11343,1654,1911,,1520,1419,,33,93,5,yes,0.8341786298437972
2225,21234876,FuryStir,8441,9814,825,2001,,,1307,yes,0,0,13,yes,0.8335819013760155
2226,13988393,Baechuu,9452,9608,,1842,yes,879,1543,,45,171,0,,0.8334854181689697
2227,5933497,Cream,2052,12448,,1935,yes,3182,1283,,1,4,0,,0.8325609109347165
2228,17965342,Boned,2378,12146,5853,1746,,,1450,yes,0,0,1,yes,0.8322258616820863
2229,2000416,miComet,4479,10931,,1888,yes,1313,1451,,15,50,0,,0.8321843243052996
2230,2339542,Blue-Fox,3069,11667,2644,1853,,,1422,yes,0,0,1,yes,0.8317018756417389
2231,24879119,LittleFede,1271,13385,1827,1899,,3539,1264,,4,10,23,yes,0.830929197078354
2232,35691338,Danoninoplayer,3780,11262,1610,1915,,,1398,yes,0,0,15,yes,0.8308232814683664
2233,13119417,PawlosXpl,2833,11819,1080,1966,,3163,1284,,2,4,3,yes,0.8307551841975548
2234,4764882,gpdl,10180,9480,880,1993,,,1286,yes,0,0,108,,0.8296369668238774
2235,557197,Totoki,6540,10265,,1865,yes,945,1526,,2,11,0,,0.8293443916512984
2236,10929247,hongtongbong,1542,13050,,1952,yes,6670,1167,,1,3,0,,0.8281823113525694
2237,3394696,Salvotore,4246,11023,,1891,yes,1361,1442,,21,88,0,,0.8278862646789767
2238,629717,GGBY,2680,11936,,1920,yes,1847,1381,,9,40,0,,0.8278666577077378
2239,15242810,house,5081,10709,,1881,yes,1245,1462,,57,207,0,,0.8277964662745365
2240,15753356,[12],2171,12342,2529,1858,,,1461,yes,0,0,13,yes,0.8276370062326301
2241,13016277,iryl,297,16393,3881,1804,,3650,1259,,7,29,15,yes,0.827393332850042
2242,9917785,Kouka,1553,13023,6739,1726,,2189,1349,,1,1,2,yes,0.8272447276661208
2243,30979124,yiyao1229,11275,9289,,1830,yes,804,1567,,24,106,0,,0.8268484599228745
2244,2917990,jj986544591,10462,9427,,1835,yes,833,1555,,31,122,0,,0.8260661453011406
2245,18262862,jammxin,1676,12871,1460,1927,,3979,1245,,2,7,4,yes,0.8252812920988154
2246,14824153,Hatori Chise,2514,12045,,1923,yes,5656,1190,,1,1,0,,0.8252480828512325
2247,16882856,Tenyusha,2267,12245,,1929,yes,2373,1335,,2,8,0,,0.8252321538673721
2248,16196228,AlexGreeningham,3296,11540,2209,1877,,,1414,yes,0,0,1,yes,0.8251146733109386
2249,15008806,TheSkum,2799,11845,,1917,yes,2516,1325,,1,2,0,,0.825053167327263
2250,6690981,Spotify,4095,11095,1398,1934,,,1389,yes,0,0,4,yes,0.8249754151153521
2251,5426769,centrux,801,14274,1793,1901,,8065,1139,,1,6,58,,0.8249676571722362
2252,10676766,Naylicia,2932,11762,,1914,yes,3077,1290,,1,1,0,,0.8245187717220159
2253,13294300,Uranium,3831,11234,1503,1924,,,1397,yes,0,0,3,yes,0.8238310350968286
2254,13323039,HAJIO6CTEP,2721,11904,1541,1920,,4301,1232,,1,2,128,,0.8236498692877656
2255,18271627,grillroasted,2622,11976,3163,1830,,,1439,yes,0,0,2,yes,0.8234278673471079
2256,19016280,zluks,1343,13287,4162,1795,,,1515,yes,0,0,8,yes,0.8232666350806374
2257,16366461,Saumon,2332,12193,,1927,yes,2456,1330,,1,6,0,,0.823136671960926
2258,12032130,Sepid,1424,13188,,1955,yes,2786,1307,,22,78,0,,0.8230753274787901
2259,6596066,Ice Angel,985,13881,1371,1936,,6115,1179,,3,9,2,yes,0.8229735823975329
2260,9498216,Recvee,2312,12207,1791,1902,,2445,1330,,2,6,2,yes,0.822567740998615
2261,12110760,cheese ball,3267,11552,1302,1942,,1861,1380,,3,14,2,yes,0.821987063212575
2262,16631623,Spectrier,3461,11440,,1904,yes,1607,1408,,1,2,0,,0.8217671016619686
2263,15888502,ph1x,2482,12070,3526,1817,,,1446,yes,0,0,2,yes,0.8216517694286426
2264,8987016,FDX,1587,12973,,1949,yes,2634,1318,,22,68,0,,0.8215679369310598
2265,14147492,Kueelizzz,2441,12100,3651,1813,,,1447,yes,0,0,2,yes,0.8215258803026234
2266,15639107,Ares Stark,3485,11423,1754,1904,,,1407,yes,0,0,14,yes,0.8214601257307546
2267,6372800,pro,4664,10856,1365,1936,,,1374,yes,0,0,12,yes,0.8212192409227481
2268,8128670,Mysamine,1153,13567,3428,1820,,3642,1259,,4,9,1,yes,0.8208425587040994
2269,9422204,Masox,3357,11504,,1906,yes,1608,1407,,18,73,0,,0.8199707642365868
2270,10805852,_necroplasma,13776,8915,1061,1969,,885,1540,,20,69,6,yes,0.8198390835966156
2271,10699801,bencyphyr,2662,11951,653,2023,,3837,1251,,9,24,6,yes,0.8192998433676764
2272,7400150,MarianCap [AR],2558,12017,2214,1876,,,1442,yes,0,0,23,yes,0.819186926526499
2273,4939107,z0mbir,5308,10623,2412,1865,,1139,1484,,29,120,2,yes,0.8191543434634123
2274,7924600,Sil,1995,12497,1384,1935,,2434,1331,,24,82,2,yes,0.8191053236753911
2275,3121234,nitrom,2887,11785,1513,1923,,2039,1364,,14,46,14,yes,0.8179190755756054
2276,18345293,Dessiderium,1713,12824,,1945,yes,2795,1306,,5,17,0,,0.8176132526934534
2277,18736170,ifox,1665,12883,782,2006,,7372,1153,,15,42,56,yes,0.8169413560924866
2278,11041380,SpiritYuki,3992,11151,1580,1917,,,1392,yes,0,0,15,yes,0.8165175871397752
2279,24419335,Zubitt,1135,13593,3536,1816,,,1534,yes,0,0,41,yes,0.8164661347166539
2280,4843831,TheKid217,2950,11747,1475,1926,,2505,1326,,1,5,9,yes,0.8160834636445464
2281,11967146,Hunter Thompson,1227,13444,,1962,yes,3222,1280,,15,35,0,,0.8158598740027218
2282,3859506,DeadZoNeD,8843,9729,973,1979,,,1302,yes,0,0,75,yes,0.8154130987857521
2283,5642779,heyronii,1790,12748,1918,1893,,2255,1343,,37,119,12,yes,0.81485603463004
2284,9894718,RanYakumo,9395,9617,642,2024,,1688,1398,,49,200,12,yes,0.8146633587467538
2285,15592469,Tymoteusz,3793,11257,1644,1912,,,1398,yes,0,0,9,yes,0.8146592112856859
2286,6162099,Yeel,9933,9526,547,2040,,,1289,yes,0,0,7,,0.8136552819613347
2287,6673284,chileno,2607,11989,,1921,yes,3133,1286,,1,2,0,,0.8135577467165488
2288,10613132,Patto,4376,10968,1496,1924,,,1381,yes,0,0,23,yes,0.8131904087360842
2289,8914929,luvouva,5438,10581,1591,1916,,1336,1448,,27,95,45,yes,0.8125233809877628
2290,11111361,hubbard,5230,10651,1250,1948,,,1361,yes,0,0,10,yes,0.8122255073068905
2291,11795963,Kuromueina,1657,12894,,1947,yes,3101,1288,,4,12,0,,0.8114570086145421
2292,8232998,God Only Knows,4876,10776,1252,1948,,,1369,yes,0,0,6,yes,0.8113177563810454
2293,14309415,Lexic,20365,8161,1126,1962,,761,1588,,60,231,10,yes,0.8106940884637316
2294,7431496,X2N_,3581,11367,1753,1904,,,1404,yes,0,0,15,yes,0.810652512941824
2295,6988796,E-why,5394,10597,978,1979,,6717,1166,,1,1,16,yes,0.8100157948223183
2296,10096496,Dim0ND,1856,12662,,1941,yes,3602,1261,,3,5,0,,0.8090698031324075
2297,5424170,Jup3KW,2551,12021,,1922,yes,2238,1345,,3,7,0,,0.8084214495787907
2298,16908486,[Axel],2459,12087,2355,1868,,,1447,yes,0,0,17,yes,0.8083516757488695
2299,20558282,Ssseeebbbaaa,2256,12255,2386,1866,,,1456,yes,0,0,44,yes,0.8080740483828115
2300,9365664,dia23,2567,12013,2533,1858,,,1442,yes,0,0,6,yes,0.8075648092744547
2301,3997580,GranDSenpai,3537,11390,,1903,yes,1586,1410,,40,154,0,,0.8072870884705928
2302,6896883,Hugofrost,1134,13598,1583,1917,,4385,1229,,6,16,7,yes,0.805626580520161
2303,2051389,FunOrange,2944,11754,,1914,yes,2480,1328,,1,2,0,,0.8056257471247756
2304,16944319,Haladaes,7711,9974,1012,1974,,,1317,yes,0,0,22,yes,0.8052073142639914
2305,32036751,JabuKa,2039,12456,2590,1855,,,1468,yes,0,0,30,yes,0.8049923472885496
2306,10301769,ibce,2845,11811,2310,1871,,,1430,yes,0,0,6,yes,0.8049133631846628
2307,9634394,balner,3710,11299,1685,1909,,,1400,yes,0,0,3,yes,0.8045988992637609
2308,19435868,biricaseb,1764,12769,3477,1818,,,1484,yes,0,0,8,yes,0.8043538946734782
2309,13418221,Finmi,7436,10039,854,1997,,,1322,yes,0,0,7,yes,0.8043198175454286
2310,1825928,OXIA,2998,11714,959,1983,,2859,1303,,5,13,4,yes,0.8042511464040277
2311,12791087,Misono Mika-,2153,12358,4924,1771,,,1462,yes,0,0,2,yes,0.8042336870079386
2312,13986379,Galahad80,4030,11131,741,2012,,3583,1262,,8,31,24,yes,0.8039231513005645
2313,9683186,-Peachii,3867,11211,,1897,yes,1505,1421,,20,50,0,,0.8038145778961073
2314,10335625,LogiDASH,2008,12485,1406,1933,,4344,1231,,1,4,2,yes,0.8037517954947934
2315,12350960,xractiv,1937,12565,399,2076,,8172,1137,,20,45,9,yes,0.8032717182810166
2316,684433,taku,7632,9995,,1856,yes,1023,1508,,17,57,0,,0.8028730910090462
2317,3123423,Hyppyri,7069,10135,,1861,yes,941,1527,,2,11,0,,0.8026420144002561
2318,16278499,oliwierguwno,2631,11970,3424,1820,,,1439,yes,0,0,2,yes,0.8026277541825529
2319,15803185,disperagioia,550,15032,3149,1830,,8379,1133,,2,4,9,yes,0.8025219101884864
2320,19037363,mihidayo,2391,12133,,1925,yes,8526,1130,,1,1,0,,0.802255956048264
2321,5710809,Sakurauchi Riko,2892,11782,,1915,yes,1841,1382,,12,56,0,,0.8018148800286931
2322,9342760,TheSVONOX,3963,11164,1528,1922,,,1393,yes,0,0,3,yes,0.8015328827896725
2323,10371493,NicoZombL,4451,10943,661,2021,,5017,1209,,4,10,30,yes,0.8014524532578942
2324,7189845,Arni,3646,11333,677,2020,,2881,1302,,8,15,4,yes,0.8011151777216092
2325,16656942,FakeAlexChio,1945,12556,,1938,yes,3450,1268,,2,5,0,,0.8009003637740288
2326,9596684,adiguwno,3356,11504,1882,1895,,,1411,yes,0,0,25,yes,0.8007070276942789
2327,7361815,cavoeboy,3808,11250,1856,1897,,1482,1424,,19,63,18,,0.8006043881289591
2328,11414953,Eryth,3809,11248,,1898,yes,1538,1417,,13,63,0,,0.800450025579895
2329,30556536,avtori,7845,9945,,1854,yes,1000,1512,,12,51,0,,0.8003567712294076
2330,18537849,Kasperi,1744,12793,2513,1859,,2832,1304,,1,2,19,yes,0.7999445450585482
2331,17863453,Nevzz,3078,11662,1991,1888,,,1421,yes,0,0,31,yes,0.7998686011864604
2332,3373422,skylewl,3315,11532,2340,1869,,1392,1437,,4,12,7,yes,0.7993964800682538
2333,12639928,blueliner,2991,11717,,1913,yes,3372,1273,,1,1,0,,0.799168008249467
2334,9883156,lefrutit228,12521,9094,951,1984,,1208,1470,,54,196,15,yes,0.7988851114581725
2335,4338923,Syncro,3643,11336,5926,1744,,695,1612,,20,81,16,yes,0.7985568250944061
2336,15100415,pr1mary,1264,13394,,1961,yes,3831,1251,,5,14,0,,0.7977099455472879
2337,3682852,Maqua,7206,10097,865,1995,,2756,1309,,1,3,22,yes,0.797602348363369
2338,9402526,Ghossert,1697,12848,,1946,yes,3888,1249,,2,6,0,,0.7975856953548229
2339,18844052,Alkoholproblem,2509,12046,2501,1860,,,1444,yes,0,0,9,yes,0.7975453232595086
2340,11921815,korzei,1377,13242,3774,1808,,,1512,yes,0,0,14,,0.797095771485482
2341,15360778,Offhandmango00,1681,12865,897,1991,,7873,1143,,7,17,26,yes,0.7969761839054473
2342,14285691,TerriblyGood,3465,11440,1956,1891,,,1408,yes,0,0,3,yes,0.7969279579822371
2343,2644700,Fenrir,4981,10741,,1882,yes,1239,1463,,2,12,0,,0.7966377564991227
2344,12401523,yasuha,2562,12015,1058,1969,,3935,1247,,5,18,23,yes,0.7965726474774373
2345,106269,Elysion,4163,11065,,1892,yes,1403,1436,,2,9,0,,0.7965177767045792
2346,9350560,LynVA,4534,10913,1049,1970,,2234,1345,,33,117,23,yes,0.7954938330347054
2347,8431549,walle,3507,11409,,1903,yes,1633,1404,,42,164,0,,0.7940189444163159
2348,22308658,Caiden,3353,11508,2520,1859,,,1412,yes,0,0,1,yes,0.7938598302012848
2349,6450765,nava,1120,13635,1215,1952,,4637,1221,,9,28,3,yes,0.7935754833589972
2350,9961743,-Mikeyy,716,14445,4819,1773,,,1586,yes,0,0,27,yes,0.7931148428909558
2351,12975612,My Angel Bawe,4788,10809,,1884,yes,1332,1449,,10,22,0,,0.792145243524902
2352,16555504,ProPlaysForMe,1331,13300,7514,1710,,,1516,yes,0,0,3,yes,0.7921070059977171
2353,11579591,Viperbiter,2643,11963,4642,1779,,1759,1391,,1,3,1,yes,0.79199984372604
2354,10520757,WARABIMON,2268,12244,,1929,yes,2502,1326,,4,10,0,,0.7917424549262012
2355,3959582,kiiro127,3241,11565,1509,1923,,2050,1363,,15,60,22,yes,0.7916923642132716
2356,7082242,Caution,2911,11771,,1915,yes,4008,1244,,1,1,0,,0.7914284123670723
2357,12242149,bruhby,1620,12928,5018,1768,,,1494,yes,0,0,4,yes,0.7911602989790094
2358,17008453,shinomontaj,1517,13085,,1953,yes,2993,1295,,19,45,0,,0.7906011643116028
2359,10028762,jpjtyld,1049,13764,1247,1949,,5947,1183,,8,19,6,yes,0.790548851129261
2360,22613611,yellowbadbeast,5019,10732,486,2051,,8315,1134,,2,9,48,yes,0.7903964385936624
2361,14264625,- Fia -,863,14124,9199,1679,,,1565,yes,0,0,4,yes,0.7902903097889953
2362,11417629,kitty irl,11152,9311,851,1997,,,1276,yes,0,0,48,yes,0.790047490972923
2363,14925692,dxky,3005,11709,,1913,yes,2527,1324,,1,2,0,,0.7897344297589449
2364,4322869,Aknama,1603,12952,2284,1873,,2764,1308,,5,12,6,yes,0.7893431726035331
2365,14499336,Basei,2455,12087,,1924,yes,8590,1129,,1,1,0,,0.7888031923827895
2366,15585234,Maxmus,2366,12165,4398,1787,,,1451,yes,0,0,2,yes,0.7877772996688581
2367,2762603,Fixr,2711,11914,,1919,yes,2046,1363,,5,21,0,,0.7877411018479741
2368,13170169,VoiD_Matterr,3605,11355,1145,1960,,3073,1290,,3,8,15,yes,0.7874592530873555
2369,7062642,PoMAH nuBoBAPoB,3925,11180,1646,1912,,,1394,yes,0,0,4,yes,0.7869788875564951
2370,10754709,perich,4549,10906,1532,1921,,,1377,yes,0,0,19,yes,0.7868375478633207
2371,6659116,Vordi,2725,11900,1521,1922,,2316,1339,,11,42,15,yes,0.7864595255668811
2372,7802232,oGod111o,2726,11900,,1918,yes,5624,1191,,1,1,0,,0.7862155218892729
2373,10822717,Accelerator,1900,12606,644,2024,,5733,1189,,30,79,10,yes,0.78593267314949
2374,22941611,Jestrr_,597,14868,6864,1723,,,1607,yes,0,0,11,yes,0.7857085612308111
2375,13241206,Loopes,3424,11458,2429,1864,,,1409,yes,0,0,1,yes,0.7856511599257294
2376,14252935,astrin,2901,11775,467,2056,,5642,1191,,5,15,6,yes,0.7851110522070877
2377,15392570,Musa,5672,10506,2002,1888,,1179,1474,,31,123,9,yes,0.7851004139615234
2378,9155429,Nethersonic,1621,12926,2381,1867,,3158,1284,,6,9,2,yes,0.7847682288734943
2379,10552613,unmei,3156,11615,1085,1965,,2983,1296,,4,14,8,yes,0.7844163721666413
2380,17363777,angel devil,8926,9709,891,1992,,,1301,yes,0,0,14,yes,0.784020156356389
2381,4560592,NoGari,5933,10433,297,2116,,8979,1122,,16,64,84,yes,0.7838192792482952
2382,5841333,nCarinae,3195,11593,1209,1952,,2689,1314,,8,23,13,yes,0.78333558128507
2383,13250784,ayakalover123,3225,11573,1370,1936,,6146,1179,,1,1,3,yes,0.783299955190912
2384,11706350,Tuco,5426,10586,2487,1861,,1110,1488,,69,255,6,yes,0.7832716411267902
2385,12023323,Balma,3566,11376,691,2018,,5348,1199,,5,15,22,yes,0.7829160330596724
2386,17911828,Lopakin,7893,9934,702,2016,,7563,1149,,1,2,44,yes,0.782374480534091
2387,13674788,kaguno sora,750,14361,4716,1776,,2384,1335,,1,1,20,yes,0.7823305902835832
2388,17822442,- Alice,6809,10198,1111,1963,,,1332,yes,0,0,13,yes,0.7820727968418781
2389,10790692,Makaron,2704,11917,5483,1756,,,1436,yes,0,0,1,yes,0.7820299477015136
2390,9924405,Raoul,4018,11135,,1895,yes,1540,1417,,122,409,0,,0.7818697883038381
2391,8530809,Delchoran,3539,11389,3280,1826,,1296,1454,,46,190,4,yes,0.78168614189168
2392,11638561,baconelsker,3659,11325,763,2009,,5122,1206,,3,13,25,yes,0.7806555950776929
2393,18347666,Azasapag,6297,10327,1125,1962,,1634,1404,,36,129,10,yes,0.7805375668987588
2394,10500832,[Crz]xz1z1z,7837,9947,,1854,yes,1046,1500,,23,89,0,,0.7805369190336979
2395,12100938,[ Demo ],3425,11458,1907,1893,,,1409,yes,0,0,157,yes,0.7799215298552654
2396,15594602,Dextrol,1635,12908,1783,1902,,3321,1275,,5,14,24,yes,0.7798341683062768
2397,1507666,dezodor,6460,10285,1222,1951,,,1337,yes,0,0,21,yes,0.7794178558324293
2398,19709801,scuri,4192,11055,,1892,yes,1500,1422,,20,64,0,,0.779081494953729
2399,11786359,Bry,2032,12465,2647,1852,,,1468,yes,0,0,64,yes,0.7790655082998483
2400,11774020,zecutor,8456,9811,898,1991,,1535,1417,,16,44,8,yes,0.778929977686612
2401,2438122,Beafowl,3152,11617,7306,1714,,1345,1447,,2,11,1,yes,0.7785752423001127
2402,10119389,neko-nin,2192,12312,,1931,yes,4034,1243,,1,3,0,,0.7783642689696334
2403,9079969,Koxiuuu,8708,9756,1037,1971,,,1304,yes,0,0,49,yes,0.7782541738586307
2404,16535905,Osakari,4318,10991,1632,1913,,,1383,yes,0,0,34,yes,0.7781005777223435
2405,10143086,hotcat190,5632,10519,2013,1887,,1192,1472,,26,94,11,yes,0.7779819442690497
2406,9192260,Belfast,2436,12104,,1925,yes,2133,1355,,34,111,0,,0.7779174131550832
2407,35600324,Xerillia,60290,6108,,1679,yes,289,1865,,14,74,0,,0.7768971725305106
2408,21785256,-Tuo,911,14001,,1977,yes,8652,1128,,2,6,0,,0.7768198327524958
2409,10690857,stum,3529,11394,1983,1889,,,1406,yes,0,0,4,yes,0.7765355807633869
2410,13966527,Ant -w-,1525,13075,,1952,yes,8596,1129,,1,3,0,,0.7762583975870744
2411,19696026,Ndrea,2566,12014,5626,1752,,1981,1370,,1,1,1,yes,0.7755676020829927
2412,10525121,Whenimazombie,7734,9970,855,1997,,1652,1402,,23,72,7,yes,0.7754050468116809
2413,4162662,Jerekek,3418,11461,,1905,yes,1774,1390,,5,14,0,,0.7750237792846761
2414,12048359,PEAC 3,1266,13392,2197,1878,,3693,1257,,6,15,2,yes,0.7742262328110474
2415,2295787,scuoa,2547,12024,,1922,yes,3942,1246,,1,2,0,,0.7741355379281408
2416,29044372,Smoyy,2450,12093,,1924,yes,4308,1232,,1,2,0,,0.7740913224660325
2417,5136821,Toua,5653,10514,1393,1934,,1568,1413,,41,121,15,yes,0.7731770342207807
2418,13869127,kinon,3014,11704,2159,1879,,,1424,yes,0,0,28,yes,0.7726874887082777
2419,4571336,Floaddy,3150,11618,,1910,yes,2056,1362,,2,5,0,,0.7720535014069404
2420,12967997,swake,839,14176,1263,1947,,4726,1218,,27,66,1,yes,0.7712922645007432
2421,13041927,Rasukiii,1700,12844,5065,1767,,,1488,yes,0,0,4,yes,0.7712314805290724
2422,13441412,Ireina,2414,12118,2735,1848,,,1449,yes,0,0,9,yes,0.7711755291856809
2423,4784772,Nuage,5828,10459,,1872,yes,1273,1459,,32,132,0,,0.7709720740763013
2424,13802569,Kimchisshi,7977,9916,,1853,yes,1062,1497,,44,131,0,,0.770331556725296
2425,17605046,deadwifi,3703,11303,1876,1896,,,1400,yes,0,0,9,yes,0.770246819491123
2426,19084209,Lysao,1123,13624,2441,1863,,5014,1209,,3,5,9,yes,0.7694316337947008
2427,20741077,Duklet,1692,12856,1676,1909,,5510,1194,,2,5,13,yes,0.7690305346287151
2428,10411007,s1j,7809,9952,1178,1956,,,1316,yes,0,0,104,,0.7688244048875692
2429,10262000,Heo,2618,11979,1059,1969,,3224,1280,,12,35,7,yes,0.7681252498107386
2430,17891741,yousif,1789,12748,3341,1823,,2525,1324,,1,2,6,yes,0.7675592421199046
2431,2946481,Vanilla,1776,12763,3114,1831,,,1483,yes,0,0,25,yes,0.767381946074823
2432,31793093,nitystarex,2706,11917,5947,1744,,,1436,yes,0,0,1,yes,0.7672340597668065
2433,6602580,Daichi,3244,11562,2419,1864,,1478,1424,,9,26,10,yes,0.7670437438354674
2434,3122948,Ignite,3736,11283,3654,1813,,1467,1426,,22,88,1,yes,0.7670250612719236
2435,8758104,Stravez0r,1846,12675,5029,1768,,2693,1313,,3,6,1,yes,0.7664611963890208
2436,14475188,luxcks,1541,13051,1251,1948,,4199,1237,,11,43,7,yes,0.7663965969171812
2437,16227480,Bqq,2449,12093,4465,1785,,,1447,yes,0,0,2,yes,0.7663724888429655
2438,10935960,Ketsui,9682,9568,1194,1954,,1234,1464,,12,55,10,yes,0.7662207673251943
2439,9632648,soft kitten,3133,11628,1320,1940,,2424,1332,,32,97,11,yes,0.7653478558111505
2440,5182623,Ontoryran,3521,11400,,1903,yes,1736,1394,,43,160,0,,0.7650900106432467
2441,9589295,Notpyon,2169,12342,1604,1916,,2721,1311,,6,19,2,yes,0.7648069453807266
2442,4185921,Ceja,2427,12112,,1925,yes,2613,1319,,4,8,0,,0.7643708565001176
2443,2527887,RasmusCactus,6654,10234,,1864,yes,1087,1491,,4,15,0,,0.7639660705684407
2444,20367144,citrous,4794,10807,511,2046,,7076,1159,,1,5,9,yes,0.7635520730903087
2445,4913598,Shaiden,3413,11465,2560,1857,,1684,1399,,3,11,1,yes,0.7635082230178909
2446,7644691,Pangetism,10460,9428,1189,1954,,1309,1452,,17,70,40,yes,0.7633835484993131
2447,12742221,Celybi,10184,9480,583,2034,,1766,1391,,25,104,8,yes,0.7632741515193056
2448,21277712,asrieI,3200,11588,2186,1878,,,1417,yes,0,0,11,yes,0.7632073672914395
2449,280147,Noname0,4348,10977,,1890,yes,1492,1423,,8,28,0,,0.7630791690409087
2450,18693500,airiest,3781,11262,1878,1896,,,1398,yes,0,0,6,yes,0.7627952873925363
2451,14719475,beaver,2824,11825,2992,1837,,,1431,yes,0,0,3,yes,0.7625280683116806
2452,8598602,shde-,1821,12703,4709,1777,,3666,1258,,2,3,1,yes,0.7625160303317742
2453,12801181,GLORYHAM,1857,12662,4668,1778,,,1478,yes,0,0,4,yes,0.7624765538477748
2454,21254711,lucee6,2229,12276,,1930,yes,5848,1185,,1,2,0,,0.7621380324348552
2455,4644354,Iliekwaffles,2421,12115,,1925,yes,2704,1313,,2,7,0,,0.7621208531939162
2456,10414827,SpidiMun,4046,11122,629,2026,,3926,1247,,33,100,17,yes,0.7620874297472637
2457,17241883,ExiaXD,10049,9505,393,2083,,2311,1340,,76,231,8,yes,0.7620143221803171
2458,14878652,AlefGdxD,4882,10774,861,1996,,2812,1306,,14,48,16,yes,0.7618736600544972
2459,5536431,FengShen,2154,12358,1499,1924,,3757,1254,,3,9,12,yes,0.7617759042639481
2460,8182461,Sayara,3259,11555,,1908,yes,3174,1284,,1,1,0,,0.7617246486066999
2461,13297978,Plapa,2392,12131,,1925,yes,2244,1344,,16,55,0,,0.7617045119386046
2462,8656273,Chiya1001,3245,11562,2450,1863,,,1415,yes,0,0,3,yes,0.7607130584272783
2463,26486873,Choco001,12502,9097,1027,1973,,1036,1502,,6,26,6,yes,0.7604732856289791
2464,16016295,HyunminBak,3516,11404,2585,1856,,,1406,yes,0,0,1,yes,0.7603166214425633
2465,13234370,calista,2874,11793,3400,1821,,,1429,yes,0,0,2,yes,0.7602144634588546
2466,7858823,DoIon,1763,12773,,1944,yes,4194,1237,,2,6,0,,0.7595770056729113
2467,18863133,Skiddy07,4509,10920,1612,1915,,,1378,yes,0,0,12,yes,0.759509033076917
2468,13889062,RGRTG,6736,10216,895,1992,,,1333,yes,0,0,4,yes,0.7594907077238486
2469,12985377,rakod,2666,11946,6512,1731,,,1437,yes,0,0,1,yes,0.7593258128446603
2470,14658906,dax420,1244,13421,,1962,yes,3732,1255,,8,28,0,,0.7590691722254357
2471,6543371,KuplinovPlay,5068,10713,1551,1919,,,1365,yes,0,0,140,,0.758894632148984
2472,4430263,Just2Gud,3952,11169,1335,1939,,1915,1375,,26,81,4,yes,0.758518291543816
2473,7781914,Rikiya,1585,12976,,1950,yes,4186,1237,,4,8,0,,0.7582012330137685
2474,8511505,Jalomus,2160,12352,2686,1850,,,1461,yes,0,0,46,yes,0.7581115770239021
2475,5554231,brahm,4110,11090,884,1993,,2583,1320,,14,45,6,yes,0.7574379237953659
2476,14258938,radicallad,3895,11197,1296,1942,,2116,1356,,14,49,8,yes,0.7573990321943183
2477,19026015,OneEyed,5094,10706,1332,1939,,,1364,yes,0,0,5,yes,0.757252772248954
2478,4705732,eran,1203,13480,,1963,yes,4422,1228,,5,14,0,,0.7571622315499191
2479,16789458,bubblesimpi,1290,13353,,1960,yes,3835,1251,,8,21,0,,0.7569776482869641
2480,12280957,ofek,2133,12377,3362,1822,,,1463,yes,0,0,7,yes,0.7562984888418176
2481,7077648,Junjou,2282,12231,1390,1934,,3211,1281,,16,49,27,yes,0.7560492649826318
2482,13353087,Anti Kevin,2748,11880,1786,1902,,4038,1243,,1,2,11,yes,0.7559725801415285
2483,17086658,Fmi,2014,12482,,1936,yes,2700,1313,,7,26,0,,0.7559106584900039
2484,14935208,Kailler,2981,11724,2240,1875,,,1425,yes,0,0,42,yes,0.7557102773123958
2485,9513144,zyanishu,1215,13468,4296,1790,,,1526,yes,0,0,16,yes,0.7554181405957637
2486,4915980,valera456,1127,13610,3562,1816,,4313,1232,,2,7,2,yes,0.7553232399506236
2487,4930467,Doggie,4983,10741,1271,1945,,1913,1376,,8,17,10,yes,0.7549446734435916
2488,1644514,hshs,4169,11063,,1892,yes,1507,1421,,2,5,0,,0.7548458040704329
2489,9037054,Hasaki,2306,12210,,1928,yes,2387,1334,,14,39,0,,0.7546496041449006
2490,11488178,veryasian,3835,11233,1873,1896,,,1396,yes,0,0,32,yes,0.7545363235862282
2491,6421116,ProAtBeingANoob,2872,11794,,1915,yes,3279,1277,,1,2,0,,0.7545073190528635
2492,7406009,[ Hyung ],3064,11670,,1911,yes,2495,1327,,1,3,0,,0.7544859582093613
2493,11923800,[ Luka ],8588,9785,,1848,yes,1035,1502,,24,99,0,,0.7543641850154639
2494,16339761,himeka,4470,10933,1535,1921,,1775,1390,,6,19,13,yes,0.7543638821285708
2495,26138009,Hu2y,2434,12106,,1925,yes,4862,1213,,1,2,0,,0.7543127734078159
2496,9147264,AngelKiller,5512,10559,1423,1931,,,1355,yes,0,0,18,yes,0.7542820789620275
2497,4075655,970,4803,10805,,1884,yes,1451,1428,,39,142,0,,0.7534282614692253
2498,7125675,Ev1dent,2743,11884,,1918,yes,2176,1350,,5,20,0,,0.7529519678059764
2499,8806469,Luck3r,2828,11821,1987,1888,,2358,1337,,1,3,74,,0.7529204649881936
2500,17265355,H O R I Z,1137,13593,2262,1874,,7680,1147,,2,4,8,yes,0.752624417168215
2501,9031871,Azerite8,1152,13567,3910,1803,,,1532,yes,0,0,50,yes,0.752310807796387
2502,12510753,qrd,1614,12940,4632,1779,,,1494,yes,0,0,6,yes,0.7520230044208805
2503,8315885,Xyphox,8615,9778,,1848,yes,1050,1500,,43,160,0,,0.751300433001248
2504,2539010,ReusoL,3199,11588,1673,1909,,2971,1297,,1,3,17,yes,0.7509359849617828
2505,12009458,gogos,1538,13055,2995,1837,,2821,1305,,8,27,2,yes,0.7495547614165305
2506,14358922,blench,867,14116,1838,1899,,4720,1218,,10,42,2,yes,0.7494327414672702
2507,14288068,aspect9,2863,11798,,1915,yes,6087,1180,,1,1,0,,0.7493346117419829
2508,4495871,Mizuru,2258,12253,,1929,yes,3347,1274,,2,5,0,,0.7488209293510855
2509,8354698,_tottoko_,3161,11612,1312,1941,,2283,1341,,31,106,4,yes,0.7480893808736506
2510,9261505,KingScrub,3099,11648,,1911,yes,2034,1365,,5,17,0,,0.7480166809792159
2511,27808979,Kasimir08,11500,9251,550,2039,,2301,1340,,9,27,23,yes,0.7480120906757066
2512,12177182,Ken,1442,13169,6461,1732,,2421,1332,,2,7,2,yes,0.7478891665400796
2513,5386106,deruz,2230,12275,,1930,yes,2648,1317,,10,17,0,,0.7477436092478292
2514,12181599,Zebahlinni,3496,11414,2021,1886,,,1407,yes,0,0,32,yes,0.7476466626262932
2515,13147189,AARONGAMER1,2768,11866,2676,1851,,1655,1402,,1,3,7,yes,0.7473261649225056
2516,4773094,daw9801,3683,11314,,1900,yes,1758,1392,,18,48,0,,0.7472165166309339
2517,13884057,Heli0n_,1787,12750,6078,1741,,,1483,yes,0,0,3,yes,0.7470948423326105
2518,7064509,Refrum,2328,12196,2822,1844,,,1453,yes,0,0,14,yes,0.7469030045566127
2519,12028437,Miggie,2589,11996,1357,1937,,2927,1299,,18,58,11,yes,0.7466365148469637
2520,5366933,HDJump,48045,6543,,1704,yes,350,1824,,9,40,0,,0.7459031683206842
2521,6284683,Jagester,1104,13668,,1968,yes,6448,1172,,2,8,0,,0.745898610889193
2522,21706207,gionuaS,2827,11822,5661,1751,,1683,1399,,4,11,1,yes,0.7451109803898095
2523,12387359,Legitted,3279,11545,1236,1950,,3316,1275,,6,12,17,yes,0.744960579764695
2524,19829661,Rabusu,6336,10317,1374,1935,,,1340,yes,0,0,55,,0.7447915946824097
2525,467843,Ququlu,9832,9544,,1839,yes,983,1515,,31,140,0,,0.7446745728326069
2526,12263141,-cy,1188,13507,4015,1800,,,1529,yes,0,0,36,yes,0.7445712742670959
2527,12174041,PaladinofIceTea,5044,10723,1434,1930,,,1365,yes,0,0,6,yes,0.7444953467487488
2528,15371872,silversnake,5704,10500,1402,1933,,,1352,yes,0,0,15,yes,0.7439238905877927
2529,9096716,Ooi,2842,11814,5779,1748,,,1430,yes,0,0,1,yes,0.743735739039552
2530,7979597,KirbyTwister,2763,11870,995,1977,,3376,1273,,63,205,9,yes,0.7433653262168742
2531,15525680,Peloraje,919,13988,,1977,yes,5666,1190,,5,15,0,,0.7433390995145724
2532,14231641,SparxieFan059,2285,12228,2089,1883,,2390,1334,,5,16,9,yes,0.74304139382776
2533,18419720,Owpack,2850,11809,5775,1748,,,1430,yes,0,0,1,yes,0.7423183960967827
2534,18973222,saykk,885,14047,5322,1760,,2594,1320,,6,23,4,yes,0.742263596919956
2535,16624525,celest,3277,11545,2280,1873,,1680,1399,,1,3,9,yes,0.7419107896426178
2536,4581715,dunois,4918,10762,,1882,yes,1272,1459,,1,4,0,,0.7414409581309522
2537,4404918,Chilluno,7509,10022,882,1993,,5645,1191,,1,1,13,yes,0.7412262385558228
2538,10285963,murziels,2583,12008,,1922,yes,2287,1341,,12,32,0,,0.7408293640639417
2539,10157694,-felicia,7056,10137,,1861,yes,1211,1469,,86,318,0,,0.7404870411999868
2540,11021779,JORMU9GAND,1892,12615,3703,1811,,,1476,yes,0,0,9,yes,0.7403547984971813
2541,12474947,falaa,3553,11384,2267,1874,,1643,1403,,8,34,5,yes,0.739844000292946
2542,5340127,Xilent,8040,9900,1205,1952,,,1313,yes,0,0,87,,0.739708979762608
2543,26249841,Wqlfing,2993,11717,,1913,yes,5419,1197,,1,1,0,,0.7395440673469444
2544,4039773,TinyPark,3911,11191,,1896,yes,1708,1397,,2,7,0,,0.7394898819606471
2545,15180662,tgnalice,1858,12661,5846,1746,,,1478,yes,0,0,3,yes,0.7393104019622384
2546,11184264,Applett,1782,12757,,1943,yes,3047,1291,,9,32,0,,0.7392035427680272
2547,11464364,Dantes [L9],4143,11073,1692,1908,,,1388,yes,0,0,2,yes,0.7388680850905528
2548,14208826,NeuRoNoWa,2081,12427,2182,1878,,4886,1213,,1,2,21,yes,0.7387701750720957
2549,9557171,RYPSON,3019,11701,,1912,yes,2052,1362,,13,44,0,,0.7379804254547258
2550,8329753,yukin1014,790,14294,,1984,yes,5820,1186,,7,22,0,,0.7379697337240891
2551,12902737,my angel amuro,1251,13411,,1961,yes,4083,1241,,11,22,0,,0.7376941817844563
2552,30479068,autibun,1872,12649,3541,1816,,,1477,yes,0,0,12,yes,0.7372535322021052
2553,3168085,Fblade,7729,9971,4436,1786,,994,1514,,18,75,1,yes,0.7368110433564454
2554,16748549,HuanRoseVN,6053,10402,685,2019,,2647,1317,,18,69,9,yes,0.7367977073064048
2555,13422451,ghost princess,3122,11634,,1910,yes,4571,1223,,1,1,0,,0.7364536997525893
2556,19476222,Mqre,17467,8461,,1796,yes,722,1602,,27,104,0,,0.7359424821076654
2557,756068,Serena,3613,11352,,1902,yes,2517,1325,,1,1,0,,0.7355908351861447
2558,10329976,hexaxp,2765,11868,3398,1821,,,1433,yes,0,0,3,yes,0.7351858854226548
2559,14339400,Peeker,3202,11586,1706,1907,,2285,1341,,4,8,4,yes,0.7346522765450421
2560,13457440,OnlyJacob,7131,10116,2046,1885,,1091,1491,,8,30,12,yes,0.73446177387565
2561,14651919,Potenchill,7780,9960,1190,1954,,,1316,yes,0,0,28,yes,0.7344137361250505
2562,8364754,waste-,2934,11761,,1914,yes,2543,1324,,1,5,0,,0.7341585591931069
2563,11377412,nutel,3514,11405,2148,1880,,,1406,yes,0,0,11,yes,0.7340507589185605
2564,9217468,Aseridan,596,14873,5890,1745,,3043,1291,,3,11,6,yes,0.7338867359776204
2565,7321790,Asatopskii,1746,12790,3776,1808,,,1485,yes,0,0,12,yes,0.7337808778169285
2566,23387365,diceypoo69,1903,12603,3435,1819,,,1476,yes,0,0,13,yes,0.7335575988001305
2567,17636323,farsighted,2809,11837,6395,1734,,,1432,yes,0,0,1,yes,0.7328115625377245
2568,11753451,Mikjorn,1070,13724,,1970,yes,5829,1186,,5,11,0,,0.7324935118786216
2569,18381453,Schmaddl,4822,10796,327,2104,,8994,1122,,3,11,9,yes,0.7322976406651269
2570,16303970,Ethan Jeon,7432,10039,708,2016,,2440,1331,,44,141,13,yes,0.7322546254861106
2571,15761757,Vaychi,4211,11044,1814,1900,,,1386,yes,0,0,11,yes,0.7311227477411346
2572,26073893,Rolhalovich,5480,10567,1531,1921,,,1356,yes,0,0,37,yes,0.7306974665317988
2573,5346146,Drerrie,2972,11728,,1913,yes,2095,1358,,15,54,0,,0.7303580802366911
2574,22934116,Klonmasd,2581,12008,4701,1777,,,1441,yes,0,0,2,yes,0.7300762637595768
2575,10901058,uoop,4959,10749,1595,1916,,,1367,yes,0,0,13,yes,0.729600590756009
2576,9507660,Dabo,6009,10411,1949,1891,,1305,1452,,15,64,17,yes,0.7292484127455343
2577,11426332,Vilensi,640,14678,3639,1813,,9864,1107,,1,3,10,yes,0.7285358014423371
2578,6906789,Tedda,4419,10953,,1889,yes,1594,1409,,28,102,0,,0.7277977540562257
2579,17192549,DamoGui,3871,11210,2095,1883,,,1395,yes,0,0,2,yes,0.7277232513515801
2580,17635064,rver,3635,11339,2832,1844,,,1402,yes,0,0,1,yes,0.7270145373911376
2581,12490173,Yqno,4793,10807,1614,1915,,,1371,yes,0,0,8,yes,0.7266720441345893
2582,10909373,vetoed,1783,12753,,1943,yes,3304,1276,,7,19,0,,0.7262813852823866
2583,2367544,Meiph,5348,10611,,1877,yes,1386,1439,,6,19,0,,0.7255451948285948
2584,10166961,AliceMargatroid,3411,11468,1690,1908,,2060,1361,,47,156,7,yes,0.7254174119294345
2585,17655830,10mi10,1467,13133,1484,1925,,6118,1179,,6,12,15,yes,0.7249750547852359
2586,4121149,czumpi,2080,12427,,1934,yes,3313,1275,,2,9,0,,0.7243121337621986
2587,18628858,OCY 3HAETE,7931,9925,1245,1949,,,1314,yes,0,0,53,,0.7242275089750814
2588,7050754,Vandabe,2383,12140,,1926,yes,2476,1328,,10,45,0,,0.7240065234673172
2589,7177201,Denk,2945,11754,,1914,yes,2121,1356,,34,113,0,,0.7236381094669468
2590,6674408,Metalproz,2933,11761,2452,1863,,5063,1208,,1,1,1,yes,0.7231110923475526
2591,10092945,Invii,3024,11697,2807,1845,,1584,1410,,1,1,5,yes,0.7226915068297357
2592,7260014,Korilak,4049,11119,,1894,yes,1723,1396,,17,65,0,,0.7224919585551912
2593,14089530,rbk,9096,9675,,1844,yes,1060,1498,,27,112,0,,0.7223709561580268
2594,7948627,BAKKALO,2929,11764,,1914,yes,2272,1342,,3,14,0,,0.7222780709480867
2595,7888030,Lixarious,1717,12820,,1945,yes,3183,1283,,13,39,0,,0.7217236169754123
2596,17454289,podlu,2696,11924,,1919,yes,2269,1343,,23,61,0,,0.7215213030724454
2597,13550988,Quincy_,2425,12114,2870,1842,,,1448,yes,0,0,15,yes,0.7213433198984651
2598,6216284,aokana,1540,13052,,1952,yes,3318,1275,,29,71,0,,0.7211921963732878
2599,30769142,nextway,1355,13274,4659,1778,,,1514,yes,0,0,11,yes,0.7211252126365836
2600,20212225,Lumish264,11280,9289,940,1985,,,1274,yes,0,0,33,,0.720760590880406
2601,13469141,iamconsistent,1039,13777,4255,1792,,3520,1265,,2,4,7,yes,0.7200096584574398
2602,15389454,tyty5180,1489,13111,,1953,yes,4086,1241,,7,15,0,,0.7199106948145754
2603,10783597,kettoph,2820,11829,,1916,yes,2982,1296,,2,4,0,,0.719466883373086
2604,3545323,steamyhotbun,1314,13323,2208,1877,,3360,1274,,39,105,4,yes,0.719146355317531
2605,12362243,chapter,761,14344,1802,1901,,8164,1137,,6,13,6,yes,0.7184525652647739
2606,9781008,Masaato,1334,13297,,1958,yes,4374,1229,,5,16,0,,0.7178690440887399
2607,844815,AmaiHachimitsu,5522,10554,,1875,yes,1356,1444,,2,14,0,,0.7176845323576352
2608,10819779,Warex,5228,10651,1594,1916,,,1361,yes,0,0,19,yes,0.7173300931557753
2609,6155320,KomachiBaka,2904,11774,,1915,yes,2173,1351,,17,61,0,,0.7170198176757132
2610,24717776,HAWAzin,2448,12095,1469,1926,,5712,1189,,3,5,22,yes,0.7168246484998919
2611,19064380,Gallal,8784,9739,1106,1963,,,1303,yes,0,0,24,yes,0.7166830218426048
2612,14110513,robinnnson,1902,12604,,1939,yes,3176,1283,,7,20,0,,0.7160689121037886
2613,17900906,_Willow,2016,12477,1659,1910,,3481,1267,,6,24,31,yes,0.7157098531085773
2614,8984272,Vozinha,2910,11772,1573,1918,,3141,1285,,4,9,13,yes,0.7153909172674777
2615,13560194,CharlioM9,1526,13075,2265,1874,,3280,1277,,10,30,5,yes,0.7150137578276708
2616,15095654,oTwinkle,3457,11444,1696,1907,,7241,1155,,1,1,19,yes,0.7148660173998689
2617,19248632,ThugXY28,4574,10898,3864,1805,,872,1544,,1,6,5,yes,0.7147836347660356
2618,4980554,Wimsy,3988,11152,1976,1889,,,1392,yes,0,0,12,yes,0.714315962234242
2619,10941055,Suchodolsky,1128,13609,2571,1856,,3255,1279,,14,34,14,yes,0.7142395285539561
2620,13342143,Pezudos,2140,12371,,1932,yes,2765,1308,,14,38,0,,0.7141677557105413
2621,16380723,Ivanix,1125,13613,1305,1941,,8799,1125,,6,16,20,,0.7133640135299167
2622,16186403,Nakrobsayhi,3317,11531,2423,1864,,,1413,yes,0,0,8,yes,0.7132096127197648
2623,12329222,bimmy,2058,12445,4080,1798,,,1467,yes,0,0,6,yes,0.7128970306800533
2624,26735014,unseen,7790,9958,1185,1955,,,1316,yes,0,0,16,yes,0.7126777563028033
2625,2286528,GIDZ,4145,11072,,1893,yes,1730,1395,,6,24,0,,0.712063148278361
2626,12584270,RelaxedNate,4259,11018,,1891,yes,1671,1400,,5,13,0,,0.7110407036801605
2627,9536345,Cinnamon Twist,4379,10966,,1889,yes,1654,1402,,21,63,0,,0.7105289188280908
2628,13033798,mads,983,13882,,1974,yes,8158,1137,,5,8,0,,0.7105277619042334
2629,5911299,Valtz,3470,11435,,1904,yes,1969,1371,,26,115,0,,0.7099203522908255
2630,18036760,paxyh,2922,11767,483,2052,,5066,1207,,43,133,6,yes,0.7098212775195454
2631,3793938,Seox,6626,10242,1430,1930,,,1335,yes,0,0,55,yes,0.7096707110528411
2632,17092838,Nanano,3653,11329,3109,1832,,,1402,yes,0,0,1,yes,0.7093196677294324
2633,26352046,lilybannanas9,1891,12616,1518,1922,,4725,1218,,4,16,46,,0.7091845281699609
2634,14227558,calKU,2468,12079,4338,1789,,,1446,yes,0,0,3,yes,0.7090379939796051
2635,7031287,Yuuki-chan,5774,10476,,1873,yes,1376,1440,,10,29,0,,0.7090177606142265
2636,4473506,Tinaasha,6376,10310,,1867,yes,1341,1448,,16,62,0,,0.7085500101790145
2637,18276291,Enek,2916,11770,6601,1729,,,1427,yes,0,0,1,yes,0.708175792190474
2638,5116930,ShotgunApe,2437,12103,,1925,yes,2566,1322,,10,32,0,,0.707993910686634
2639,8006029,realshin,6741,10215,948,1984,,2621,1318,,51,179,42,yes,0.7079741432413067
2640,2593280,Lolzep,4826,10795,2587,1856,,1493,1423,,20,66,1,yes,0.7076764564568296
2641,4047696,KingOKarma,2466,12079,,1924,yes,2512,1325,,12,43,0,,0.7073862249256065
2642,13353897,literally a cat,4467,10935,980,1979,,6451,1172,,1,3,10,yes,0.7073179666939484
2643,19659293,Npoolyim,4156,11068,1942,1892,,,1387,yes,0,0,2,yes,0.706949298519818
2644,11119101,IDunotnow,4443,10944,1291,1942,,4359,1230,,1,3,33,yes,0.7063125624201033
2645,10038930,Kucheryavyy,3337,11521,,1907,yes,2037,1364,,33,141,0,,0.7062572289298568
2646,10937890,yukinasimp,1174,13523,3946,1803,,3977,1245,,6,19,1,yes,0.7061476376891977
2647,16614190,Promooooooo,5624,10522,1474,1926,,,1353,yes,0,0,9,yes,0.7043912299262303
2648,16383529,eringiRa,8214,9861,1218,1951,,,1310,yes,0,0,30,yes,0.7042875810173518
2649,4858747,Blucanillo,2920,11768,,1914,yes,2998,1295,,1,4,0,,0.7038703732975558
2650,3624526,Grey-,3757,11271,,1899,yes,2683,1314,,1,1,0,,0.7037157139934398
2651,6124459,Musket,5560,10541,675,2020,,3534,1264,,11,38,13,yes,0.702371061549684
2652,15154949,haz1q,2786,11855,2759,1847,,,1433,yes,0,0,12,yes,0.7020521989808425
2653,6702666,still bummed,2930,11762,,1914,yes,2514,1325,,4,9,0,,0.7020426781996026
2654,4539930,KoiFishu,1848,12673,1651,1911,,4661,1220,,3,13,55,yes,0.7019888373152046
2655,12871335,Rubydear,2242,12267,6596,1729,,,1457,yes,0,0,2,yes,0.7017704516042471
2656,7302148,False Nine,8148,9876,,1852,yes,1154,1480,,12,46,0,,0.7017028783837773
2657,16320736,Luril,14569,8812,705,2016,,,1246,yes,0,0,21,yes,0.7016745635521893
2658,15923034,iDestiny_,3098,11648,2629,1853,,,1421,yes,0,0,8,yes,0.701110326011217
2659,8317465,gj[eq,2560,12016,,1922,yes,2783,1307,,5,11,0,,0.7006569526682868
2660,4907760,Roni484,3760,11269,2224,1876,,,1399,yes,0,0,7,yes,0.7006345277203551
2661,6695155,Ankay,1770,12767,4036,1800,,3486,1267,,2,8,1,yes,0.7005227765814822
2662,658494,oh brother,3864,11212,2369,1868,,,1396,yes,0,0,2,yes,0.6996450903918836
2663,6827277,Xapyion,4292,11005,1904,1894,,,1384,yes,0,0,6,yes,0.6996110186753669
2664,11461426,XenoitesBadPog,1261,13398,,1961,yes,3993,1244,,18,55,0,,0.6993954453865447
2665,16468838,glag,5460,10573,,1876,yes,1486,1424,,37,164,0,,0.6991581637002469
2666,11153458,EndmyL,8887,9718,1266,1946,,1411,1435,,4,19,9,yes,0.6987711993180579
2667,10270238,Cafenoo,3388,11484,,1906,yes,4436,1227,,1,1,0,,0.6973104697537088
2668,14505035,-DPJ-,3091,11652,5813,1747,,,1421,yes,0,0,1,yes,0.6972686253941188
2669,11168760,DCCXXVII,2161,12352,,1932,yes,3147,1285,,3,14,0,,0.6971092120856781
2670,6673790,Tuon,2190,12315,2874,1842,,2032,1365,,33,133,10,yes,0.6968161035688262
2671,487985,gasanww,5274,10632,,1878,yes,1474,1425,,4,19,0,,0.6963984432848306
2672,15010335,Hinaru,3454,11445,2377,1867,,,1408,yes,0,0,11,yes,0.6963748418568151
2673,20276851,wr8th,1335,13297,1095,1964,,8273,1135,,12,55,46,yes,0.6962753442666159
2674,2629617,cezgru,8964,9701,,1845,yes,1131,1485,,45,151,0,,0.6962237420894376
2675,11854343,shoyeu,1450,13157,,1955,yes,3886,1249,,9,32,0,,0.6961456233752963
2676,21592138,h4w1f,2228,12277,3271,1826,,,1458,yes,0,0,14,yes,0.6959431126484916
2677,12905443,Clubby,6351,10315,1298,1942,,,1339,yes,0,0,7,yes,0.6957752606545409
2678,4177361,dovekichi,9855,9539,,1839,yes,1040,1501,,15,67,0,,0.6955700219190958
2679,6534062,Fex,2435,12105,,1925,yes,3964,1246,,2,4,0,,0.6953390296262372
2680,1788022,Potla,2615,11981,,1921,yes,2439,1331,,36,115,0,,0.6939818066765175
2681,9512538,zeris,3865,11212,2773,1847,,,1396,yes,0,0,1,yes,0.6936984743461693
2682,3715823,ChaosRaidz,5517,10557,,1875,yes,1490,1423,,25,104,0,,0.6932741713879365
2683,6779549,BobbyZlich,6201,10359,1508,1923,,,1342,yes,0,0,27,,0.6927753492623123
2684,6957262,juan736,5462,10572,1622,1914,,,1356,yes,0,0,18,yes,0.692708299658487
2685,12274488,ebn5,5057,10719,454,2059,,6292,1175,,7,20,13,yes,0.6926586292833746
2686,19013217,Armada,3126,11633,,1910,yes,3635,1260,,1,2,0,,0.6921307615402701
2687,15093527,celine,5608,10527,1579,1917,,,1353,yes,0,0,16,yes,0.6920897974949469
2688,30771147,Izuumi,3343,11515,1331,1939,,3541,1264,,2,6,5,yes,0.6917922184098944
2689,10346185,Rev0,969,13906,2235,1876,,4999,1209,,9,32,2,yes,0.6910507880052418
2690,18871116,DalChae,7587,10006,,1856,yes,1250,1462,,27,107,0,,0.6910239969785383
2691,14774102,L9 MATEIUT,2208,12299,983,1979,,4483,1225,,9,27,4,yes,0.6907844763507663
2692,3385634,Gala,4450,10943,1864,1897,,,1380,yes,0,0,4,yes,0.690483705131935
2693,7243224,azaloaf,5332,10616,905,1990,,2640,1317,,3,13,5,yes,0.6900518622738198
2694,7270089,Gangnam Style,4677,10852,1691,1908,,,1374,yes,0,0,3,yes,0.6899837334794284
2695,8596945,matyk0,6789,10202,,1863,yes,1346,1447,,31,100,0,,0.689620918428272
2696,4009916,go525,7070,10134,544,2040,,7887,1142,,3,11,140,,0.6889953991109321
2697,8056588,FireGen,15965,8632,558,2038,,1751,1393,,6,18,13,yes,0.688460056184164
2698,17159280,Masheny,1967,12528,,1937,yes,3735,1255,,4,10,0,,0.6881818454172656
2699,11932556,Pop the osu god,4191,11055,2015,1887,,,1386,yes,0,0,10,yes,0.6880855434323339
2700,16423150,Jeykow,3162,11612,3813,1807,,,1418,yes,0,0,2,yes,0.6873917878355116
2701,14272234,Hide in room,1333,13299,2074,1884,,4006,1244,,16,41,2,yes,0.687002364255354
2702,13435594,Jusstain-,4294,11004,,1890,yes,1762,1391,,1,6,0,,0.686854135477275
2703,10995655,8xia,3414,11465,2373,1867,,,1410,yes,0,0,21,yes,0.6867847900229571
2704,16111920,Necodesu,3834,11233,2204,1877,,,1396,yes,0,0,14,yes,0.6859426258871159
2705,8842142,yawarakai,3685,11312,2475,1862,,,1401,yes,0,0,4,yes,0.6859270772300888
2706,13510394,Shima Rin Dango,1262,13398,2425,1864,,3726,1255,,11,32,6,yes,0.685797199944917
2707,17862010,Frem,11855,9196,,1826,yes,627,1642,,1,5,0,,0.6857680732613206
2708,7513426,futomomo,5193,10664,1664,1910,,,1362,yes,0,0,10,yes,0.6844128521296141
2709,10678919,CubeixID200,4027,11132,2121,1881,,,1391,yes,0,0,9,yes,0.6842809622230147
2710,7817891,King Lizard,2439,12102,,1925,yes,2681,1314,,17,39,0,,0.6842587874264703
2711,12067831,MC_Conqueror,4281,11008,2007,1888,,,1384,yes,0,0,2,yes,0.6830879175016232
2712,20384244,sfetonic,3082,11657,3420,1820,,,1421,yes,0,0,3,yes,0.6827841154100439
2713,2629756,Ageha,2890,11783,2935,1839,,,1428,yes,0,0,8,yes,0.682609256741144
2714,11362783,123123,7761,9965,852,1997,,2913,1300,,5,16,20,yes,0.6816533783678385
2715,10662278,NameLuux,731,14404,6311,1735,,,1584,yes,0,0,18,yes,0.6814018259889112
2716,17075834,YuCie,2898,11779,,1915,yes,2614,1319,,4,11,0,,0.6810912953791138
2717,9469293,Machinations A,3055,11678,1726,1906,,2662,1316,,2,11,2,yes,0.6810199039990934
2718,3213430,Graguan,5183,10666,1468,1926,,2104,1357,,12,51,27,yes,0.6808920253439266
2719,21177947,Ben Man56,3464,11440,2315,1870,,,1408,yes,0,0,132,,0.6800475030566213
2720,12379868,Lex_Al,4277,11009,3653,1813,,1571,1413,,4,17,1,yes,0.6800465068072155
2721,14407708,guardian angel,4466,10936,1934,1892,,,1379,yes,0,0,9,yes,0.6798416760032228
2722,16053632,darfler,4428,10950,1369,1936,,6175,1178,,1,1,5,yes,0.6785911670886267
2723,27911379,Crops,3458,11444,1329,1939,,8229,1136,,1,2,6,yes,0.6784026561264197
2724,16275395,NOBRUZERACAPUDO,2810,11836,3365,1822,,,1432,yes,0,0,5,yes,0.6781763919549614
2725,2439822,Rtyzen,12880,9040,,1820,yes,923,1531,,23,120,0,,0.677829104284943
2726,7017724,Ninjaadrian009,2399,12129,4986,1769,,3734,1255,,2,2,1,yes,0.6776932493040426
2727,56917,fartownik,5041,10725,,1881,yes,1605,1408,,7,30,0,,0.677666906705598
2728,18340818,toay,2718,11908,,1919,yes,4179,1237,,1,3,0,,0.6774867412983502
2729,24552735,RealRandoGuy,7875,9937,1270,1945,,,1315,yes,0,0,18,yes,0.676592858900948
2730,17716503,Merccc,10306,9456,945,1985,,,1285,yes,0,0,11,yes,0.6765304184896298
2731,11662013,Kakoto,3010,11707,5666,1751,,1908,1376,,6,15,1,yes,0.6765109915204396
2732,19052463,Jehn,3730,11287,2745,1848,,1881,1378,,17,41,1,yes,0.6762695431755488
2733,2232928,spook,6502,10274,,1866,yes,1394,1437,,26,93,0,,0.6759483490685159
2734,926614,rinkon,3982,11156,,1895,yes,2565,1322,,1,1,0,,0.6758241199314485
2735,1709406,MCNortrom,7572,10010,2030,1886,,1221,1467,,6,28,9,yes,0.6758025151417425
2736,13915613,Aezhin,4658,10858,,1886,yes,1695,1397,,5,20,0,,0.67510460882151
2737,10266275,AnyaShy,3705,11301,2275,1873,,,1400,yes,0,0,35,,0.6745939082382855
2738,2629013,Poto,1393,13222,2463,1862,,5102,1206,,2,6,18,yes,0.6742774442498873
2739,26993938,Flying Sendal,4085,11100,2539,1858,,,1389,yes,0,0,1,yes,0.6742266081426521
2740,24622222,benny blarb,2274,12239,7110,1718,,,1455,yes,0,0,2,yes,0.6739688023012104
2741,12600499,TheLBGovernment,3884,11203,,1897,yes,2090,1359,,1,5,0,,0.6738168132642749
2742,5334695,Purps,3382,11487,2922,1840,,2372,1335,,2,3,1,yes,0.6736961460499384
2743,10415929,SER PERFEITO,2740,11886,1601,1916,,2834,1304,,46,150,6,yes,0.6732915332981471
2744,3223144,Vall,3636,11339,,1901,yes,2062,1361,,10,35,0,,0.6732779623104161
2745,5465827,Headache,1989,12505,,1936,yes,4687,1219,,2,6,0,,0.6728040262169961
2746,7311057,YesTak,3600,11357,,1902,yes,2326,1339,,1,5,0,,0.6725795961066318
2747,13919811,pelsta,4114,11088,,1893,yes,1873,1379,,8,33,0,,0.6725323638054878
2748,12638592,bajungasam,7100,10123,1082,1965,,3309,1276,,2,4,33,yes,0.6724740798250214
2749,11740799,seether,3215,11580,2454,1862,,,1416,yes,0,0,88,yes,0.6719217304027816
2750,4580287,mode,2975,11726,1097,1964,,3965,1246,,55,169,15,yes,0.6715511840864054
2751,12000538,Allah,6987,10150,1088,1965,,,1329,yes,0,0,4,yes,0.6710525664101137
2752,31849423,auteaism,404,15714,8651,1689,,,1651,yes,0,0,21,yes,0.6708128173556608
2753,12034589,Mandea,3441,11451,2403,1865,,,1409,yes,0,0,31,,0.6708081610962416
2754,18966501,Vimots,4168,11063,2122,1881,,,1387,yes,0,0,8,yes,0.6707556763861771
2755,13672885,Smaragt,2324,12199,,1927,yes,3857,1250,,2,6,0,,0.6707359869948253
2756,25899767,yallasm,3830,11235,1861,1897,,2069,1361,,29,85,5,yes,0.6705063242883877
2757,9832900,Suunr1ze,3807,11250,,1898,yes,3245,1279,,1,1,0,,0.6704392878516563
2758,12762980,Namotzu,1485,13113,,1953,yes,6474,1172,,3,7,0,,0.6700810562651882
2759,6297102,Derin,1225,13452,3323,1824,,4015,1243,,9,39,1,yes,0.6696151359090418
2760,21322180,ROMIPOG,5174,10670,1784,1902,,,1363,yes,0,0,22,yes,0.669575659384543
2761,8401053,Echo Form,10714,9385,,1833,yes,1043,1501,,32,104,0,,0.6692496197871156
2762,10886314,Snorlax,3266,11552,5814,1747,,,1415,yes,0,0,1,yes,0.6690048490623962
2763,11406480,-Tamamo-,3233,11570,3942,1803,,,1416,yes,0,0,2,yes,0.6689553002753807
2764,10992972,mips,2976,11726,4557,1782,,,1425,yes,0,0,2,yes,0.6688222530336664
2765,6300910,Nagi Seishiro,3875,11208,,1897,yes,2066,1361,,2,8,0,,0.6685178424856739
2766,15554489,SuperCZ,2834,11818,687,2019,,5592,1192,,9,30,6,yes,0.668342354741419
2767,6076529,Chitogod,2339,12185,,1927,yes,3009,1294,,6,21,0,,0.6682324189508196
2768,29038392,YuuRiWa,4738,10831,1063,1968,,8426,1132,,1,4,95,,0.6680541993650362
2769,18683125,Aizuuya,7471,10030,1391,1934,,,1321,yes,0,0,25,yes,0.6666083154366322
2770,14067834,n0 head,1028,13800,,1972,yes,5415,1197,,13,30,0,,0.6660468827961855
2771,13215820,johnnn,5454,10576,1574,1918,,,1357,yes,0,0,5,yes,0.6659893845915152
2772,19384155,szoszimo-50,3773,11264,3684,1812,,,1398,yes,0,0,1,yes,0.6659222748260928
2773,10351515,Burst Farmer,2493,12061,3515,1817,,,1445,yes,0,0,8,yes,0.665826465555169
2774,29761159,NikoN1nja,9565,9588,1249,1948,,,1293,yes,0,0,142,yes,0.6654972985777572
2775,9367683,Phel,7389,10050,1462,1927,,1526,1418,,93,314,4,yes,0.6654805393221647
2776,17561841,VLADYSLAV,4449,10943,2009,1887,,,1380,yes,0,0,49,yes,0.6651142174091091
2777,11996187,Kagu_,2899,11779,4841,1773,,,1428,yes,0,0,2,yes,0.6649810598725555
2778,6717106,stimix,2642,11963,,1920,yes,2742,1309,,5,22,0,,0.6645444583838935
2779,10650901,Marco Poio,3308,11537,,1907,yes,2203,1347,,36,123,0,,0.664283133821666
2780,13276741,_Kaczek_,3490,11418,,1904,yes,2279,1341,,3,10,0,,0.6642567915101032
2781,11954090,an3,8777,9741,976,1979,,3113,1288,,1,3,22,yes,0.6639963337739547
2782,17350603,eyekyew,3302,11539,5854,1746,,,1413,yes,0,0,1,yes,0.6638529428413132
2783,1414625,Cinia Pacifica,8360,9830,,1850,yes,1121,1486,,2,15,0,,0.6636048692653201
2784,2909663,MarthXT,2221,12283,,1930,yes,4531,1224,,2,5,0,,0.663394794557768
2785,25206996,gantu,12736,9062,,1821,yes,893,1537,,13,35,0,,0.6631737038226706
2786,11134074,Wexxxxxy,6452,10288,636,2025,,4959,1211,,18,55,69,,0.6630991718590759
2787,4899393,PAJWOJ,4824,10795,,1884,yes,1704,1397,,11,24,0,,0.6628713268815276
2788,2118945,Lunirs,7691,9980,,1855,yes,1288,1455,,14,59,0,,0.6627827671107114
2789,2323137,Akani,5716,10496,2685,1851,,1393,1437,,8,35,2,yes,0.662779889205057
2790,18837750,crazyclee,2744,11884,3643,1813,,,1434,yes,0,0,5,yes,0.6626699791180561
2791,19309181,Indicolite,916,13994,2920,1840,,5617,1192,,9,24,1,yes,0.662660463548948
2792,14264088,Willumina,9407,9615,,1842,yes,1076,1494,,5,25,0,,0.6625983956785556
2793,2128311,ftg,3222,11574,,1909,yes,2455,1330,,4,12,0,,0.6625441759327394
2794,7416569,Nokamu,5026,10730,968,1980,,5752,1188,,2,8,54,,0.6624584372902262
2795,11718327,onegan,3934,11176,3168,1830,,,1394,yes,0,0,1,yes,0.6623472480835447
2796,11673691,junsu1,3480,11426,,1904,yes,5213,1203,,1,1,0,,0.662071002855246
2797,1616533,Riviclia,2757,11872,,1918,yes,3409,1271,,1,5,0,,0.6618744152901384
2798,21467110,Fadi,977,13891,5597,1752,,,1551,yes,0,0,19,yes,0.6617725241987896
2799,13253069,BobrowyDealer,2079,12428,4074,1798,,,1466,yes,0,0,9,yes,0.6616503170239603
2800,3065571,sunui,8373,9828,,1850,yes,1220,1467,,15,59,0,,0.661632761186757
2801,12949673,CharlesGNS,2251,12259,7566,1709,,,1457,yes,0,0,2,yes,0.6615860868405329
2802,10941438,Spiderz,4179,11061,2559,1857,,,1387,yes,0,0,1,yes,0.6613556746275586
2803,2770796,w1sp,4157,11067,,1892,yes,2111,1357,,1,2,0,,0.6613405257551058
2804,4787843,Koltay,2295,12218,5252,1762,,2493,1327,,4,17,1,yes,0.6611932834402805
2805,9370189,vFlan,5662,10509,645,2024,,3781,1253,,10,27,9,yes,0.6610878996017314
2806,10853073,Puyui,2245,12263,,1929,yes,3014,1294,,11,37,0,,0.6605693729686604
2807,18163163,- Yuuki -,1652,12897,8635,1690,,,1492,yes,0,0,3,yes,0.6594647595755203
2808,34742400,Izunamori,5155,10680,1704,1907,,,1363,yes,0,0,5,yes,0.65934807509482
2809,19991521,Rolf Roland,9987,9517,1231,1950,,,1288,yes,0,0,139,,0.6592384879462867
2810,2127640,Miseration,4370,10970,,1889,yes,1968,1371,,1,1,0,,0.6591611629077873
2811,9878349,calculus,15905,8639,,1804,yes,836,1555,,44,170,0,,0.6586581224136666
2812,7399696,jolt,1205,13478,4785,1774,,,1527,yes,0,0,25,yes,0.6585217599286891
2813,2245830,[cat],5213,10657,1839,1898,,,1362,yes,0,0,68,yes,0.6581503915833811
2814,9578995,ArturBestia69PL,10542,9413,1328,1939,,1378,1440,,16,62,9,yes,0.6579761004932518
2815,24076470,new low,2984,11721,6123,1740,,2585,1320,,1,1,1,yes,0.6578455736478325
2816,10493607,KarozRose,2238,12272,,1930,yes,3672,1258,,3,9,0,,0.6576228400275421
2817,14679885,ItzArtic,3817,11241,2360,1868,,,1397,yes,0,0,12,yes,0.6574401750044054
2818,8937001,ZDzero,1221,13459,,1963,yes,9285,1117,,3,6,0,,0.6573467679356226
2819,17707354,-AJ,2905,11774,,1915,yes,2664,1316,,5,16,0,,0.6573329073826297
2820,32291902,Shamoui,10431,9432,495,2048,,3798,1252,,11,53,35,yes,0.6570427878762763
2821,14522031,V0The,1605,12948,1686,1909,,4063,1242,,10,36,1,yes,0.6567974411253741
2822,23466979,Swipy,3474,11431,5163,1764,,,1408,yes,0,0,1,yes,0.6551241043105669
2823,12131713,Altamiko,1277,13377,2671,1851,,4574,1222,,2,8,19,yes,0.6548614386265189
2824,13999629,Cheriatric,3151,11617,752,2011,,7027,1160,,7,14,8,yes,0.6546419540663906
2825,10081838,OwOuser,2823,11826,,1916,yes,5763,1188,,1,2,0,,0.6540992379407919
2826,6701656,chiv,3107,11644,1641,1912,,2846,1304,,64,256,19,yes,0.6540865557268585
2827,21695905,sorinica,3143,11621,592,2032,,8471,1131,,9,28,14,yes,0.6533209191586047
2828,8752034,AMR17,3926,11180,,1896,yes,2523,1325,,1,2,0,,0.6524326455573225
2829,6898948,Watr,6148,10376,2479,1861,,1331,1449,,73,220,15,yes,0.6524065998764607
2830,6673228,amax,2586,12004,,1922,yes,4285,1233,,2,4,0,,0.6521404133583821
2831,15206560,viiolet_wasp,6919,10168,,1862,yes,1401,1436,,21,77,0,,0.6514365970738712
2832,4881251,Lasseh,4206,11049,,1892,yes,1938,1374,,27,105,0,,0.6513579917028485
2833,14059423,baliiii,828,14193,1944,1891,,7220,1156,,8,28,49,yes,0.6512653218244169
2834,9834997,Elyxr,2883,11786,2200,1877,,4276,1233,,1,2,47,yes,0.6509039220147249
2835,3482302,daniel3k,9266,9642,827,2001,,2259,1343,,5,17,9,yes,0.6507884449685253
2836,20212288,nyxuu,1460,13143,,1954,yes,7074,1159,,2,7,0,,0.6502637009456959
2837,1073575,Rekens,2918,11770,2957,1838,,1984,1370,,7,17,7,yes,0.6502402404598466
2838,19554117,ash plays osu,6500,10274,1557,1919,,,1337,yes,0,0,18,yes,0.6502001729305773
2839,10431586,SeinTIA,5479,10567,1809,1900,,,1356,yes,0,0,71,,0.6498292281623672
2840,10955397,pepega69,4217,11040,2156,1879,,,1386,yes,0,0,58,yes,0.649739785991994
2841,13166433,jaren damian,6679,10229,1577,1917,,,1334,yes,0,0,40,yes,0.6497032078400211
2842,16375942,Tsukime,2638,11965,641,2024,,8455,1132,,42,130,21,,0.6496387473533201
2843,24077615,My mom Junko,2094,12418,3741,1809,,,1465,yes,0,0,16,yes,0.6496245923162413
2844,14386534,younomi,2197,12305,,1931,yes,4841,1214,,2,5,0,,0.6493188119885532
2845,12781767,Tristan,2931,11762,1347,1938,,5567,1193,,2,5,5,yes,0.649293218940145
2846,3547290,Mitchi,3147,11619,,1910,yes,2402,1333,,10,44,0,,0.6491136889473302
2847,14578826,Kasuzu,3284,11544,1789,1902,,2590,1320,,3,16,2,yes,0.648803049037886
2848,19359793,Persona John,999,13852,,1973,yes,6316,1175,,8,21,0,,0.6487083897775981
2849,8567528,G M A I L,2554,12021,,1922,yes,3957,1246,,2,5,0,,0.6484527846117146
2850,12898016,Rui Kamishiro,2963,11734,,1913,yes,5239,1202,,1,2,0,,0.6484301123487125
2851,6002735,enscribe,2915,11770,,1915,yes,4124,1240,,2,3,0,,0.6483335649777641
2852,25541603,Cute Chicken,2685,11933,2976,1837,,,1437,yes,0,0,27,yes,0.6480559670715469
2853,11584657,KvbaS_,1539,13053,5005,1768,,,1500,yes,0,0,11,yes,0.6479405708454359
2854,18565654,venose,2278,12233,7789,1705,,,1455,yes,0,0,2,yes,0.6476185375126499
2855,6081024,Coreyellow,7097,10125,1025,1973,,5806,1187,,1,2,17,,0.6471491472591835
2856,15173918,DuduxrZ,818,14235,3212,1828,,7487,1150,,2,8,5,yes,0.6465962986282329
2857,10754758,Crazy_RU,2380,12143,5989,1743,,2353,1337,,10,29,1,yes,0.6465752925232449
2858,8631686,[Akemi Homura],6171,10368,1488,1925,,,1343,yes,0,0,6,yes,0.6459660392291209
2859,10599032,raxoo_,3036,11689,3615,1814,,,1423,yes,0,0,4,yes,0.6458240365413918
2860,13826890,grkn7,5010,10734,1051,1970,,3399,1271,,6,18,13,yes,0.6457381008559828
2861,12476276,mrshmary,2438,12103,1638,1913,,3291,1277,,21,71,6,yes,0.6454319719960326
2862,9917543,sirxxa,7426,10041,1410,1932,,,1322,yes,0,0,16,yes,0.6452349024108681
2863,12280995,RestInSlime,10389,9440,731,2013,,2844,1304,,8,31,24,yes,0.6450575033524073
2864,20132305,-cyber,3629,11344,1078,1966,,4770,1216,,4,12,11,yes,0.6450132707847185
2865,9494931,Julla,704,14487,1115,1963,,8927,1123,,9,29,1,yes,0.644364200539175
2866,3863347,HAFTBEFEHL,3043,11686,,1912,yes,2474,1328,,22,61,0,,0.6442633746352808
2867,8801931,LayZxD,5821,10461,1615,1915,,,1349,yes,0,0,7,yes,0.6442107122518164
2868,11961979,Sleya,1495,13102,,1953,yes,4200,1237,,15,42,0,,0.6438825344654902
2869,7315668,Vertarix,3775,11264,1996,1888,,2144,1353,,50,198,13,yes,0.6438395030457409
2870,7547563,Sebby,2025,12469,4741,1776,,5165,1204,,1,3,1,yes,0.6437433492143898
2871,2966685,Kulche,10628,9398,662,2021,,2976,1297,,17,52,26,,0.6433236813136926
2872,13323630,Losorto,2176,12337,,1931,yes,4129,1239,,2,8,0,,0.6431656908960015
2873,15775945,zNublao,2613,11982,5028,1768,,3794,1253,,1,2,1,yes,0.6422930817834935
2874,9533853,CeriixZ,2389,12134,,1926,yes,3560,1263,,2,9,0,,0.6421283475019098
2875,3417494,1th Grader,2213,12293,,1930,yes,4952,1211,,3,5,0,,0.641996084638101
2876,4095562,bze,2046,12451,,1935,yes,3713,1256,,6,15,0,,0.6419666779825216
2877,3492649,sk0,4848,10784,,1883,yes,1753,1392,,2,7,0,,0.6415915208378996
2878,15457184,KittyLikeme,7667,9987,1719,1906,,1513,1420,,17,60,12,yes,0.6415106214922288
2879,9924464,Sordruther,2458,12087,5292,1761,,2386,1334,,12,37,1,yes,0.6414421913943154
2880,17082379,dongdongben,4420,10952,2383,1867,,,1380,yes,0,0,1,yes,0.6412807560108049
2881,13910645,RoboTronix,1990,12502,4663,1778,,,1471,yes,0,0,7,yes,0.6412515830099912
2882,9317883,Leehai,3387,11485,6127,1740,,,1410,yes,0,0,1,yes,0.6411416179944791
2883,18803427,sleumuel,3616,11350,,1901,yes,5163,1204,,1,1,0,,0.6409720483841441
2884,6385683,spreadnuts,3805,11251,,1898,yes,2128,1355,,8,42,0,,0.640704012728653
2885,9853411,Sorenthy,10890,9352,,1832,yes,1065,1497,,17,57,0,,0.6404580442203018
2886,13954392,ValueOrBluff,1295,13345,2327,1870,,4793,1215,,9,22,3,yes,0.640206180214649
2887,18583259,Caprilol,3893,11199,1619,1915,,6304,1175,,1,1,2,yes,0.6401146408757019
2888,15435703,pengwin,1742,12796,3410,1820,,3607,1261,,1,2,19,yes,0.6400863513844983
2889,6607682,Dry_Noodle,2673,11940,1527,1922,,3268,1278,,16,62,5,yes,0.6398102833803163
2890,18818598,_Pawpie45_,3028,11696,,1912,yes,5206,1203,,1,2,0,,0.6395784749329383
2891,8576234,kaiyuu,3175,11604,4533,1783,,,1418,yes,0,0,2,yes,0.6395043810277077
2892,8608327,Resh,3366,11496,,1906,yes,2860,1303,,1,5,0,,0.6392412671439086
2893,14783866,Forsit,2069,12438,5584,1753,,6468,1172,,1,2,1,yes,0.6390435043551661
2894,7388142,its0ver,2925,11766,958,1983,,4057,1242,,9,44,4,yes,0.6387323275463156
2895,12204360,mimitaya,2200,12303,1248,1949,,3867,1250,,12,38,2,yes,0.6385504105186522
2896,22751439,Es Jeruk,3500,11414,1161,1958,,4996,1209,,7,22,46,yes,0.6385110528638438
2897,26087021,Robeesz,874,14105,4444,1785,,5340,1199,,1,3,14,yes,0.6384597209180926
2898,5522259,Astralet,5971,10422,,1871,yes,1573,1413,,22,77,0,,0.6383845318164947
2899,14937031,Fast asleep,2122,12385,6590,1729,,,1463,yes,0,0,3,yes,0.6381235867018111
2900,17557184,ShamiruKi,2597,11992,1969,1890,,8976,1122,,1,2,5,yes,0.6376935929118337
2901,18952505,SHONGLIFAN,2603,11991,,1921,yes,4025,1243,,1,5,0,,0.6368276096827475
2902,12403742,what about me,743,14379,3865,1805,,5275,1201,,8,15,5,yes,0.63675996617818
2903,5079282,Ahrome,1797,12740,2319,1870,,3436,1269,,11,30,17,yes,0.6364572963480458
2904,11357147,akinami,2155,12357,1141,1960,,7723,1146,,11,35,108,,0.6364483802022743
2905,5427223,leggings,5279,10631,,1878,yes,1710,1397,,37,130,0,,0.6363563370801617
2906,2043401,Enon,6065,10400,2368,1868,,1471,1425,,5,28,2,yes,0.6362647199987199
2907,8847379,snk,3564,11376,2311,1871,,2550,1323,,1,3,6,yes,0.6361742001940234
2908,19964108,Atirta,3203,11586,,1909,yes,2491,1327,,5,26,0,,0.6361708030985592
2909,10882967,moyo,5338,10614,1277,1944,,2598,1320,,11,22,11,yes,0.6353619120825051
2910,7047218,riwu,2952,11746,1081,1965,,7923,1142,,4,15,129,,0.6349923465665499
2911,11393715,Walter Frosch,2517,12040,,1923,yes,2831,1304,,29,94,0,,0.634711976618338
2912,15265527,permamaslo,2273,12239,3083,1833,,2319,1339,,4,11,12,yes,0.6338633609304264
2913,2709574,saiyo,4303,10997,1886,1895,,2099,1358,,29,111,10,yes,0.6338098759809441
2914,9845103,Sigge,17842,8418,,1794,yes,818,1561,,101,353,0,,0.6327201403947033
2915,12727907,Diabolikhaa,7082,10131,,1861,yes,1374,1440,,5,20,0,,0.6314907743924104
2916,12265149,xceller,1211,13475,,1963,yes,4908,1212,,19,48,0,,0.6313392940050497
2917,3722715,My Aim Zogs,5795,10469,,1873,yes,1549,1415,,4,12,0,,0.6309177958540859
2918,17558867,B4rISka,5159,10678,885,1993,,3003,1294,,9,41,5,yes,0.6303128676555836
2919,9203015,Tooqie,1987,12506,,1936,yes,4512,1224,,4,9,0,,0.6302077036246009
2920,8157492,Hobbes2,7588,10005,1029,1972,,4472,1226,,2,4,40,yes,0.6299670973042301
2921,5394346,Joaco777,3769,11266,,1899,yes,4635,1221,,1,1,0,,0.6295327125651029
2922,4999119,RussianVaxei,5754,10482,,1873,yes,1635,1404,,32,154,0,,0.629160981713317
2923,15296550,FetherFall,6673,10230,1593,1916,,1883,1378,,24,112,20,yes,0.6290314854073665
2924,5963637,Jazzercize,1201,13484,,1963,yes,4900,1212,,16,54,0,,0.6289106297179893
2925,11749789,samuele,1171,13530,,1965,yes,5183,1204,,12,38,0,,0.6288549479762875
2926,3461251,conebone69,7301,10070,,1859,yes,1261,1460,,3,9,0,,0.6288198774194964
2927,4223392,123123eric,3734,11284,,1899,yes,2204,1347,,10,34,0,,0.6284402577591036
2928,13917798,Nostriah,3468,11436,6091,1741,,,1408,yes,0,0,1,yes,0.6283638405999283
2929,18255105,imgrandmaster,3306,11538,,1907,yes,4433,1227,,1,2,0,,0.628238238561809
2930,17187437,DEPRIW,2627,11974,,1921,yes,3328,1275,,3,10,0,,0.6281621911864728
2931,13676120,Etfard,4670,10855,2130,1881,,,1374,yes,0,0,2,yes,0.6280493395347837
2932,7461231,robloxxa,1694,12853,,1946,yes,6337,1175,,5,7,0,,0.6278066477507623
2933,17599268,Romspeed,1904,12600,904,1990,,9408,1114,,6,17,7,yes,0.6274127259665829
2934,9583048,Koide,2330,12195,,1927,yes,4421,1228,,1,6,0,,0.6271843169946658
2935,25946047,sixp,3164,11610,3154,1830,,,1418,yes,0,0,7,yes,0.6270523514285063
2936,12083933,Stale_Human,3571,11374,,1902,yes,2861,1303,,1,4,0,,0.6270256558131209
2937,15475788,Doma,6061,10400,1626,1914,,,1345,yes,0,0,7,yes,0.6269907177339988
2938,8511882,_Silvian,6470,10282,,1866,yes,1528,1418,,24,80,0,,0.626727128893684
2939,11310668,Froster23,2512,12045,1915,1893,,5180,1204,,3,5,19,yes,0.6265806256042071
2940,12717144,sakucherry,1820,12705,5274,1761,,,1481,yes,0,0,7,yes,0.6264304110827026
2941,17287370,atou,3451,11446,,1905,yes,7504,1150,,1,1,0,,0.6261028678068734
2942,2823991,quickly die,4978,10742,,1882,yes,1795,1387,,4,14,0,,0.6259133153474428
2943,10360109,neymar,2445,12097,,1924,yes,9788,1109,,1,2,0,,0.6251894755323385
2944,17640839,thegamergoat,4437,10945,2286,1873,,,1380,yes,0,0,5,yes,0.6246128989003236
2945,19201695,balls420,5856,10452,1403,1933,,2106,1357,,1,5,4,yes,0.6244914176195566
2946,13323488,BIackMouse,2203,12301,,1930,yes,4476,1226,,2,7,0,,0.6240013593554822
2947,15099365,Tom Brady,4147,11071,2742,1848,,,1388,yes,0,0,2,yes,0.6237870160820757
2948,14243234,Himeri,3286,11543,7405,1712,,,1414,yes,0,0,1,yes,0.6234241440584961
2949,6584220,SynchroHD,2264,12249,,1929,yes,3613,1261,,5,14,0,,0.6227178042047484
2950,3987661,kaminogi,1888,12618,4531,1783,,5088,1207,,1,2,3,yes,0.6224005471738328
2951,10757301,Heimin,4382,10965,2791,1846,,1874,1379,,10,21,1,yes,0.6221887015945062
2952,4498616,MBmasher,3447,11448,,1905,yes,3067,1290,,2,4,0,,0.6218638740221254
2953,25794530,Xansad,2774,11863,3309,1824,,,1433,yes,0,0,12,yes,0.6216919604197502
2954,14165168,shignone,3188,11597,8210,1698,,,1417,yes,0,0,1,yes,0.6214616032773924
2955,6752520,- Flandre -,2616,11981,,1921,yes,3342,1274,,3,11,0,,0.6214207289663052
2956,7787076,sadjelly,3144,11621,2036,1886,,3306,1276,,2,5,1,yes,0.6210094575969897
2957,6990066,R3m,4531,10914,,1887,yes,1983,1370,,4,15,0,,0.6205095705693896
2958,4695683,[ Apashe ],3129,11628,,1910,yes,2885,1302,,5,10,0,,0.6198454172165593
2959,21369935,whca,2198,12304,2302,1871,,4521,1224,,3,5,23,yes,0.61954895794883
2960,5724103,Cocada,2701,11921,,1919,yes,8037,1140,,1,2,0,,0.6193087044696773
2961,13627426,mort,7186,10100,,1860,yes,1453,1428,,29,92,0,,0.6190216325143575
2962,14404023,setriol,2582,12008,2088,1883,,6188,1177,,2,3,9,yes,0.6186793322018931
2963,8840382,jempio,4527,10914,1545,1920,,2462,1329,,63,226,10,yes,0.6180945498946989
2964,14362480,Shutterstock,8653,9770,,1848,yes,1310,1452,,28,117,0,,0.6178952091704318
2965,15298338,Fentos,11574,9240,955,1983,,1821,1385,,19,78,9,yes,0.6177118231863035
2966,16048250,CIash of Clans,1729,12812,,1945,yes,4037,1243,,11,38,0,,0.6174864145717938
2967,9364696,Malach,6147,10376,936,1986,,3455,1268,,9,34,15,yes,0.6173892069276498
2968,13204059,_brugh,1050,13763,6568,1729,,,1543,yes,0,0,12,yes,0.6172212441863061
2969,11903030,Rejax,3033,11690,2609,1854,,2278,1341,,25,73,5,yes,0.6171063627927214
2970,14679805,Zexsch,5997,10415,1796,1901,,,1346,yes,0,0,26,yes,0.6169330956364707
2971,12315498,DataUser,1533,13066,2277,1873,,4627,1221,,6,19,14,yes,0.6168535271031904
2972,28278413,Shiohri,8785,9739,1052,1970,,2153,1352,,17,65,11,yes,0.6166203922928107
2973,9369130,nytou,3505,11411,6255,1737,,,1407,yes,0,0,1,yes,0.6162664656156694
2974,13915963,Buzzy,8151,9874,479,2053,,6923,1162,,3,6,10,yes,0.6158761468108691
2975,14382553,Xuma,1948,12549,4831,1773,,,1473,yes,0,0,8,yes,0.6157636382800711
2976,18312525,Tfx Nexus,3614,11352,1734,1905,,4957,1211,,1,3,14,yes,0.6156505518109301
2977,34275921,ossiiii,1805,12731,5467,1756,,,1482,yes,0,0,7,yes,0.6154780752677999
2978,30507169,Spare,3533,11390,6085,1741,,,1406,yes,0,0,1,yes,0.6152776143279934
2979,12036175,hideri,4941,10754,2068,1884,,,1368,yes,0,0,11,yes,0.6147275616814547
2980,18484610,Purest,5303,10624,1972,1889,,,1360,yes,0,0,66,yes,0.6146265899158622
2981,3204677,Vvn,1799,12739,,1943,yes,4570,1223,,5,15,0,,0.6143642816434252
2982,16222567,_kurayami,5009,10734,2060,1884,,,1366,yes,0,0,50,yes,0.6141507884407247
2983,10736772,3614N,3000,11712,3591,1815,,,1424,yes,0,0,6,yes,0.614144736197744
2984,20074056,Akanat,3550,11385,6087,1741,,,1405,yes,0,0,1,yes,0.6138363808386618
2985,13347734,Cittas,3661,11324,1226,1951,,3634,1260,,34,101,12,yes,0.6138302450386871
2986,11847973,coolnuck210,2496,12056,767,2009,,4329,1231,,19,65,2,yes,0.613821694374504
2987,4733121,Kariyu,2009,12484,3142,1830,,2377,1335,,13,48,20,yes,0.6136968866246317
2988,6685958,M4T1K,1920,12582,3561,1816,,3074,1290,,14,44,2,yes,0.6133851132228999
2989,27345161,Ahshi,3009,11708,3120,1831,,,1424,yes,0,0,13,yes,0.6130649353736946
2990,19118758,Krzempek_Pasta,23307,7903,1011,1974,,1184,1473,,44,171,28,yes,0.6130175085748992
2991,12257950,lazydoll,2533,12028,1821,1900,,5485,1195,,2,4,1,yes,0.6128905743863786
2992,15305659,electrokien,11602,9237,1183,1955,,,1271,yes,0,0,74,yes,0.6128083332614661
2993,11773944,BigBlack,3385,11486,4466,1785,,,1410,yes,0,0,2,yes,0.6128039762268417
2994,23360966,cheeseball87,1521,13080,1897,1894,,9449,1114,,4,7,39,yes,0.612518933641945
2995,2329891,Pelafina,2800,11844,6793,1725,,2415,1332,,2,6,1,yes,0.612467643724397
2996,9099301,Yamada Ryo,992,13871,5934,1744,,3978,1245,,2,4,6,yes,0.6122981771846294
2997,2671317,[ ZhengS ],4323,10988,,1890,yes,2251,1344,,1,3,0,,0.6119723406581752
2998,7070424,pel,6548,10262,1327,1939,,4140,1239,,2,3,84,yes,0.6113451550156358
2999,11698296,sandon,3153,11617,2754,1847,,2169,1351,,2,3,20,yes,0.610909232974253
3000,24658561,ikigatsumaru,3271,11550,1537,1921,,2848,1304,,18,52,2,yes,0.6107179613298638
3001,12807415,Tuffynut Latte,4545,10907,3484,1818,,1429,1432,,5,15,5,yes,0.6104092194055627
3002,18571230,Salcido,1998,12493,,1936,yes,6528,1171,,2,5,0,,0.6098662806580257
3003,1313327,Shadowa,4602,10882,,1886,yes,2002,1368,,5,16,0,,0.6095298496812331
3004,4172839,CPUGeek,4886,10772,,1883,yes,1869,1379,,1,3,0,,0.6093108734601448
3005,16203563,Kysonn,2358,12175,4360,1788,,,1451,yes,0,0,7,yes,0.6089051162809833
3006,5765583,sxl,4071,11107,,1894,yes,2146,1353,,14,49,0,,0.6083673764853741
3007,3316977,fea,4700,10845,,1885,yes,2045,1363,,2,2,0,,0.6083374512728102
3008,6566312,Niphora,4072,11106,,1894,yes,2835,1304,,1,2,0,,0.6079569232454478
3009,13467691,Naiwo,810,14253,6329,1735,,4872,1213,,2,5,5,yes,0.6079079458129503
3010,9602606,Skysign,3186,11598,,1909,yes,5397,1197,,1,2,0,,0.6075719104346625
3011,15302347,W1nn1e,4463,10938,,1888,yes,2049,1363,,4,18,0,,0.607068678415184
3012,14449536,psos,3650,11331,5777,1748,,,1402,yes,0,0,1,yes,0.6068004336705018
3013,19780631,Airainn,3946,11171,,1896,yes,4439,1227,,1,1,0,,0.6065959972215013
3014,9157301,syuq,2500,12054,1587,1917,,3540,1264,,9,29,2,yes,0.6065668613225946
3015,11012589,juststrx,2387,12135,5205,1763,,2761,1308,,5,18,1,yes,0.6065060757269639
3016,18463966,Crakelet,2792,11852,4308,1790,,2129,1355,,1,1,4,yes,0.60632910625354
3017,15950574,Resort,7372,10054,1916,1893,,1580,1411,,18,79,13,yes,0.6059652917166685
3018,22000167,Hlias,1810,12725,5118,1765,,,1481,yes,0,0,9,yes,0.6058325544183577
3019,16008848,soft kisses,5310,10622,798,2004,,4705,1218,,20,60,19,yes,0.605813720863783
3020,10440699,reunion,2472,12076,7898,1703,,,1446,yes,0,0,2,yes,0.6055178824949433
3021,12827459,OceanGuy3,4558,10902,2256,1874,,,1377,yes,0,0,31,yes,0.6054978627285429
3022,7050679,Sturvos,2943,11754,2624,1853,,3327,1275,,1,2,16,yes,0.6054227755686866
3023,11545816,tsunyun,4278,11009,3322,1824,,,1384,yes,0,0,1,yes,0.6053498613652052
3024,33500124,S1nder,3937,11175,2459,1862,,,1393,yes,0,0,47,yes,0.6052690785702028
3025,13673669,fuy,965,13912,3614,1814,,8484,1131,,3,6,4,yes,0.6048528254442915
3026,34610195,Trae Young,2698,11923,5325,1760,,,1436,yes,0,0,3,yes,0.6048233761274846
3027,17779288,SoStari,5016,10732,,1881,yes,1878,1378,,4,28,0,,0.604736429452464
3028,12487726,Neia,8740,9749,,1847,yes,1344,1448,,38,144,0,,0.6046463931976145
3029,2253511,Elscar,5421,10588,,1877,yes,1773,1390,,5,22,0,,0.6040915797789697
3030,10270382,Quiligru,2708,11915,,1919,yes,3012,1294,,8,35,0,,0.6038172929686639
3031,4114438,Torment,1704,12842,5938,1744,,2928,1299,,2,3,4,yes,0.6035572696929191
3032,8497340,Jet-,2071,12436,,1934,yes,3838,1251,,7,22,0,,0.6034213129502286
3033,25757890,Mazapann,7863,9940,1310,1941,,,1315,yes,0,0,7,yes,0.6030831625697909
3034,4991744,chokma,5150,10681,,1880,yes,1813,1386,,2,6,0,,0.6029760502603154
3035,12552777,9mahiru,4640,10865,2261,1874,,,1375,yes,0,0,11,yes,0.6029148869642134
3036,5009715,Doga,820,14218,1914,1893,,8084,1139,,17,45,22,yes,0.6027710437838931
3037,11858088,lokikaos,4010,11140,,1895,yes,2364,1336,,1,8,0,,0.602730724472988
3038,6179267,CrunchyTooth,2504,12049,,1923,yes,5391,1198,,2,4,0,,0.6024816494809467
3039,14929183,mamba mentality,3334,11522,3677,1812,,,1412,yes,0,0,4,yes,0.6024504428744041
3040,4142572,Math God,1354,13277,5172,1763,,,1514,yes,0,0,20,yes,0.6022818218707056
3041,7827207,free cookies,2187,12318,2339,1869,,4380,1229,,3,7,7,yes,0.6021699693757878
3042,11390568,Viviene,4827,10794,3196,1829,,1550,1415,,1,2,1,yes,0.6018786559225235
3043,1893953,Nakano-,3762,11268,,1899,yes,2370,1336,,6,24,0,,0.6017729645296866
3044,29302505,cwutchy,6482,10279,1389,1934,,2801,1306,,2,10,48,yes,0.6016316126069313
3045,7224935,Andria2004,3321,11529,,1907,yes,2876,1302,,2,10,0,,0.601402417576287
3046,11999904,Blokser,4411,10954,2378,1867,,,1381,yes,0,0,8,yes,0.6013572623711307
3047,12100617,konri,3367,11496,,1906,yes,2532,1324,,18,53,0,,0.6012140013442717
3048,18225595,AttardeMental,3976,11160,2292,1872,,2363,1336,,1,4,13,yes,0.6010924397185811
3049,4242767,Corim,4698,10847,,1885,yes,2005,1367,,4,17,0,,0.6007815482234591
3050,9562010,RealBruceU,6520,10269,1445,1928,,2711,1312,,3,10,165,,0.6004931129964961
3051,9930573,CircIes,2529,12031,,1922,yes,6722,1166,,2,3,0,,0.6001038526326669
3052,13704513,akaisha,3905,11192,1652,1911,,5100,1206,,1,3,12,yes,0.5996371201636809
3053,17196487,n i,1060,13747,5759,1748,,4737,1217,,1,2,8,yes,0.599116289289886
3054,12008908,Wikki,2803,11843,,1917,yes,5496,1195,,3,3,0,,0.5987268374280016
3055,6192633,Manu028,8087,9890,1470,1926,,,1312,yes,0,0,20,yes,0.5986206239576845
3056,4681410,jms8721,4254,11019,5006,1768,,1137,1485,,18,68,11,yes,0.5985561540954059
3057,15353325,_TheEmptyOne_,1771,12766,1216,1952,,7617,1148,,3,8,1,yes,0.5983973216949499
3058,15485742,N5tty,3523,11400,6789,1725,,,1406,yes,0,0,1,yes,0.5983310250796228
3059,8660120,Truc,5629,10520,,1874,yes,1687,1398,,3,9,0,,0.5980634354848456
3060,9099075,NoikkaX,2283,12229,2961,1838,,3171,1284,,2,9,5,yes,0.5980373533110267
3061,12249104,Myonpaku,2524,12035,,1923,yes,4369,1230,,2,6,0,,0.5980257985566237
3062,7668715,Gamanoid,3625,11346,,1901,yes,2819,1305,,3,6,0,,0.5980045040256098
3063,11554464,MintyDude,3525,11398,,1903,yes,2924,1299,,1,6,0,,0.5979427257380683
3064,12640839,_HappyCloud_,8010,9906,726,2014,,8849,1124,,3,4,19,yes,0.5975342980834613
3065,13295340,Shiviel,2553,12021,,1922,yes,3100,1288,,19,53,0,,0.5975126385774083
3066,15289150,Alvaroping1,5137,10686,2098,1882,,,1363,yes,0,0,83,yes,0.5975035546537197
3067,6995685,Margo,3735,11284,965,1981,,5202,1203,,11,32,12,yes,0.5973422902597931
3068,2849992,Garden,5888,10446,,1872,yes,1726,1396,,13,59,0,,0.5971164821728585
3069,4662795,tzechi,7854,9943,,1854,yes,1283,1456,,2,10,0,,0.5967803514733627
3070,32398630,Dogio,4263,11017,,1891,yes,2472,1329,,1,3,0,,0.5966536447034105
3071,20085097,sreal,2254,12255,5202,1763,,4974,1210,,2,3,1,yes,0.5965809279908796
3072,13300963,KpoJ1_MoHctp,3987,11153,1755,1904,,6060,1181,,2,2,14,,0.5961823559486605
3073,16322618,IRONMOUSE,6273,10334,1841,1898,,,1341,yes,0,0,54,yes,0.5958161574167553
3074,11913657,defreeyay,4501,10924,2998,1837,,,1378,yes,0,0,1,yes,0.5958156892760246
3075,7804712,Necro,6437,10293,1700,1907,,,1338,yes,0,0,11,yes,0.5957210242907681
3076,13077790,EZDT,6687,10228,1117,1962,,3061,1290,,11,33,22,yes,0.5956932405171539
3077,12062155,Nevarinn,12818,9049,991,1978,,1933,1375,,60,239,16,yes,0.5951798435983064
3078,22530168,-Aozora-,7811,9951,1511,1923,,,1316,yes,0,0,17,yes,0.5945472244339183
3079,37219584,inhoman,16631,8552,925,1987,,,1231,yes,0,0,77,,0.5945332523167608
3080,11541409,000557A,3459,11444,,1904,yes,4674,1219,,1,2,0,,0.5943850314614647
3081,17829732,Kasztanoo,4238,11029,2416,1864,,,1385,yes,0,0,19,yes,0.5942199538705794
3082,8928890,Stylante,2349,12181,6544,1730,,,1452,yes,0,0,3,yes,0.5940966666157876
3083,10584064,TheOliverBoy,10528,9416,1124,1962,,,1282,yes,0,0,12,yes,0.5940916690604291
3084,22715312,TibO123,4393,10962,2600,1855,,,1381,yes,0,0,3,yes,0.593754759986088
3085,10023225,GodHacc,2855,11805,5067,1767,,,1430,yes,0,0,3,yes,0.5936545909763052
3086,13979958,Gonza,3455,11445,,1904,yes,4703,1218,,1,2,0,,0.5935584872016819
3087,16932984,arz67mangos,3589,11361,6547,1730,,,1404,yes,0,0,1,yes,0.593252777793257
3088,11934348,Foussilin,2486,12067,1104,1963,,7661,1147,,18,59,93,yes,0.5928073507905827
3089,22841207,shwaerkbilathon,10157,9485,771,2008,,2840,1304,,7,36,13,yes,0.5927031921436552
3090,10852557,JayAreEee,8892,9716,3193,1829,,1203,1471,,19,79,2,yes,0.592582578099011
3091,6073492,OsuSeulgiDragon,2621,11976,7569,1709,,,1439,yes,0,0,2,yes,0.592240603376034
3092,11843685,hifu,2091,12418,2032,1886,,4397,1229,,5,15,5,yes,0.5921991631859943
3093,11058776,breadd-,3283,11544,,1908,yes,4158,1238,,1,3,0,,0.5921403080618696
3094,13312393,[-massimoty-],4299,11000,2391,1866,,,1383,yes,0,0,32,yes,0.5918741340561174
3095,9614523,furryfemboy,4725,10835,,1885,yes,2368,1336,,1,1,0,,0.5914217728110824
3096,11076938,Mavs,7193,10099,,1860,yes,1531,1418,,24,104,0,,0.5913589341240368
3097,1328939,Tobu,3528,11396,2776,1846,,,1406,yes,0,0,23,yes,0.5911832242937325
3098,10821032,That6Digit,3031,11692,,1912,yes,6834,1164,,1,2,0,,0.5907930302596958
3099,356730,591,5371,10604,,1877,yes,1784,1389,,2,6,0,,0.5907122113253022
3100,6826036,Squapple,5154,10680,,1880,yes,1897,1377,,3,15,0,,0.5903611034859427
3101,26836385,Arrna,2750,11877,,1918,yes,5945,1183,,1,3,0,,0.5897461417191989
3102,18802053,WhatsApp,2266,12245,9562,1673,,,1456,yes,0,0,2,yes,0.5895623196234808
3103,20681109,[Marley],2656,11954,4553,1782,,,1438,yes,0,0,5,yes,0.588853011153247
3104,6069540,Chemistry,5733,10491,,1873,yes,1778,1389,,23,82,0,,0.5888498985877871
3105,11137291,Madaraha,3669,11320,1244,1949,,4415,1228,,60,233,58,yes,0.5885288300440854
3106,12476432,Krazy_Corgi,3154,11617,3176,1829,,,1418,yes,0,0,13,yes,0.5885023192675406
3107,3634152,Ryo Yamada,3340,11519,,1907,yes,5370,1198,,1,2,0,,0.5883465003739031
3108,19887890,ThatBoat,2956,11743,3749,1809,,,1426,yes,0,0,7,yes,0.5880535490205311
3109,9529511,WOJT,6640,10238,1443,1929,,2041,1364,,20,79,5,yes,0.5876755710453937
3110,13925852,brandwagen,10097,9494,4584,1781,,814,1562,,2,7,1,yes,0.5873839860341978
3111,6523879,LLIaBKa,1210,13476,2161,1879,,6703,1167,,8,19,24,yes,0.5861081416691868
3112,11339614,Marcu,10353,9447,405,2074,,4852,1213,,46,167,18,yes,0.5856292153682278
3113,1093361,Kynan,2075,12430,3683,1812,,4002,1244,,2,7,2,yes,0.5853430124686292
3114,15622181,KickedSoda,5373,10603,2048,1885,,,1358,yes,0,0,10,yes,0.5852869554152673
3115,16619872,lakemealy3,4098,11094,1648,1912,,4274,1233,,1,2,2,yes,0.5852286105256447
3116,16270736,GuIbang,2296,12217,,1928,yes,5757,1188,,2,5,0,,0.5850274808648458
3117,10304774,Ilmay,3823,11238,1238,1950,,4175,1237,,10,36,14,yes,0.5848264226550561
3118,10825812,Yasui,3218,11578,7206,1716,,2088,1359,,22,82,1,yes,0.5846876729012993
3119,4879380,921206025887,1629,12915,7402,1712,,2986,1296,,3,15,2,yes,0.5844203181352543
3120,6088971,Jonz,2396,12131,,1925,yes,5381,1198,,2,5,0,,0.5843001397316969
3121,14516622,terrax,3435,11453,2865,1842,,,1409,yes,0,0,25,yes,0.5842733079202633
3122,33563170,Cafea_,1751,12788,4510,1783,,,1485,yes,0,0,25,yes,0.5839902725720159
3123,21644645,Shrikyun,3790,11259,,1899,yes,2486,1327,,4,19,0,,0.583416558259443
3124,2127620,SakiMint,4627,10870,2923,1840,,,1375,yes,0,0,1,yes,0.5832939820427309
3125,9426712,browiec,3913,11189,,1896,yes,2864,1303,,2,4,0,,0.5831378771755367
3126,15484172,BMM,1250,13412,3446,1819,,4597,1222,,5,13,6,yes,0.5826505972082082
3127,12535675,93RF,4517,10916,3223,1828,,,1378,yes,0,0,1,yes,0.5823852732679096
3128,15202512,Kyqn,3049,11680,1826,1899,,4474,1226,,2,8,25,yes,0.5823125247410942
3129,5377364,Bthan,2573,12012,2058,1885,,3980,1245,,3,10,2,yes,0.582027345252614
3130,11310892,RIPMETOSHREDS,2802,11843,,1917,yes,3019,1293,,14,50,0,,0.5818940262826439
3131,12961837,Zedrikk,5083,10708,2196,1878,,,1365,yes,0,0,2,yes,0.5817881809881251
3132,7869036,TomoChen,2249,12259,,1929,yes,3768,1253,,6,21,0,,0.5816173808872405
3133,17299001,Wikip3dia,5810,10463,,1872,yes,1552,1415,,1,3,0,,0.581584144500896
3134,11711340,axiey,2674,11938,,1920,yes,5325,1200,,2,4,0,,0.5815367414527979
3135,12728547,miss yo,6501,10274,,1866,yes,1663,1401,,37,132,0,,0.5810027483839397
3136,10269508,Yone No Yuno,3184,11598,5581,1753,,,1417,yes,0,0,2,yes,0.580792618231816
3137,14849700,Bosch KGN39VLEB,8761,9744,1196,1954,,,1303,yes,0,0,6,yes,0.5802421235778341
3138,9900694,CancerPatient,2006,12486,3543,1816,,3066,1290,,2,5,12,yes,0.5801102715030111
3139,19546067,7akira,6097,10390,1858,1897,,,1344,yes,0,0,10,yes,0.5798450697945061
3140,14231431,Anphans,2720,11906,5657,1751,,,1435,yes,0,0,3,yes,0.5797899123926847
3141,12033812,Loganoss,7315,10066,,1858,yes,1371,1441,,2,8,0,,0.5797875187652815
3142,5256529,Nitroz,5409,10591,,1877,yes,1879,1378,,33,119,0,,0.5797620310017607
3143,234788,NaRiTA TaiShiN,4075,11105,,1894,yes,2312,1340,,7,26,0,,0.5796863888366515
3144,6749564,Ak1ra,2841,11814,7117,1718,,3335,1275,,1,2,1,yes,0.5794247316336021
3145,11969374,deit,2168,12342,,1932,yes,4130,1239,,6,16,0,,0.5793465280772983
3146,12463047,judor,7915,9929,1282,1944,,,1315,yes,0,0,5,yes,0.5792993340855626
3147,8832359,GameDragon36,1896,12611,1729,1905,,7283,1154,,6,12,26,yes,0.5792270213170991
3148,5309780,freemyswag,4869,10777,,1883,yes,2065,1361,,2,5,0,,0.5791503479423109
3149,19482629,RavxaL,6372,10311,1760,1904,,,1339,yes,0,0,8,yes,0.579122592811572
3150,10516802,Jotmo,6222,10353,979,1979,,3234,1280,,36,149,11,yes,0.5790280900951893
3151,18241233,Katoteshi,6392,10302,1871,1896,,,1339,yes,0,0,39,,0.5789014907454328
3152,21489103,khyda,3258,11555,2051,1885,,3681,1258,,3,6,7,yes,0.578893992088863
3153,27067566,Blazing5028,3339,11520,2889,1841,,,1412,yes,0,0,55,,0.5785713121509247
3154,20052295,SoonerLater,8025,9903,1571,1918,,,1313,yes,0,0,26,yes,0.5784615354939324
3155,16511599,Enderlegend87,3052,11679,2072,1884,,4259,1234,,1,5,7,yes,0.5783681394626219
3156,16338705,[GB]jackgu,12341,9123,673,2020,,4384,1229,,2,8,36,yes,0.5773820907537267
3157,18677587,ZeroTwo_02,6101,10388,1510,1923,,8034,1140,,1,1,21,yes,0.5772576823739333
3158,21966174,NAYROK_,1013,13825,,1972,yes,8018,1140,,6,18,0,,0.577079272586678
3159,29831493,BobLeTabernak,12550,9091,1230,1950,,,1262,yes,0,0,363,,0.5766792017943028
3160,1712195,Shizaki Kanon,2246,12261,,1929,yes,4256,1234,,4,12,0,,0.576474721009581
3161,7217249,Kinoro,7791,9958,,1855,yes,1488,1424,,14,66,0,,0.5763596694556266
3162,11186709,Rijrya,3011,11707,8408,1694,,1404,1436,,53,171,4,yes,0.5759185592793394
3163,11608083,I Love Debirun,1415,13202,1090,1965,,7586,1148,,17,48,3,yes,0.5751833367032331
3164,11922986,sriracha rice,848,14166,,1981,yes,8933,1123,,10,20,0,,0.5751409489624106
3165,9143539,garvanturr,5468,10570,,1876,yes,1830,1384,,1,7,0,,0.5750388093341959
3166,18309570,EndMePlease,2137,12374,2933,1839,,4645,1220,,2,4,8,yes,0.5749967642437704
3167,2353581,Tanaka Hime,3725,11289,,1900,yes,2482,1328,,13,52,0,,0.5746956107060079
3168,7636779,Leebs,4993,10738,1455,1927,,3039,1292,,46,117,41,yes,0.5745436538426343
3169,19162925,Lama2,3880,11206,5662,1751,,,1395,yes,0,0,1,yes,0.5739857363685777
3170,9487692,Towleyyy,7418,10042,1624,1914,,,1322,yes,0,0,14,yes,0.5739197080270331
3171,11108655,Arosami,2794,11849,5542,1754,,,1432,yes,0,0,3,yes,0.5735765561789845
3172,15878601,legenda,2676,11937,,1920,yes,5482,1195,,1,4,0,,0.5735315803830098
3173,7908542,Demenos,3892,11200,,1897,yes,6403,1173,,1,1,0,,0.5731796803785643
3174,13836587,Medoo_,3621,11347,2837,1843,,1859,1380,,2,5,52,yes,0.5731476390909406
3175,13331292,hambolama,3226,11573,,1909,yes,3258,1278,,3,8,0,,0.5730891027389123
3176,10554568,--k,4129,11082,,1893,yes,4730,1217,,1,1,0,,0.5728578171677496
3177,17733888,m4rkvc,9843,9542,766,2009,,2449,1330,,15,41,6,yes,0.5727700066809946
3178,11989198,Lotus,3746,11279,3679,1812,,,1399,yes,0,0,3,yes,0.572261319677874
3179,15907318,freaktomi,1390,13227,8893,1685,,4107,1240,,1,2,3,yes,0.5721468058617234
3180,286740,Koalazy,6936,10162,,1862,yes,1443,1429,,1,7,0,,0.5719424558528059
3181,14795251,ded24lol,2733,11894,,1918,yes,3046,1291,,44,159,0,,0.5717710802222036
3182,16331492,MariannE,4472,10932,2636,1853,,,1379,yes,0,0,4,yes,0.5715724993341004
3183,28311584,ily baby,3663,11322,1295,1942,,5188,1204,,4,10,10,yes,0.5715298501772841
3184,3714994,CookieClicker,3785,11260,6296,1736,,,1398,yes,0,0,1,yes,0.571427188266335
3185,8734825,mashed potatoes,2342,12184,2035,1886,,4618,1221,,4,9,1,yes,0.5712591636167086
3186,1666355,Damnjelly,6066,10399,,1870,yes,1776,1389,,16,54,0,,0.5712589560893166
3187,10841911,jazzys1,548,15048,4639,1779,,8202,1136,,11,28,2,yes,0.5704427264087022
3188,10336501,Jan119,7950,9920,1558,1919,,,1314,yes,0,0,16,yes,0.5704329314420572
3189,14326739,Gepsoni4,3608,11353,3278,1826,,,1403,yes,0,0,6,yes,0.5703627157698815
3190,10771238,skyfield_,3783,11261,6337,1735,,,1398,yes,0,0,1,yes,0.5703153916503834
3191,13049161,minico,5264,10637,2152,1880,,,1361,yes,0,0,4,yes,0.5702601593779985
3192,10830974,RESU,2630,11970,,1921,yes,4327,1231,,3,7,0,,0.5698833062873891
3193,12061914,Mistermotus,3576,11370,,1902,yes,3827,1251,,1,3,0,,0.5698087844165332
3194,5586567,Distracted,3698,11308,,1900,yes,2630,1318,,6,19,0,,0.5696860356793735
3195,18195677,esq,2260,12252,5852,1746,,7498,1150,,1,2,1,yes,0.5690113375616633
3196,8576721,Alparabel,1868,12653,,1941,yes,4286,1233,,15,37,0,,0.56896236030686
3197,12483293,twotabby,12748,9060,,1821,yes,1122,1486,,49,223,0,,0.568887256231203
3198,16626263,mintfantome fan,3330,11524,,1907,yes,2696,1313,,39,150,0,,0.5688411151559964
3199,21006823,Planomai,3054,11678,4976,1769,,,1422,yes,0,0,3,yes,0.5683148465631345
3200,13540434,Meramipop,4214,11042,,1892,yes,2276,1342,,14,49,0,,0.5681517223129467
3201,18265237,tuii1,9363,9622,1067,1968,,,1296,yes,0,0,5,yes,0.5680774362423565
3202,7912447,The Fart Lord,3114,11641,2656,1852,,2608,1319,,4,20,7,yes,0.5680750711345369
3203,11739831,Zigzy,3349,11511,3295,1825,,,1412,yes,0,0,10,yes,0.5676693561487737
3204,20410097,k3soju,4779,10812,1127,1962,,3413,1271,,16,51,7,yes,0.5674272544756368
3205,7488088,leina,6401,10300,2085,1883,,1819,1385,,24,87,12,yes,0.5668909763722891
3206,6638044,Yuume,4518,10916,,1887,yes,2360,1336,,3,5,0,,0.5668597600568703
3207,21048174,nerra_,7944,9922,1428,1931,,,1314,yes,0,0,7,yes,0.5668441172582082
3208,3692940,slushy,2407,12124,,1925,yes,4817,1214,,2,7,0,,0.566530617678464
3209,7753804,Stealer-kun,9289,9638,1089,1965,,1890,1377,,9,37,4,yes,0.5663049904995234
3210,15186220,Axim2,2766,11867,,1917,yes,6590,1169,,1,3,0,,0.5659750783251836
3211,14133623,0000,10846,9361,1373,1935,,,1279,yes,0,0,181,,0.5656895133012056
3212,11758667,kuyusu,10333,9450,1429,1930,,,1284,yes,0,0,305,yes,0.5654732634695183
3213,15737631,frierenfan1337,2587,12000,3032,1835,,3206,1282,,1,3,20,,0.5650359438395746
3214,8666421,thacer,17327,8475,721,2014,,2663,1316,,7,39,88,yes,0.5649661925141515
3215,22279729,Nezukaii,3933,11176,2668,1851,,,1394,yes,0,0,33,yes,0.5643904525191686
3216,17496335,Saruei,2787,11854,,1917,yes,6554,1170,,1,3,0,,0.5642922563932015
3217,10773960,Jompa Tormann,3617,11349,3479,1818,,1864,1380,,17,54,8,yes,0.5637139954261039
3218,19997289,Extr0T,9071,9679,1195,1954,,,1299,yes,0,0,6,yes,0.5635730473518161
3219,11395961,jstyn,5911,10439,3712,1811,,1501,1422,,35,135,3,yes,0.563491021392914
3220,10793061,Jazzert,5753,10483,1941,1892,,,1351,yes,0,0,4,yes,0.5634695250407207
3221,20879846,rftftutfgyiktgy,3380,11488,3481,1818,,,1411,yes,0,0,7,yes,0.5633815797279835
3222,23731093,P_F_C_PRO,5630,10519,1954,1891,,,1353,yes,0,0,3,yes,0.5632643123855733
3223,9082096,inspector titek,2538,12027,,1922,yes,4902,1212,,3,6,0,,0.5630770575442661
3224,15529550,careIess,5822,10461,2001,1888,,,1349,yes,0,0,9,yes,0.56295540603418
3225,14881422,yifflord_UwU,4577,10898,,1887,yes,3315,1275,,1,1,0,,0.5629386003037278
3226,23302049,DLF_ferozz,5266,10635,2211,1876,,,1361,yes,0,0,79,,0.5629073609342587
3227,9805089,Spandelier,2379,12144,3917,1803,,,1450,yes,0,0,21,yes,0.5627345746346906
3228,11762288,Flaminkko,13259,8984,372,2089,,4843,1213,,10,26,14,yes,0.5624120162214731
3229,30310333,Scather,11435,9262,1303,1941,,,1273,yes,0,0,85,,0.5623020458923844
3230,2916294,Nevik,2453,12091,1699,1907,,4502,1225,,12,35,12,yes,0.5620901540500469
3231,19735721,garlicbreadjr,4353,10976,3191,1829,,,1382,yes,0,0,2,yes,0.5616767445123725
3232,13245208,netraena,7676,9985,2595,1855,,1428,1432,,78,305,7,yes,0.561530335947339
3233,15393915,towerofheaven,2541,12026,4727,1776,,,1443,yes,0,0,6,yes,0.5613855288332024
3234,19494789,noskaia,9204,9654,1356,1937,,,1297,yes,0,0,12,yes,0.5612300416213377
3235,3426414,Dain,6749,10214,714,2015,,4659,1220,,71,207,18,yes,0.5612177295556983
3236,14736743,Aekhloria,5742,10487,2097,1882,,,1351,yes,0,0,123,,0.5610441483498536
3237,243917,val0108,2727,11899,,1918,yes,3939,1246,,2,9,0,,0.5609833514650631
3238,4688735,neko ds,7643,9992,,1856,yes,1504,1422,,4,23,0,,0.5607444413340135
3239,6033065,MadLad,1668,12878,,1947,yes,7016,1160,,3,9,0,,0.5606895788280593
3240,11274086,Endless Tilt,2707,11916,,1919,yes,3518,1265,,5,17,0,,0.5605469969350415
3241,7544766,kamehameha0,2013,12482,7197,1716,,,1469,yes,0,0,4,yes,0.5604558073063121
3242,12344332,Gun,5550,10546,2141,1880,,,1355,yes,0,0,25,yes,0.5603605630517843
3243,10350809,iamanewb,8143,9877,1758,1904,,1768,1390,,91,349,9,yes,0.560250895046061
3244,7361767,Woodzy,3015,11704,,1913,yes,4243,1235,,3,5,0,,0.5600351203061885
3245,2920127,Not Mage,5719,10495,1767,1903,,5828,1186,,1,1,46,yes,0.5597824765249961
3246,33656775,[Cheng-Yu],3619,11348,4736,1776,,,1403,yes,0,0,2,yes,0.5596542846862319
3247,17697722,big door,7115,10120,952,1983,,3816,1252,,10,37,20,yes,0.5594317110232767
3248,4585205,akiyama,1933,12570,,1938,yes,4938,1211,,9,15,0,,0.5589043132476191
3249,5754859,pewdekz,2338,12186,6549,1730,,2809,1306,,23,71,1,yes,0.5587650709898431
3250,2814070,FelixNy,3800,11254,,1898,yes,3557,1263,,1,3,0,,0.5586845676280886
3251,23273220,Squeezie,3657,11326,2864,1842,,,1402,yes,0,0,28,yes,0.5586337184135708
3252,12908955,-_-WeiWei-_-,5165,10674,2294,1872,,,1363,yes,0,0,4,yes,0.5584495040557056
3253,12059873,Tr00p,6675,10230,1666,1910,,,1334,yes,0,0,5,yes,0.5580622208833455
3254,3328676,Seouless,5603,10529,,1875,yes,1865,1380,,1,7,0,,0.557850164722779
3255,17195113,nieudas,2105,12407,5684,1750,,1662,1401,,2,3,8,yes,0.5575501149796532
3256,16161318,VonaAteSandwich,7937,9923,2547,1857,,1373,1440,,24,97,18,yes,0.5573748450704703
3257,19671118,walled,8840,9729,1471,1926,,,1302,yes,0,0,17,yes,0.5569528180190615
3258,12535083,-Wyren-,14760,8787,1103,1963,,,1244,yes,0,0,118,,0.5562459422653017
3259,12070555,day drinking,1309,13328,,1959,yes,6442,1172,,10,22,0,,0.5559326795198327
3260,15526534,speedkittymeowm,3168,11608,,1910,yes,3286,1277,,4,11,0,,0.5557084698028956
3261,17163314,Slowpoke415,3371,11493,,1906,yes,4602,1222,,1,3,0,,0.5555480371570356
3262,11680054,kevvy,11177,9307,1353,1937,,1919,1375,,11,49,30,yes,0.5555226462840955
3263,10395879,Mewtz,2594,11992,,1921,yes,3815,1252,,6,14,0,,0.555416711734956
3264,16133097,Paraca405,3400,11477,1564,1919,,6935,1162,,2,5,11,yes,0.5553678152301564
3265,3256745,Netizz,3491,11417,,1904,yes,2753,1309,,10,33,0,,0.5553394422817759
3266,7181285,jecka,1376,13243,9197,1679,,,1512,yes,0,0,5,yes,0.5551689817655677
3267,19112966,Sinner_G,4328,10984,3017,1836,,,1383,yes,0,0,3,yes,0.5548065550325746
3268,18373250,Astrial,3563,11378,3036,1835,,,1405,yes,0,0,17,yes,0.5541455244936373
3269,10902307,UselessJohn,1358,13266,2409,1865,,6485,1171,,6,15,11,yes,0.553637111776427
3270,7615444,Vizu,8228,9860,1572,1918,,,1310,yes,0,0,16,yes,0.5534660536438304
3271,10651409,enslow,9745,9557,1409,1932,,,1291,yes,0,0,22,yes,0.5529615580744246
3272,34442556,Day Breaker,6423,10296,1787,1902,,,1338,yes,0,0,5,yes,0.5516998953006667
3273,7184934,capnjazzy,3511,11407,1879,1896,,3967,1245,,3,6,4,yes,0.5516331963061682
3274,7052349,[ Senji ],4943,10753,2426,1864,,,1368,yes,0,0,6,yes,0.5512322486164303
3275,1225459,Kenny,3567,11375,1361,1936,,4858,1213,,12,38,35,yes,0.5508716106601368
3276,27269342,FFA,3674,11319,7794,1705,,,1401,yes,0,0,1,yes,0.550501163729018
3277,5293630,Toyota Wellman,4140,11076,3566,1816,,2487,1327,,1,3,1,yes,0.5498981154429153
3278,11516061,Keyend,4045,11123,2800,1845,,,1390,yes,0,0,13,yes,0.5496100424210429
3279,11329679,wali,8804,9735,1473,1926,,,1302,yes,0,0,14,yes,0.549177659765754
3280,8457202,layne,8582,9786,1592,1916,,2027,1365,,19,78,26,yes,0.54888816457613
3281,12450422,Riquiria,1632,12914,2740,1848,,5178,1204,,7,16,3,yes,0.5485460984334892
3282,9547561,Mema,3771,11266,7207,1716,,,1398,yes,0,0,1,yes,0.548403848613169
3283,6498951,Save Me,4671,10855,,1885,yes,2393,1334,,3,5,0,,0.548360113473365
3284,11752694,Bitiksquid,1754,12785,3507,1817,,3257,1279,,7,17,13,yes,0.5482317133137399
3285,9951177,Wisut,4193,11055,,1892,yes,5435,1196,,1,1,0,,0.5481973086951863
3286,5229124,-Miky-,4792,10808,,1884,yes,2208,1347,,3,12,0,,0.5479056137427479
3287,9531007,fishing license,3310,11536,2491,1861,,6440,1172,,1,2,1,yes,0.5475482672990132
3288,27072070,mangoee,5568,10538,2055,1885,,,1354,yes,0,0,2,yes,0.5475263172281857
3289,6812094,ieu-,4057,11114,,1894,yes,6409,1173,,1,1,0,,0.5474800805817955
3290,10571662,Jadekick,3260,11555,,1908,yes,5104,1206,,1,3,0,,0.5472689884382048
3291,7207725,Wew,3404,11475,2075,1884,,3970,1245,,3,5,2,yes,0.5470075181833739
3292,7325012,Sepe,3664,11321,,1901,yes,3354,1274,,1,5,0,,0.5464211035406439
3293,13449760,stupid-dummy,5613,10525,,1874,yes,1924,1375,,2,6,0,,0.546180806374521
3294,9535265,Lanzhou,11216,9299,4370,1788,,1105,1490,,12,54,1,yes,0.5459766486610109
3295,6867478,Buszek,10438,9430,,1835,yes,1337,1448,,76,362,0,,0.545939117372502
3296,23265884,waqaqa,5762,10480,2144,1880,,,1350,yes,0,0,17,yes,0.5452512722581965
3297,6925441,jiaxunjason,11657,9227,,1827,yes,1227,1465,,30,136,0,,0.5444065567749582
3298,13104657,Katzae,3088,11654,4142,1796,,,1421,yes,0,0,6,yes,0.5442441745997808
3299,21764744,[ Krat ],555,15024,6667,1727,,5145,1205,,3,6,11,yes,0.5438185662435762
3300,22553394,1PoisoNn,3959,11166,,1896,yes,7614,1148,,1,1,0,,0.5433481163253097
3301,12556610,endogz,9101,9674,1395,1934,,,1299,yes,0,0,10,yes,0.5431023923073397
3302,6391852,Ignas,2971,11730,1444,1929,,4535,1224,,2,11,2,yes,0.5429524558054167
3303,5785607,Zenvio,3504,11412,2003,1888,,8174,1137,,1,2,6,yes,0.5428569095757534
3304,17256469,TotemOfOsu,4000,11145,6125,1740,,,1392,yes,0,0,1,yes,0.5425855179194058
3305,17639865,KatySad,4329,10984,3421,1820,,1856,1380,,1,3,3,yes,0.5425567986834062
3306,10630304,mental illness,868,14114,,1980,yes,9512,1113,,8,20,0,,0.5423568600941999
3307,22759719,Uber Eats,3328,11525,3012,1836,,5296,1201,,1,1,6,yes,0.5421341690931814
3308,11445862,Nyuchikin,2444,12099,2177,1878,,4081,1241,,9,23,39,yes,0.5419222831326261
3309,12443104,iraozm,4487,10928,1911,1893,,2759,1309,,13,46,30,yes,0.5414111766158747
3310,1638369,GoDoFDeath,3541,11388,2300,1871,,3509,1266,,4,5,36,yes,0.5407449950043398
3311,16616672,BiaHaNoi,2669,11945,3569,1815,,,1437,yes,0,0,66,yes,0.5406721646930426
3312,13349049,okeaoska,3750,11277,,1899,yes,4944,1211,,1,2,0,,0.5405691729234046
3313,12290117,chantat,2797,11847,5910,1745,,2717,1311,,11,31,1,yes,0.5405424158796868
3314,11835742,Luk4sz,5876,10448,2142,1880,,,1348,yes,0,0,23,yes,0.5403992084778266
3315,5281485,iFakeRz,2836,11817,3539,1816,,2135,1354,,67,214,17,yes,0.5392480368321173
3316,11860256,amefuri,2730,11898,5665,1751,,5718,1189,,1,2,1,yes,0.5386914028017306
3317,8953955,Zelq,3360,11500,,1906,yes,2950,1298,,13,43,0,,0.5386839592046577
3318,17318650,ZOOM_30,3811,11245,7353,1713,,,1397,yes,0,0,1,yes,0.5385940449151845
3319,14382268,inoq,3596,11359,4703,1777,,2507,1326,,1,1,2,yes,0.5385442576228601
3320,12429401,Nuzz,1935,12567,,1938,yes,7852,1143,,3,6,0,,0.5383441894811952
3321,4314559,Somay 287,2518,12040,,1923,yes,3487,1267,,18,73,0,,0.5381785694642296
3322,8474535,OPSEC DEMON,5191,10664,2356,1868,,,1362,yes,0,0,16,yes,0.5380952790250261
3323,14735944,Slde,1363,13259,,1957,yes,8745,1126,,4,10,0,,0.5378507429910566
3324,10526814,Luminiscental,10595,9404,4151,1795,,864,1546,,28,126,17,yes,0.5376876251865788
3325,14148759,SosoBurger,8502,9801,1311,1941,,,1306,yes,0,0,5,yes,0.5376588983862984
3326,3580864,Narita Brian,3120,11635,,1910,yes,4067,1242,,2,6,0,,0.537554980170318
3327,20864283,drolya,2210,12294,4380,1787,,,1459,yes,0,0,18,yes,0.5375262597482025
3328,2538695,umii,6514,10271,,1866,yes,1809,1386,,14,51,0,,0.5374289796291951
3329,19271890,NotKiru,3395,11481,4278,1791,,,1410,yes,0,0,4,yes,0.5373458884954051
3330,6111086,IonJ,3569,11374,2324,1870,,2777,1307,,12,36,10,yes,0.5373017659099499
3331,10969267,GamaKurisu,4070,11107,3089,1833,,,1390,yes,0,0,6,yes,0.5372336377722582
3332,9294554,BlonderDennis,11767,9208,1069,1967,,2542,1324,,32,146,47,yes,0.5372194852085607
3333,26677052,47w47,21679,8049,1947,1891,,897,1536,,29,141,23,yes,0.5371776553755577
3334,4622337,Nordkild,3042,11686,,1912,yes,3196,1282,,10,32,0,,0.5370468877860185
3335,18133003,believer_i,3821,11240,,1898,yes,4776,1216,,1,2,0,,0.5368613528275913
3336,17451885,femboys,2426,12112,,1925,yes,7477,1150,,1,4,0,,0.5368479950996935
3337,9567805,GuardianRazer,13428,8959,1143,1960,,,1255,yes,0,0,27,yes,0.5368281693990633
3338,13277528,Vagouuu,4435,10947,,1889,yes,4562,1223,,1,1,0,,0.5368143587793583
3339,11719766,puckyu poi,4939,10755,1674,1909,,2985,1296,,7,25,15,yes,0.5365199298281395
3340,2575976,Lua,6198,10361,,1869,yes,1787,1388,,2,7,0,,0.5363725319128838
3341,7563435,PCBetaphish,3930,11178,6691,1727,,,1394,yes,0,0,1,yes,0.5362332280878176
3342,17467899,Qumania,11392,9271,1442,1929,,1664,1400,,60,187,8,yes,0.5356538082381503
3343,21320291,Olivier,8200,9863,1635,1913,,,1311,yes,0,0,16,yes,0.5355705785985176
3344,30220752,aeros,3473,11431,3545,1816,,,1408,yes,0,0,8,yes,0.5353664269832917
3345,18175218,Rum1a,10039,9508,3185,1829,,1093,1491,,10,33,6,yes,0.5349325380730812
3346,18126732,joaoxw77,2457,12087,5515,1755,,7843,1143,,1,2,1,yes,0.5349175403585646
3347,20176757,Scopie,15854,8645,1038,1971,,,1236,yes,0,0,48,,0.5345894680260191
3348,12329311,zerkala,2970,11731,6432,1733,,2545,1323,,22,69,1,yes,0.5345030413894872
3349,23513745,shizuu,3127,11632,,1910,yes,5863,1185,,1,3,0,,0.5343991115874479
3350,21367671,[Levi],3753,11275,3786,1808,,,1399,yes,0,0,4,yes,0.5342512400188886
3351,12200180,cozyin,5588,10533,2248,1875,,,1354,yes,0,0,7,yes,0.534081612236081
3352,17124682,Frindin,15649,8672,1500,1924,,1298,1453,,37,148,8,yes,0.533992012993308
3353,30377321,Aquatf,3223,11574,1725,1906,,7384,1152,,1,3,2,yes,0.5335671131333473
3354,25121506,Chris Griffin,2311,12207,5935,1744,,,1454,yes,0,0,5,yes,0.5334686775214257
3355,7051163,OskaRRRitoS,12678,9069,,1821,yes,1153,1480,,12,51,0,,0.5331372156965006
3356,15312830,Zenox,8827,9731,1187,1955,,,1302,yes,0,0,4,yes,0.5328218394083898
3357,11893703,bisbo,3778,11262,,1899,yes,2699,1313,,14,47,0,,0.5325321490149143
3358,8217695,bunnings snag,4215,11042,2825,1844,,,1386,yes,0,0,12,yes,0.531967538733763
3359,10094345,dzikush,5001,10736,,1882,yes,2235,1345,,3,9,0,,0.5316026081770041
3360,15754580,Purin,1617,12935,,1948,yes,7942,1141,,3,9,0,,0.5314759650357519
3361,9791892,hurty,4219,11039,,1892,yes,6071,1181,,1,1,0,,0.5313103915516003
3362,16218750,Humsterlol,19205,8275,1902,1894,,974,1517,,63,241,6,yes,0.5312744938971872
3363,29551679,solasi,3085,11655,2225,1876,,3273,1278,,11,33,6,yes,0.5309225560179188
3364,7103078,Spyrosh,3105,11645,,1911,yes,6072,1181,,1,3,0,,0.5308691872880585
3365,18153031,n o v a h,2980,11724,1717,1906,,5575,1193,,6,11,18,yes,0.5306017800594149
3366,27236744,delioru,5020,10731,2464,1862,,,1366,yes,0,0,14,yes,0.5305174321612518
3367,4512984,Tsokoz,2451,12093,,1924,yes,4281,1233,,5,14,0,,0.5304611155576225
3368,15362197,-Cold-,3331,11523,,1907,yes,7515,1150,,1,2,0,,0.5303206206618749
3369,15885856,Malverst,3983,11155,4397,1787,,,1392,yes,0,0,2,yes,0.5296857122834839
3370,8535398,Aporia,7085,10129,,1861,yes,1731,1395,,9,33,0,,0.5294354215787203
3371,14047737,Stemuu,5686,10504,2258,1874,,,1352,yes,0,0,27,yes,0.5287307979752971
3372,4149140,kallax,2564,12014,5094,1766,,,1442,yes,0,0,6,yes,0.5285630290962774
3373,15333513,Zybit,14008,8887,519,2044,,4573,1222,,20,72,56,yes,0.5280551284209464
3374,6159669,daanit,1628,12916,1212,1952,,8336,1134,,91,307,9,yes,0.5279997829598381
3375,15100005,-Whitedog-,2411,12120,1165,1958,,7654,1147,,4,14,4,yes,0.5279863548543057
3376,9455803,ZdefLT,3740,11282,,1899,yes,2898,1301,,3,17,0,,0.5279430467391782
3377,12737641,giorgis56,2759,11870,5064,1767,,,1434,yes,0,0,5,yes,0.5279197707121646
3378,11572207,wideBoink,2191,12314,3473,1818,,5242,1202,,1,2,15,yes,0.5277439151120066
3379,9919528,Mohammad s,2775,11862,,1917,yes,3307,1276,,41,118,0,,0.5277260286182686
3380,28066609,Nojousse,5186,10665,2444,1863,,,1362,yes,0,0,6,yes,0.5276960617751761
3381,16572162,ReoThePrank,4427,10950,2729,1848,,2015,1366,,1,6,19,yes,0.5273579706562107
3382,2200982,muji,5039,10725,4005,1801,,1998,1368,,32,122,1,yes,0.5273514702906565
3383,7047332,Sucralosa,11769,9208,2221,1876,,1242,1463,,12,38,10,yes,0.5271761909967225
3384,12976731,Artifyber,4208,11047,,1892,yes,6473,1172,,1,1,0,,0.5267806840622435
3385,16429735,Wooting 60HE,5073,10712,3096,1833,,,1365,yes,0,0,1,yes,0.5266921069592404
3386,13538530,Loreriv,8586,9786,1292,1942,,2641,1317,,34,125,27,yes,0.5266545105428967
3387,11223044,oTs-Joaka,2678,11937,1712,1906,,4973,1210,,15,42,32,yes,0.5265757819722103
3388,8941856,laserdik,5732,10492,2226,1876,,,1351,yes,0,0,6,yes,0.5265520779390047
3389,16928887,tohkan,2751,11877,6511,1731,,5298,1200,,1,2,1,yes,0.5265128132762187
3390,3868653,waefwerf,5784,10473,,1873,yes,1993,1369,,4,10,0,,0.5262348545328206
3391,4811420,thac,11006,9335,1437,1929,,,1277,yes,0,0,77,yes,0.5262126797224127
3392,6402779,Flamiror,4880,10774,3528,1817,,,1369,yes,0,0,1,yes,0.5261648437438066
3393,5981443,Davidozzo,5604,10529,773,2008,,4437,1227,,5,12,4,yes,0.5261641057804013
3394,21282552,nomox,7235,10086,,1859,yes,1601,1408,,3,10,0,,0.5253619804131587
3395,11098225,Samigate,6106,10387,2120,1881,,,1344,yes,0,0,11,yes,0.5252907522100752
3396,11732555,Jotta,4381,10965,,1889,yes,2646,1317,,3,8,0,,0.5251833301026886
3397,12386702,horrible kids,1882,12628,,1940,yes,7223,1156,,3,8,0,,0.5245573186189688
3398,12728507,Daddy yankee,3377,11491,3994,1801,,,1411,yes,0,0,6,yes,0.5245164602822405
3399,17558889,yee001,7583,10006,1680,1909,,,1319,yes,0,0,8,yes,0.524458122252501
3400,17671153,- ice -,4587,10891,2622,1853,,,1376,yes,0,0,21,yes,0.5242631916782257
3401,8433636,Kalal331,2942,11755,,1914,yes,3275,1278,,20,55,0,,0.5242208655382964
3402,6462387,Frosiito,2029,12467,3812,1807,,4339,1231,,4,8,3,yes,0.524071057133797
3403,6253995,hollaps,2921,11768,1155,1959,,8536,1130,,3,11,7,yes,0.5234185864237867
3404,13005943,Lighttt,4167,11064,5948,1744,,,1387,yes,0,0,1,yes,0.52337736181809
3405,1052349,AlfredTheSalmon,1844,12681,,1941,yes,6042,1181,,5,13,0,,0.5233218522751344
3406,15270835,-[ YasuoMain ]-,3197,11589,3210,1828,,2441,1331,,9,30,8,yes,0.5231770261696074
3407,13684411,Nkiad,5957,10426,,1871,yes,1962,1371,,5,14,0,,0.5230474672460402
3408,16099958,Lucyne,3939,11174,7162,1717,,,1393,yes,0,0,1,yes,0.5229212432350859
3409,6951719,Pure Ruby,2947,11753,,1914,yes,3223,1280,,38,104,0,,0.522768199106278
3410,17842518,TjoeTjoewa,8748,9747,1710,1906,,,1303,yes,0,0,233,,0.522126358584156
3411,4996910,Playzify,2829,11821,2187,1878,,5399,1197,,2,6,11,yes,0.5221012028774396
3412,9620860,Spunout,4765,10820,,1884,yes,2296,1341,,25,78,0,,0.5219094753564208
3413,15565196,xewth,1674,12873,3105,1832,,4804,1215,,5,18,4,yes,0.5215854463508798
3414,32196076,demohooo,2732,11894,3656,1812,,,1435,yes,0,0,61,yes,0.5211289512702171
3415,7851281,Pillows,4024,11133,,1895,yes,4455,1226,,1,2,0,,0.5207968043150094
3416,17044019,LittleNebula,13274,8982,,1818,yes,1158,1479,,19,79,0,,0.5207275506642481
3417,20660835,Lanskyy,7229,10088,1721,1906,,,1325,yes,0,0,6,yes,0.5204637218401258
3418,14265708,_singularity,4606,10880,2762,1847,,,1376,yes,0,0,8,yes,0.5197945087706075
3419,13602620,Loupio,2543,12025,,1922,yes,5280,1201,,2,7,0,,0.5196643322318584
3420,14019207,evankkk,1663,12884,2857,1843,,7834,1143,,2,6,6,yes,0.5196062127473033
3421,12534498,geuse,2817,11832,,1916,yes,6230,1176,,2,4,0,,0.5186797334254909
3422,14040540,kiri_,7160,10107,1884,1895,,,1326,yes,0,0,14,yes,0.5186590483999323
3423,6068543,UltimaticCatz,4064,11108,,1894,yes,2668,1315,,6,27,0,,0.5185744724086501
3424,7861779,cillian,1757,12778,,1944,yes,5620,1191,,6,21,0,,0.5182464765065105
3425,8443347,Shpry,5171,10673,,1879,yes,2481,1328,,1,2,0,,0.5180114834613669
3426,10426355,-warb-,3960,11165,,1896,yes,4751,1217,,1,2,0,,0.5179475322847286
3427,13042378,Kohanari,5589,10533,1262,1947,,3630,1260,,2,6,4,yes,0.517935251942107
3428,5287410,Wucki,2087,12423,,1934,yes,4948,1211,,5,18,0,,0.5169447174343499
3429,11975464,- Logic -,2550,12022,3734,1810,,5963,1183,,3,3,2,yes,0.5169221215879594
3430,13305560,FRX,4726,10835,3018,1836,,,1373,yes,0,0,3,yes,0.5165883868711121
3431,12195391,CMeFly,8905,9714,1219,1951,,2854,1304,,36,130,29,yes,0.5164557320517983
3432,7745755,Slonlk,3993,11148,4581,1781,,,1392,yes,0,0,2,yes,0.5164311210179632
3433,4291334,Jared on osu,3877,11208,2455,1862,,2718,1311,,4,11,86,yes,0.5163467213182295
3434,2014867,Alevari,3856,11216,,1897,yes,3419,1270,,2,5,0,,0.5160393644369
3435,32657919,fuyukiS,13091,9011,1341,1938,,1880,1378,,10,41,28,yes,0.5158558409325162
3436,8335721,_jeff,2749,11880,3880,1804,,,1434,yes,0,0,23,yes,0.5158012683681247
3437,9507985,dyl,2700,11921,1903,1894,,4557,1223,,6,20,6,yes,0.5153847146815608
3438,6592512,Devon,2683,11934,5709,1750,,2973,1297,,17,63,1,yes,0.5152509133153975
3439,21562589,sekito,4380,10966,3844,1806,,,1381,yes,0,0,2,yes,0.5149851791682855
3440,15000287,Emchi,3974,11160,,1895,yes,3002,1295,,3,9,0,,0.5145310478990751
3441,3339073,- kouyuu -,7081,10132,1485,1925,,2606,1319,,54,187,14,yes,0.5144966347588187
3442,8044267,Chaoticy,2978,11726,,1913,yes,7200,1156,,2,3,0,,0.5137653559927351
3443,19277857,RominusJ,3344,11514,3377,1821,,,1412,yes,0,0,25,yes,0.5132533839681926
3444,24648774,laststar,5095,10705,2575,1856,,,1364,yes,0,0,7,yes,0.5130897498016518
3445,1799925,Lazer,11001,9337,1366,1936,,1978,1370,,16,51,11,yes,0.5130773785187503
3446,11871006,arm foot,4971,10745,1834,1899,,4523,1224,,1,2,5,yes,0.5127285964519293
3447,14039811,KingFreak,4485,10929,,1888,yes,2557,1322,,7,15,0,,0.512636119463398
3448,6600809,Walfrid,2805,11841,1336,1939,,4091,1241,,49,206,2,yes,0.5125036193929989
3449,20413866,nellyo1,11966,9181,1201,1953,,,1268,yes,0,0,13,yes,0.5124507085430169
3450,21179733,Kury83,3732,11284,1340,1938,,7203,1156,,4,12,30,yes,0.5123142498850689
3451,209664,fabriciorby,10264,9464,,1836,yes,1240,1463,,3,12,0,,0.5122386436001323
3452,18419037,breezyendymion,4571,10899,3254,1827,,,1377,yes,0,0,3,yes,0.5120388852946276
3453,6098054,myobash,2672,11942,,1920,yes,4079,1241,,4,16,0,,0.5115603907724988
3454,7689631,KAMUU,1730,12811,,1945,yes,5710,1189,,5,23,0,,0.5111122639808144
3455,7839397,vita,3166,11609,3373,1822,,2964,1298,,34,96,1,yes,0.5110310033588706
3456,9300673,U are all loved,5145,10682,1522,1922,,5067,1207,,1,4,10,yes,0.5109918598082046
3457,6373382,AmericanPenguin,5495,10562,,1876,yes,2158,1352,,1,5,0,,0.5109591973399062
3458,4904410,Charles Leclerc,3193,11595,,1909,yes,3526,1265,,7,14,0,,0.5106726221867013
3459,13164311,lkjhfgdsawkrbtj,3796,11256,5200,1763,,,1398,yes,0,0,2,yes,0.5106724454950337
3460,11776859,quickscope yuri,7014,10145,,1861,yes,1828,1384,,30,113,0,,0.5104909533954725
3461,1595370,Touhou Project,3092,11651,5808,1747,,,1421,yes,0,0,3,yes,0.5102037350611743
3462,13786042,Bonnet,2990,11718,8083,1700,,,1425,yes,0,0,2,yes,0.5100494169266658
3463,1163931,FllareA,6857,10184,,1863,yes,1803,1386,,6,17,0,,0.5100133515942757
3464,24133683,grow a garden,4395,10962,,1889,yes,5986,1183,,1,1,0,,0.5098157230412944
3465,7563700,SparrowRan,2390,12134,,1925,yes,4945,1211,,5,11,0,,0.5096042371766005
3466,12930001,Pixelz,2693,11927,1192,1954,,8182,1137,,9,23,11,yes,0.5092984351609751
3467,12301126,VierjaPaz,8000,9909,,1853,yes,1647,1403,,14,50,0,,0.5085217177852371
3468,32954989,kyskyskys,4314,10993,,1890,yes,6603,1169,,1,1,0,,0.5084164823058396
3469,5312766,mosvannen,4367,10972,,1889,yes,2732,1310,,3,9,0,,0.5082612290852822
3470,17950172,babban1,3651,11330,4222,1793,,,1402,yes,0,0,4,yes,0.5076066896210701
3471,16228128,TheSGGovernment,2021,12473,3950,1802,,6388,1173,,1,1,30,yes,0.5075697287954839
3472,11438067,abvvvv,6450,10289,2091,1883,,,1338,yes,0,0,9,yes,0.5073726983806509
3473,12632210,OceanMan28,1003,13844,,1973,yes,8825,1125,,7,25,0,,0.5072047432542658
3474,13981291,Chan-tal Janzen,3713,11298,,1900,yes,3108,1288,,5,14,0,,0.5071898916899575
3475,29752093,zxbchess,3678,11316,4193,1794,,,1401,yes,0,0,4,yes,0.5069979307433572
3476,8828875,chikato,5878,10447,,1872,yes,2064,1361,,31,112,0,,0.5069316706781551
3477,6479192,SadnessTrain,5056,10719,1417,1932,,3311,1276,,4,13,4,yes,0.5067657326738132
3478,17795498,petalouda,9632,9577,1872,1896,,1832,1383,,80,307,38,yes,0.5065285929251896
3479,26005698,konnyakuexpert,6610,10246,2047,1885,,,1335,yes,0,0,10,yes,0.5064794977630507
3480,3925167,BLooDBuRSTiNG,6141,10377,,1869,yes,2014,1366,,17,51,0,,0.5062933274875189
3481,12995101,nChup,4302,10997,2909,1840,,,1383,yes,0,0,13,yes,0.5062275959216193
3482,7686656,luxSal,10921,9346,1294,1942,,,1278,yes,0,0,12,yes,0.506212994068079
3483,10952922,BossWang,9203,9654,,1843,yes,1522,1419,,25,81,0,,0.5054421222796953
3484,11798249,skibidi_ohio1,3478,11427,5020,1768,,,1407,yes,0,0,3,yes,0.50543242819446
3485,18076009,i was here pogu,3378,11490,3502,1817,,,1411,yes,0,0,18,yes,0.5054288198993209
3486,16386592,Jeon,3572,11374,,1902,yes,2965,1297,,26,89,0,,0.5053759907385691
3487,5626209,heybeyo,4496,10925,2707,1849,,,1378,yes,0,0,60,yes,0.5049826217355831
3488,20184998,Zyrix,16688,8546,1968,1890,,1042,1501,,9,37,5,yes,0.5049558281550418
3489,10355002,lKepler,5237,10647,5514,1755,,1614,1407,,5,23,2,yes,0.5049540338072763
3490,15670735,ILLKID13,2559,12017,4066,1798,,,1442,yes,0,0,30,yes,0.5048047996571776
3491,16299020,rokay,6845,10188,2024,1886,,,1331,yes,0,0,15,yes,0.504602489038599
3492,19795821,Rommix,3037,11689,8018,1701,,,1423,yes,0,0,2,yes,0.5045796424782958
3493,10868788,Noa Himesaka,3950,11169,,1896,yes,5141,1205,,1,2,0,,0.5045776924378117
3494,11557554,Cytusine,8557,9791,3303,1825,,1366,1442,,15,65,4,yes,0.504512092841122
3495,24568472,AhmedPlaysYT,4037,11128,7352,1713,,,1391,yes,0,0,1,yes,0.5044374528529653
3496,14352824,ItzZolker,2814,11834,4100,1797,,,1431,yes,0,0,15,yes,0.5043325159077906
3497,7236907,MGM,2908,11772,4773,1775,,2926,1299,,2,4,3,yes,0.5041985531443413
3498,6129995,boblint,4014,11138,,1895,yes,2883,1302,,6,16,0,,0.5040665258690371
3499,8085558,Serterd,7511,10021,1722,1906,,,1320,yes,0,0,6,yes,0.5039514882186612
3500,5281857,Rushy,4553,10903,,1887,yes,2519,1325,,10,27,0,,0.5036456042654401
3501,9477396,JayKeyS,3980,11158,7800,1705,,,1392,yes,0,0,1,yes,0.5035358070846011
3502,10100417,Chuwy,5975,10420,2264,1874,,,1346,yes,0,0,6,yes,0.5034894046046382
3503,22329551,HYUNG JOO,4635,10868,,1886,yes,3398,1271,,1,2,0,,0.5033091812559164
3504,15806578,oekward,3837,11230,3118,1831,,2190,1349,,1,4,16,yes,0.5029981822805274
3505,10751810,CTRosen,3843,11223,,1897,yes,3582,1262,,3,5,0,,0.5027798256842292
3506,11787038,incarnate,3907,11191,2241,1875,,3949,1246,,1,5,37,yes,0.502725920430733
3507,8086685,DocSak,2736,11890,,1918,yes,6055,1181,,3,5,0,,0.5025738930741238
3508,11133864,Rekkke,5400,10595,,1877,yes,2282,1341,,1,4,0,,0.5025189746300556
3509,9876301,-Sophia,6260,10338,,1868,yes,1824,1384,,1,3,0,,0.5023971499301602
3510,10748381,sladkoru,2832,11819,2737,1848,,3910,1248,,4,8,6,yes,0.5019168094032804
3511,7457161,superboygaming,3288,11542,3743,1809,,,1414,yes,0,0,13,yes,0.501903778764065
3512,10975425,RickAyy,3397,11481,,1906,yes,5779,1188,,2,3,0,,0.5018570595072878
3513,22349440,Vetole,6216,10355,2219,1876,,,1342,yes,0,0,12,yes,0.5015789989456526
3514,9723388,Ween wao,4932,10756,3224,1828,,2200,1347,,10,29,1,yes,0.5013502787028171
3515,6311605,meersu,3847,11221,,1897,yes,2802,1306,,25,95,0,,0.5013303643277587
3516,23386640,Akirox_,3882,11206,5126,1765,,,1395,yes,0,0,2,yes,0.5011274664159013
3517,11124422,neimon,3191,11596,6396,1734,,3581,1262,,2,3,1,yes,0.5010810720494228
3518,18740749,Dathian,1874,12647,6188,1738,,,1477,yes,0,0,9,yes,0.5006337595233756
3519,8105655,-Vid,2635,11968,1260,1947,,6674,1167,,26,72,10,yes,0.4998964032196188
3520,13247666,yeudeedle,2889,11783,3305,1825,,5421,1197,,2,4,1,yes,0.49952942210790763
3521,14096230,danukz,5306,10623,,1878,yes,2249,1344,,8,20,0,,0.49925910730035783
3522,6843383,YoshiLover456,10653,9394,5533,1754,,871,1544,,127,573,8,yes,0.4992333397666319
3523,3673575,4a463a77de8f1b5,2323,12200,3184,1829,,3441,1269,,10,23,7,yes,0.4992302915997754
3524,14916935,rwnd_,3234,11568,1345,1938,,5363,1198,,9,29,7,yes,0.49909625637165383
3525,10881261,WorthyA,3751,11275,2541,1858,,5839,1186,,1,2,1,yes,0.4987513399165731
3526,9697769,TiRa,4426,10950,,1889,yes,2546,1323,,24,103,0,,0.49872618486812514
3527,17058928,Lil Jeon,4158,11067,6891,1723,,,1387,yes,0,0,1,yes,0.49867856780963604
3528,9967929,Tutturu,4583,10893,,1887,yes,3593,1261,,1,2,0,,0.4985698165067149
3529,9541819,Mudflap,4016,11136,,1895,yes,3187,1283,,3,7,0,,0.49856719982116365
3530,8676747,Anaether,4618,10875,,1886,yes,2470,1329,,29,130,0,,0.49856387699789173
3531,12620242,Kyulke,2371,12155,,1926,yes,4233,1235,,8,32,0,,0.4983667132165452
3532,14180303,FubukiShirakami,3742,11281,1836,1899,,3384,1272,,10,39,4,yes,0.4981591200943841
3533,15504921,reptier,1325,13306,,1959,yes,6193,1177,,25,79,0,,0.4981148287855967
3534,4495099,ponaar,3916,11186,3207,1828,,,1394,yes,0,0,14,yes,0.49806503670921354
3535,2642824,Moria Ruruka,5801,10467,2353,1868,,,1350,yes,0,0,29,yes,0.49794443287297746
3536,15287003,BTMC_Junior,4118,11086,2484,1861,,3062,1290,,1,5,12,yes,0.49775692619648004
3537,8503743,Izzeee,3951,11169,701,2017,,7307,1154,,7,21,5,yes,0.4976716992555893
3538,6660546,Kyori,3383,11487,1512,1923,,4739,1217,,26,85,15,yes,0.4976042530671539
3539,12054218,divi,8477,9806,1772,1903,,,1307,yes,0,0,24,yes,0.49740202647600923
3540,10997439,Decheg_777,19983,8202,,1785,yes,930,1529,,103,456,0,,0.4968482944550392
3541,10429510,yah,3187,11598,,1909,yes,4890,1213,,2,5,0,,0.49660292757359953
3542,6053341,Villimies100,5912,10438,2325,1870,,,1347,yes,0,0,7,yes,0.4963743642054399
3543,11768574,bien pensant,4182,11060,3647,1813,,,1387,yes,0,0,4,yes,0.4963627249985032
3544,13205755,Potato9756,6493,10275,2092,1883,,,1337,yes,0,0,6,yes,0.4961984698424312
3545,7079078,bean juice,3261,11555,,1908,yes,4729,1218,,2,5,0,,0.49607453428189635
3546,70863,La Valse,7593,10004,,1856,yes,1609,1407,,1,8,0,,0.4958739832421061
3547,3323638,AllBlue,9222,9650,,1843,yes,1554,1415,,28,125,0,,0.49556022008946937
3548,7714701,ItzGangsterHD,4235,11031,,1891,yes,3102,1288,,2,6,0,,0.495188045945038
3549,30269264,drq1_,3814,11242,4034,1800,,4035,1243,,1,2,1,yes,0.4951294280569717
3550,1027645,- Asriel -,5204,10660,1965,1890,,2716,1311,,5,31,11,yes,0.4947886128018944
3551,13760562,Fo_Ka,3062,11670,,1911,yes,3484,1267,,7,32,0,,0.4946070910515486
3552,6926438,spaklehat,7434,10039,1832,1899,,,1322,yes,0,0,7,yes,0.49388203245222084
3553,11305414,leopars06,4086,11099,,1893,yes,9736,1109,,1,1,0,,0.49358164175011154
3554,31411669,yunoforever,6633,10240,2162,1879,,,1334,yes,0,0,20,yes,0.49309215596620465
3555,6703291,Kootek,4402,10958,,1889,yes,3443,1269,,2,3,0,,0.4930849380193192
3556,24579870,Bototo,4374,10969,3300,1825,,,1382,yes,0,0,5,yes,0.49248457653098254
3557,6754712,Cappu,3945,11172,2649,1852,,2539,1324,,9,38,23,yes,0.4923186388655019
3558,7141372,Dip,4042,11125,,1894,yes,5169,1204,,1,2,0,,0.49199175932528205
3559,3396496,Reegi,7384,10051,,1858,yes,1709,1397,,3,10,0,,0.4919169770296903
3560,2374950,GaaL,7768,9964,4464,1785,,1223,1466,,7,14,3,yes,0.4918035358215339
3561,3389195,Leiv,4638,10866,,1886,yes,2891,1301,,2,5,0,,0.4917549594598952
3562,13985346,MossL,2973,11727,8688,1689,,,1425,yes,0,0,2,yes,0.4913677535368343
3563,10045291,Tsundoge,1675,12872,,1947,yes,7879,1143,,5,11,0,,0.4912465590486715
3564,7109747,pokora,4429,10950,3394,1821,,,1380,yes,0,0,4,yes,0.49102692091270794
3565,15483026,JLC314,2212,12294,9434,1675,,,1459,yes,0,0,3,yes,0.4910149886160088
3566,12073669,c1em,3583,11364,,1902,yes,4534,1224,,2,4,0,,0.49100962485825994
3567,10665265,chxkyqqe,3324,11528,,1907,yes,5289,1201,,2,4,0,,0.4904476146292805
3568,15184464,zaizai,3289,11541,3772,1808,,,1414,yes,0,0,15,yes,0.490155307605875
3569,18224888,Clash of Clans,1877,12642,,1940,yes,5234,1202,,11,36,0,,0.490150538442087
3570,1638293,Texats,4624,10872,,1886,yes,3205,1282,,2,3,0,,0.49011048306748667
3571,17170406,dirty wet snow,5967,10424,1890,1895,,2741,1309,,3,5,6,yes,0.4900635601001477
3572,24398932,godmorgen,7425,10042,1144,1960,,3674,1258,,10,30,15,yes,0.48995447699499106
3573,17440339,0Bread,3688,11312,7139,1717,,1251,1462,,21,82,10,yes,0.4898840001951108
3574,18225376,IOugisI,12459,9105,1154,1959,,,1263,yes,0,0,10,yes,0.48984670779404665
3575,11688228,Long,3677,11318,,1900,yes,3038,1292,,12,42,0,,0.489571901438427
3576,846038,Splinter572,3828,11236,,1898,yes,3166,1284,,3,13,0,,0.48937461787256387
3577,12362447,noctave,2606,11990,3797,1807,,3362,1273,,1,2,18,yes,0.4890265722268484
3578,12967587,Swizzy,3221,11576,,1909,yes,3295,1277,,19,63,0,,0.48894730318348556
3579,11260324,Dazylele,3768,11266,,1899,yes,6509,1171,,1,2,0,,0.48890739412259854
3580,9441106,Ajax Tachyon,2114,12396,5457,1756,,,1464,yes,0,0,11,yes,0.4886833925659868
3581,7686708,CAMAPA,3239,11566,1538,1921,,4152,1238,,8,24,2,yes,0.48865033977222905
3582,10042684,-naomi,2661,11952,,1920,yes,3787,1253,,26,69,0,,0.4882847339240127
3583,3423454,Leftie,7786,9959,1397,1934,,2558,1322,,13,53,7,yes,0.48814157668448144
3584,14434221,littleguy397658,5360,10606,3222,1828,,,1359,yes,0,0,1,yes,0.4880607291509545
3585,13687646,ganja995,3444,11449,3576,1815,,,1409,yes,0,0,19,yes,0.4879878022736829
3586,4295736,Nunti,1842,12681,,1941,yes,5182,1204,,15,48,0,,0.48785367218347964
3587,6646204,Paka,4433,10947,1396,1934,,4217,1236,,9,21,7,yes,0.4876358147243409
3588,19034752,marcell0,8758,9745,,1847,yes,1613,1407,,16,56,0,,0.48751100683306625
3589,9283403,KarliXon,3045,11684,7066,1719,,1733,1395,,15,47,5,yes,0.4866522120955158
3590,14188385,miru,4544,10908,,1887,yes,6402,1173,,1,1,0,,0.4864236835569475
3591,13351654,Anime,4220,11039,2977,1837,,,1386,yes,0,0,27,yes,0.4862842076821462
3592,6251591,KotobukiTsumugi,2789,11853,,1917,yes,4420,1228,,5,12,0,,0.48624921754405737
3593,11132582,mellowskies,5711,10498,2080,1883,,5355,1199,,1,1,25,yes,0.4861925501650982
3594,13202574,psychology,2793,11851,,1917,yes,5251,1202,,4,7,0,,0.48614209681265425
3595,16638472,effyl,5404,10593,2510,1859,,,1358,yes,0,0,37,yes,0.4861246840947325
3596,13752814,See,3891,11201,1314,1941,,4299,1232,,5,17,3,yes,0.4859104786710698
3597,9369622,rubi,4687,10850,,1885,yes,3617,1261,,1,2,0,,0.4856940627494669
3598,14480201,alsper05,2677,11937,647,2024,,9760,1109,,28,79,6,yes,0.4855180846852611
3599,14582697,HeyCat_,1213,13473,,1963,yes,8437,1132,,10,21,0,,0.4850142034727203
3600,10653881,rifumo,5234,10648,2627,1853,,,1361,yes,0,0,10,yes,0.4849533376989446
3601,16849454,Lyeli,2047,12451,5043,1767,,,1467,yes,0,0,19,yes,0.48483539324266967
3602,3540294,katatakatata,7021,10143,,1861,yes,1925,1375,,17,57,0,,0.4841992716709086
3603,12486748,[Stellar],9147,9664,1596,1916,,,1298,yes,0,0,11,yes,0.4841821076613563
3604,13083042,rew,5347,10611,2902,1841,,,1359,yes,0,0,2,yes,0.48398278851731447
3605,2911062,---Mikoto,4575,10898,,1887,yes,3912,1248,,2,2,0,,0.48309103444651297
3606,12201098,Watanabe Akari,3018,11702,8744,1688,,,1423,yes,0,0,2,yes,0.483024030512507
3607,10966302,JoanaBob,5576,10537,4427,1786,,1637,1404,,33,109,4,yes,0.4826543887136927
3608,13029015,_WangKi_,5508,10560,2663,1852,,,1355,yes,0,0,3,yes,0.4825332489973745
3609,11482346,Chiffa,1909,12591,5217,1762,,,1475,yes,0,0,21,yes,0.48190938900792746
3610,22753118,Jairo619,2239,12269,3242,1827,,7538,1149,,2,3,8,yes,0.48185053584942666
3611,21229598,Stereos,3025,11697,8738,1688,,,1423,yes,0,0,2,yes,0.48180199383566324
3612,18155390,Satsv,4416,10953,,1889,yes,4254,1234,,1,2,0,,0.4817579020682323
3613,9766508,AquaRua,8065,9893,1829,1899,,,1312,yes,0,0,12,yes,0.4809905074582342
3614,30043630,Marrelia,9804,9548,1046,1971,,,1290,yes,0,0,3,yes,0.48095373911997086
3615,15960090,marty916,3632,11342,3858,1805,,,1403,yes,0,0,8,yes,0.48082403977619287
3616,27993601,miina,1175,13521,6576,1729,,3025,1293,,5,14,9,yes,0.48069843728922174
3617,8171561,lobotomy,7161,10106,2045,1885,,,1326,yes,0,0,13,yes,0.48063608934852636
3618,5442931,glass2wave7,2782,11857,3527,1817,,3252,1279,,27,65,2,yes,0.48010103338647303
3619,9399268,cringe enjoyer,4996,10737,,1882,yes,4322,1232,,1,1,0,,0.4799752203320344
3620,15113620,lilrocky,2477,12073,4094,1797,,,1446,yes,0,0,103,,0.47994017617550877
3621,12770032,Porifore,10067,9501,1096,1964,,3876,1249,,1,5,15,yes,0.4796756160811777
3622,13865320,milosz kitten,812,14246,3810,1807,,7655,1147,,11,27,5,yes,0.4796186613010611
3623,14063097,Rane_,5783,10473,2434,1863,,,1350,yes,0,0,25,yes,0.4795051382057584
3624,15408271,ItsHectic,7935,9923,1346,1938,,5869,1185,,1,1,6,yes,0.4786253009152627
3625,13068732,Scoozyxd,4289,11006,3167,1830,,2628,1318,,7,28,1,yes,0.4786034684798845
3626,12344576,Fun Fact,4038,11128,3069,1833,,,1391,yes,0,0,48,,0.478054277807167
3627,8783645,Kitasan Black,15661,8672,975,1979,,2410,1333,,46,193,23,yes,0.47794054415053444
3628,8358987,MioYamazaki,2588,11999,,1921,yes,4650,1220,,5,15,0,,0.4779031159954714
3629,1471889,Airis,4221,11039,7359,1713,,,1386,yes,0,0,1,yes,0.4779008486876119
3630,18047677,Makka Pakka,2795,11849,7344,1713,,,1432,yes,0,0,3,yes,0.4773793457602867
3631,11716599,Addam,3292,11541,,1907,yes,3647,1259,,3,17,0,,0.4772624329744934
3632,14449630,swankitydankity,5655,10513,,1874,yes,2236,1345,,17,66,0,,0.4767799463251339
3633,10313502,Maxkem,5606,10528,1431,1930,,4484,1225,,3,10,15,yes,0.4767263281674743
3634,15894115,tsukiya,11346,9282,1318,1940,,,1274,yes,0,0,11,yes,0.4766273774356536
3635,7225922,Baluhga,4757,10823,,1884,yes,2572,1321,,6,38,0,,0.4758934351036269
3636,13285229,zPotato,4176,11061,4885,1772,,,1387,yes,0,0,2,yes,0.47581745021156907
3637,3886466,ARTIZIA,7783,9960,,1855,yes,1818,1385,,18,72,0,,0.47568771081227323
3638,4170037,Astana,5163,10677,,1880,yes,2810,1306,,2,3,0,,0.475291102459842
3639,2477387,Tabris,5397,10596,3429,1820,,,1358,yes,0,0,1,yes,0.47501330519980983
3640,13469091,Method3000,9904,9531,1425,1931,,2397,1334,,2,6,11,yes,0.4747194381182198
3641,5989479,Stian,10458,9428,1018,1974,,2443,1331,,7,20,5,yes,0.474389024634997
3642,14695197,maez,5382,10601,,1877,yes,3267,1278,,1,1,0,,0.4743647961508166
3643,8605890,Piti,2074,12432,,1934,yes,7525,1149,,2,8,0,,0.4743364193688063
3644,5968633,Daffy,4639,10866,2569,1856,,2428,1332,,40,150,22,yes,0.4742796602181236
3645,3741162,WAR THUNDER,2510,12046,5097,1766,,3219,1281,,5,23,2,yes,0.4741791430964934
3646,7403461,ArFunG,5584,10534,2043,1885,,2671,1315,,15,49,16,yes,0.4739682494951981
3647,3794345,Lysine,3077,11662,,1911,yes,4224,1236,,4,11,0,,0.4739144960758895
3648,2064445,Tiger Claw,7243,10084,1794,1901,,3040,1292,,2,5,49,,0.4738565960307877
3649,17041914,Nabbie,2926,11765,5471,1756,,,1427,yes,0,0,5,yes,0.47375008324795864
3650,8840398,OneShotFox,8532,9796,1828,1899,,,1306,yes,0,0,19,yes,0.47373603930691266
3651,3206546,EMdT,4036,11129,,1894,yes,3215,1281,,3,10,0,,0.4737134926167838
3652,8566660,MokkoriRyo,5361,10606,,1877,yes,2355,1337,,12,49,0,,0.4736945613674065
3653,10259647,KazeKitsu,5305,10623,,1878,yes,2447,1330,,2,10,0,,0.4736400174405781
3654,34820414,Minzawa,5663,10509,2493,1860,,,1352,yes,0,0,47,,0.47342974561285023
3655,16228252,iamfishgiver,3430,11456,,1905,yes,5302,1200,,1,4,0,,0.4732755514476383
3656,21391459,fish k1ng,5456,10574,3321,1824,,,1357,yes,0,0,1,yes,0.4732286317650596
3657,9179964,Kayziix,11824,9200,,1826,yes,1353,1444,,19,67,0,,0.47321086165446435
3658,12272964,THORWAVE,2570,12013,4889,1772,,5358,1199,,2,5,1,yes,0.4729894830194203
3659,33332497,Luvias,2848,11809,,1916,yes,4020,1243,,8,23,0,,0.47278823794248903
3660,13064031,EndmeKov,14599,8808,2341,1869,,1205,1471,,20,84,6,,0.47277428733939625
3661,11705938,Mahlzeit,5283,10629,608,2030,,9854,1107,,18,50,19,yes,0.47270426755139694
3662,15995866,Haelstrom,3020,11701,,1912,yes,8400,1133,,1,3,0,,0.4726723094149933
3663,903978,waaiiru,3312,11534,3777,1808,,2379,1335,,2,7,12,yes,0.47254231917492184
3664,9727395,fishsauce,11822,9200,1480,1925,,,1269,yes,0,0,49,yes,0.47227866720457073
3665,16858397,kanagava,5317,10620,927,1987,,7117,1158,,26,99,35,,0.4720308997553026
3666,19647381,tRas0na,7116,10119,1073,1967,,6011,1182,,1,5,9,yes,0.47170016732841147
3667,12029639,Imuya,6708,10224,2192,1878,,,1333,yes,0,0,7,yes,0.4714740545646701
3668,8030546,Nayto,3051,11680,,1912,yes,8261,1135,,1,3,0,,0.4713690509974925
3669,31290575,MarShy2,2624,11976,4240,1792,,,1439,yes,0,0,32,yes,0.4713669080002334
3670,8706541,SomeMelGuy,7205,10097,2139,1880,,,1325,yes,0,0,30,yes,0.47127182133855855
3671,11506555,suenzy,3637,11339,1617,1915,,5499,1195,,5,8,4,yes,0.47085453528147725
3672,14488445,Cant Even FC,4066,11108,3707,1811,,,1390,yes,0,0,6,yes,0.4707565223099816
3673,12991016,hypir,2871,11794,4266,1791,,,1429,yes,0,0,16,yes,0.4706697929020448
3674,11563694,Tokirii,1996,12497,1631,1914,,5698,1189,,13,37,1,yes,0.4702581008926995
3675,10891435,tachyonexpress,5954,10427,2490,1861,,,1347,yes,0,0,2,yes,0.4700979149985236
3676,34070616,xzeshnick,3586,11363,3929,1803,,,1404,yes,0,0,9,yes,0.46972854237741046
3677,11877992,riot1133,4897,10769,,1883,yes,5125,1206,,1,1,0,,0.46943159962625575
3678,9315365,Martin23,7448,10036,1998,1888,,,1321,yes,0,0,10,yes,0.4693276911253618
3679,3341040,TobiGH3,6895,10174,,1862,yes,1817,1385,,2,4,0,,0.4692082075487641
3680,13490353,THElegendPLL,2995,11715,5895,1745,,,1424,yes,0,0,4,yes,0.469178168768445
3681,6043452,peng,13753,8918,575,2035,,6322,1175,,10,24,76,yes,0.4691158305623051
3682,5271371,Lexion,3236,11568,5111,1765,,1579,1412,,3,11,15,yes,0.4691119833516859
3683,19571548,-duwoop-,2825,11823,5691,1750,,,1431,yes,0,0,5,yes,0.46908588744328056
3684,8112504,Stressed,3446,11448,1981,1889,,5664,1190,,3,6,5,yes,0.468645303412668
3685,9013565,danielyi321,8054,9898,1874,1896,,,1313,yes,0,0,11,yes,0.4683265321249017
3686,6386735,nuthing,5757,10481,2532,1858,,,1350,yes,0,0,7,yes,0.46830186805256396
3687,7835962,0w0raiZen,7184,10100,,1860,yes,1934,1374,,6,25,0,,0.46808829850680667
3688,18917618,lukaszguwno,948,13948,7368,1712,,,1554,yes,0,0,31,yes,0.46801178939281046
3689,3306777,khan,12474,9103,,1822,yes,1299,1453,,14,46,0,,0.46797973832457584
3690,6200807,karott90,3711,11299,,1900,yes,3180,1283,,7,35,0,,0.46768650913128845
3691,10936856,[dragonz],9883,9535,2485,1861,,1514,1420,,14,48,12,yes,0.4674409154208922
3692,7772622,TamamoLover,8247,9855,1811,1900,,2305,1340,,13,50,21,yes,0.4673808234309529
3693,20705797,Megidy,1818,12706,4499,1783,,3422,1270,,1,2,64,yes,0.46730534112458383
3694,8923608,2 and eight,4270,11013,,1891,yes,2807,1306,,18,60,0,,0.46691172234934153
3695,15471618,weatherrr,2639,11965,6882,1723,,,1439,yes,0,0,4,yes,0.46688630842679923
3696,19035308,platinuwaa,12301,9128,1464,1926,,,1265,yes,0,0,66,yes,0.46680993638114276
3697,13187450,Caruma,4829,10792,990,1978,,6254,1176,,26,104,17,yes,0.4667719326083969
3698,19770259,_sola,2519,12038,2526,1858,,4184,1237,,10,29,19,yes,0.46676644834600844
3699,15279191,darvv,2216,12290,6676,1727,,,1458,yes,0,0,6,yes,0.46652519929783715
3700,2468971,Anpan dayo,5029,10729,,1881,yes,3393,1272,,1,2,0,,0.46562668794575957
3701,419954,Regou,4120,11086,,1893,yes,3654,1259,,1,5,0,,0.4655324211006289
3702,14332949,now89,3935,11176,3582,1815,,2070,1361,,1,3,13,yes,0.4654998252490522
3703,17603580,Frenklee,1373,13248,1778,1903,,9123,1120,,11,27,3,yes,0.4654365387582137
3704,12525297,LIZ Fanboy,4891,10770,,1883,yes,3585,1262,,1,2,0,,0.4653512012977868
3705,3291562,Ninther4,6054,10402,,1870,yes,2193,1349,,9,24,0,,0.4653498361405823
3706,10930077,remy120,3656,11326,2128,1881,,4509,1225,,2,7,4,yes,0.4650127523746743
3707,16219419,Kayxo_,3118,11638,6589,1729,,,1420,yes,0,0,3,yes,0.46490605080079406
3708,4688997,Nemuidesu,4331,10984,,1890,yes,3395,1271,,2,5,0,,0.4647996010432711
3709,12868917,Jontea,7766,9964,2440,1863,,1863,1380,,45,168,12,yes,0.46477323623129113
3710,13966927,Weywot,7032,10142,2108,1882,,,1328,yes,0,0,7,yes,0.46462065942578673
3711,21443063,66socks,2424,12114,4439,1785,,,1448,yes,0,0,34,yes,0.4644443261858624
3712,11727492,Jekuru,5721,10494,1229,1951,,3142,1285,,21,58,3,yes,0.4644064215446051
3713,12883611,catgirlflowers,2217,12289,3659,1812,,3712,1256,,1,5,37,yes,0.46420639210286685
3714,13036362,Angy,4338,10981,,1890,yes,4864,1213,,1,2,0,,0.46379969848988356
3715,11555612,Mejiro McQueen,4107,11090,,1893,yes,2897,1301,,41,125,0,,0.46337869502160434
3716,7795892,Jayden Daniels,3928,11178,5746,1749,,,1394,yes,0,0,2,yes,0.4632352673841621
3717,10460148,-Mack-,2101,12414,,1934,yes,5290,1201,,8,27,0,,0.4631245490408067
3718,3233957,Psycopath-,6170,10368,,1869,yes,2156,1352,,1,3,0,,0.46260771455236926
3719,6433183,silly me,4456,10940,,1888,yes,2890,1302,,5,17,0,,0.46249977194878533
3720,16552216,Dacoma,4307,10995,7474,1711,,,1383,yes,0,0,1,yes,0.46248299385260294
3721,11721736,MouseSupremacy,6231,10352,834,2000,,7575,1149,,8,29,20,yes,0.4615070192641876
3722,35481020,repinek,9643,9576,1362,1936,,8446,1132,,1,1,21,yes,0.4613498789239869
3723,6560408,rehalcool12,8369,9829,1800,1901,,,1308,yes,0,0,9,yes,0.4613222453848205
3724,15610348,lindo2,2299,12215,3169,1829,,8300,1134,,1,2,416,,0.4612393980006648
3725,9388258,boy thighs,4747,10828,2980,1837,,,1372,yes,0,0,13,yes,0.4608694828701733
3726,2484629,Broodich,8487,9804,,1849,yes,1499,1422,,2,6,0,,0.46085170532963404
3727,14123257,Kaela Kovalskia,2010,12484,,1936,yes,5237,1202,,12,39,0,,0.4607485775610705
3728,9119507,Dada,9352,9625,,1842,yes,1641,1403,,30,128,0,,0.460732959340101
3729,15874063,Sendona,6397,10301,2251,1875,,,1339,yes,0,0,2,yes,0.46055151172700026
3730,18739838,bigkade,4312,10994,3441,1819,,,1383,yes,0,0,7,yes,0.4602165610832193
3731,10583885,southern_wind,8118,9882,1478,1925,,7316,1154,,1,2,57,yes,0.46010043453684357
3732,21536854,Steerius,1454,13152,9044,1682,,,1506,yes,0,0,7,yes,0.45971904242970574
3733,3604693,- Dave -,15648,8672,,1805,yes,1145,1483,,19,71,0,,0.4595704461744067
3734,9767572,eternal-,4503,10922,,1888,yes,3474,1267,,1,4,0,,0.45935649122523076
3735,11142471,Tiler,11395,9270,,1829,yes,1445,1429,,63,221,0,,0.4593020038958704
3736,10779632,heroiskawaii,3392,11482,,1906,yes,7096,1158,,1,3,0,,0.45855747384069556
3737,4794808,Purson,3927,11179,,1896,yes,4357,1230,,1,4,0,,0.45844306999010154
3738,9775435,akin123,2867,11796,3953,1802,,3103,1288,,1,1,26,yes,0.4584138772705211
3739,17918199,Frederick,5184,10665,3563,1816,,2820,1305,,1,1,1,yes,0.4582062644399488
3740,3353314,Skitzor,9945,9524,,1839,yes,1516,1420,,8,25,0,,0.45815851764956783
3741,10081404,iSmileZ,2365,12171,,1927,yes,5061,1208,,8,20,0,,0.45794100414328737
3742,1884516,-HERO-,6111,10386,,1870,yes,2226,1345,,1,3,0,,0.45755068311354585
3743,19641527,Amber397,6730,10216,,1864,yes,2082,1359,,15,51,0,,0.45754848470161197
3744,11386678,Mizerrr,12172,9150,1505,1923,,,1266,yes,0,0,60,yes,0.4573264315926779
3745,15564660,Emjae,3410,11470,,1905,yes,4709,1218,,4,6,0,,0.45722175517227454
3746,34248512,XLORI,9617,9580,1546,1920,,,1293,yes,0,0,8,yes,0.45721595763482514
3747,19118420,yorushelz,4454,10940,7020,1720,,,1379,yes,0,0,1,yes,0.45719746513038984
3748,6792694,Radiownd,3273,11548,1197,1954,,5081,1207,,18,57,3,yes,0.45711733570896657
3749,4989519,Luris,3368,11495,,1906,yes,5194,1203,,1,5,0,,0.4570395762524395
3750,9843825,Arav,1832,12688,3041,1835,,4524,1224,,24,67,8,yes,0.45644782001253464
3751,12961654,kitaikuyo,4837,10787,,1883,yes,6027,1182,,1,1,0,,0.4562741768909909
3752,1868745,moosepi,7707,9975,2044,1885,,,1318,yes,0,0,16,yes,0.45615171346003436
3753,30974393,Dream777777777,5749,10484,2543,1857,,,1351,yes,0,0,58,yes,0.4559886142863021
3754,2868952,Mya,6309,10325,,1868,yes,2152,1352,,2,8,0,,0.455685788224205
3755,9231256,newbieqwert0000,5216,10656,2827,1844,,,1362,yes,0,0,10,yes,0.4556586247219154
3756,16861790,Weoweet,5519,10556,2602,1854,,,1355,yes,0,0,144,yes,0.4556107473394709
3757,7041902,Ruhe07_,4569,10900,,1887,yes,3762,1254,,1,3,0,,0.455604672560252
3758,17722532,-BenZ,2156,12356,4714,1776,,,1461,yes,0,0,48,yes,0.45559729891138123
3759,19031441,Onmichi,5590,10532,3426,1820,,,1354,yes,0,0,1,yes,0.45525135541663836
3760,8857034,preston on osu,4750,10827,3054,1834,,,1372,yes,0,0,11,yes,0.4547934056256408
3761,35586588,zafiro_anejo,7503,10024,2102,1882,,,1321,yes,0,0,15,yes,0.454347355926517
3762,17943599,wood veneer,4421,10952,3417,1820,,,1380,yes,0,0,7,yes,0.4541707602692387
3763,5133150,-Shizuru,5969,10423,,1871,yes,2294,1341,,2,8,0,,0.4541662869113495
3764,25160074,Thoqi,3001,11711,7154,1717,,,1424,yes,0,0,3,yes,0.45413210158219336
3765,12974032,hoodmoneyswag,1916,12586,9726,1670,,2818,1305,,2,6,3,yes,0.454095989753545
3766,2378394,-Trinity-,3918,11186,7081,1719,,2830,1304,,1,3,1,yes,0.4540665934366693
3767,21977496,Ichinose-Honami,5913,10438,2683,1851,,,1347,yes,0,0,2,yes,0.4539873190427258
3768,10949503,Hazuki Sendai,12375,9118,1761,1904,,1646,1403,,39,137,6,yes,0.45386136414754635
3769,20447062,kellad,7286,10073,1200,1953,,5339,1199,,4,8,17,yes,0.45356314300642203
3770,15903077,cfx,2481,12070,4509,1783,,,1446,yes,0,0,31,yes,0.4529157949449592
3771,9657324,Mia-,3802,11252,2591,1855,,6414,1173,,2,2,16,yes,0.45238931694703544
3772,14476889,huncho,3364,11498,6207,1738,,,1411,yes,0,0,3,yes,0.45232974352305844
3773,12130373,Phan Dinh Tung,7916,9929,,1853,yes,1845,1381,,7,30,0,,0.4520529578869221
3774,10794612,nnamue,9214,9652,4229,1793,,1519,1419,,18,64,1,yes,0.45170934661797074
3775,14912108,koutya_,7423,10042,1119,1962,,4167,1238,,36,119,20,yes,0.45161458217958683
3776,8266808,ANON TOKYO,4015,11137,3093,1833,,2796,1306,,9,27,3,yes,0.4514579011501611
3777,15406353,Nuwo,3668,11320,,1901,yes,3870,1249,,3,9,0,,0.4513073472249971
3778,11447637,rye,1565,13009,7504,1710,,3339,1275,,1,2,7,yes,0.4511832962408363
3779,4942030,Gonya_,3263,11554,,1908,yes,4098,1240,,4,13,0,,0.4511635517724807
3780,15651535,JaumApenas,3172,11607,1730,1905,,5808,1187,,8,28,22,yes,0.45100613128321976
3781,16082609,Ellie_W10,7618,9999,2029,1886,,,1319,yes,0,0,9,yes,0.4508813783296486
3782,10147150,KeeVee,12141,9155,1421,1931,,,1266,yes,0,0,19,yes,0.450825629951472
3783,15749971,[Maxy],10027,9511,6081,1741,,1041,1501,,5,14,2,yes,0.45060100115653373
3784,8824226,FooTShOoT,2739,11886,2528,1858,,3999,1244,,13,48,15,yes,0.450588082497626
3785,15421908,Lee Zii Jia,2634,11969,,1921,yes,7015,1160,,3,6,0,,0.4504238975636389
3786,8541186,-Milky,2966,11733,,1913,yes,4164,1238,,5,21,0,,0.4501562120604982
3787,12133987,jayson92,3362,11499,2931,1839,,6133,1179,,1,2,13,yes,0.45010347501033854
3788,7034846,Grin,3040,11688,4446,1785,,,1423,yes,0,0,12,yes,0.44969490374731674
3789,7072337,alino4ka92,2862,11799,,1915,yes,5404,1197,,3,8,0,,0.44967102548340254
3790,15815159,c4w,5343,10612,2804,1845,,,1359,yes,0,0,10,yes,0.4494824593027328
3791,11222585,Antiel,4538,10911,6986,1721,,,1377,yes,0,0,1,yes,0.44944256022917894
3792,5946601,ranlore,4966,10747,1599,1916,,3952,1246,,5,16,7,yes,0.4493209038246704
3793,8070299,Khang4,5700,10501,3345,1823,,,1352,yes,0,0,1,yes,0.44901078481929785
3794,13436456,radekguwno,5562,10541,2648,1852,,,1354,yes,0,0,30,yes,0.44890980289813653
3795,20087811,Jolly Ranchers,11146,9311,2486,1861,,1491,1423,,33,159,8,yes,0.4488950434324974
3796,17060569,viktor8290,3073,11663,5505,1755,,,1421,yes,0,0,5,yes,0.44865346327643696
3797,7564205,rusher_808,4260,11018,8424,1694,,,1385,yes,0,0,1,yes,0.44845954502081964
3798,7479242,DaiiCTM,16526,8564,,1800,yes,1149,1482,,39,187,0,,0.4482442271655825
3799,8186536,Qualifiers,7553,10014,,1857,yes,1990,1369,,73,316,0,,0.44819314253657394
3800,16155325,jem888,3063,11670,4207,1793,,,1422,yes,0,0,18,yes,0.4481468645978005
3801,11862201,keckz,7654,9990,,1856,yes,1949,1373,,14,57,0,,0.44798637026093935
3802,8852426,Tapses,15387,8708,,1806,yes,1206,1470,,43,170,0,,0.44730171730878876
3803,14931645,X1ANGLING,2688,11929,4702,1777,,5094,1206,,1,4,2,yes,0.44727180549650597
3804,11566624,rouds,4642,10865,3678,1812,,,1375,yes,0,0,4,yes,0.4466505989742524
3805,9765324,KakirM,11714,9217,1490,1925,,1831,1383,,36,128,4,yes,0.446629072971048
3806,23199063,lebron mode,3488,11421,4102,1797,,,1407,yes,0,0,11,yes,0.4463859141831371
3807,21232469,DoremyCTM,6100,10389,2509,1859,,,1344,yes,0,0,40,yes,0.44633644493901226
3808,18132685,Ichinami,48589,6522,,1703,yes,489,1714,,6,36,0,,0.4455221324435541
3809,9653938,tateyama,3799,11254,,1898,yes,3198,1282,,24,80,0,,0.44535259856134535
3810,10251854,Feriosu,4863,10780,3315,1824,,,1370,yes,0,0,5,yes,0.4452428446615684
3811,8463562,Kopog,6737,10215,1640,1912,,3221,1281,,12,39,23,yes,0.44500378016682557
3812,22336550,PenguiN_zi,2580,12009,2290,1872,,8819,1125,,2,6,38,yes,0.4449360251280627
3813,12322135,BruhMoment,4847,10784,2611,1854,,2625,1318,,10,46,4,yes,0.4448496937423677
3814,7249644,SilenceSuzuka,2953,11746,2027,1886,,4461,1226,,70,226,11,yes,0.4444571015129155
3815,4922584,Kites,5105,10700,3423,1820,,,1364,yes,0,0,3,yes,0.4442756625749735
3816,7926288,Cokirius,3820,11240,,1898,yes,8033,1140,,1,2,0,,0.4442717689238027
3817,21196745,Ditch_,4637,10866,,1886,yes,2853,1304,,11,27,0,,0.44404678956417454
3818,11503939,abbye,7408,10045,2166,1879,,,1322,yes,0,0,12,yes,0.4439300010912811
3819,18345830,kedama,5693,10502,3021,1836,,,1352,yes,0,0,2,yes,0.44356064271707474
3820,6234836,nicas,4347,10977,2201,1877,,6443,1172,,1,3,41,yes,0.4435300097166224
3821,14094599,Vlad,3237,11567,,1908,yes,8291,1135,,2,3,0,,0.443472055316396
3822,10631294,buttcakes29,6189,10364,2536,1858,,,1342,yes,0,0,4,yes,0.44334689955122175
3823,6158076,-YoYo-,2189,12316,5351,1759,,2540,1324,,5,15,10,yes,0.443343175545794
3824,6473092,kbwaaablya,4330,10984,3248,1827,,2528,1324,,4,17,5,yes,0.44326802556132733
3825,13046713,fni,2767,11866,3533,1816,,7682,1146,,1,1,47,yes,0.44325486235613754
3826,16306031,kottEy,5884,10446,,1872,yes,2616,1318,,1,2,0,,0.44288867577739643
3827,10683628,PFFFFFFFFFFFFFT,6723,10219,2295,1872,,,1333,yes,0,0,4,yes,0.4428010469458422
3828,33125535,rafah,3437,11453,4299,1790,,2537,1324,,1,1,8,yes,0.44274427137392675
3829,7221207,Getsuyoubi,3264,11554,1175,1957,,7653,1147,,4,14,4,yes,0.44224739485156317
3830,7535045,The Cube,3797,11256,5368,1759,,,1398,yes,0,0,3,yes,0.4421854346577794
3831,6981924,wojexe,5857,10452,,1872,yes,2500,1326,,2,4,0,,0.44196057437428454
3832,1968481,borgir,4854,10783,3578,1815,,1943,1373,,15,46,17,yes,0.44164255306934563
3833,5879559,Pyrocks,6043,10405,,1870,yes,2344,1338,,4,14,0,,0.44137806896032306
3834,22735739,Ultimeuhhhh,3530,11394,6124,1740,,3601,1261,,1,4,1,yes,0.4413377322736019
3835,6987710,ManiaP,13754,8918,2899,1841,,1141,1484,,6,31,6,yes,0.44129961254902
3836,3880134,Villdjack,4784,10810,,1884,yes,2978,1297,,4,10,0,,0.44064217578553966
3837,13985016,zeemo,5048,10722,3558,1816,,,1365,yes,0,0,3,yes,0.44040782667674455
3838,34837309,clowii,4667,10856,6689,1727,,,1374,yes,0,0,1,yes,0.44028448159097777
3839,10669281,niita,3647,11333,5697,1750,,,1402,yes,0,0,3,yes,0.4400921287576953
3840,15993934,Delfino,4301,10998,1556,1919,,5091,1207,,13,36,25,yes,0.4398753735737523
3841,14033569,dantedel221,2000,12492,5722,1749,,,1470,yes,0,0,16,yes,0.4393824591241364
3842,4087422,Cornfield,4166,11064,,1892,yes,3199,1282,,5,18,0,,0.43930446454198463
3843,14283437,R2cubika,3754,11274,2406,1865,,3891,1249,,3,12,15,yes,0.438994489034062
3844,4514114,Riffo,5701,10500,,1874,yes,2471,1329,,6,16,0,,0.4389841320668115
3845,8236477,Cyrzai,9681,9568,1842,1898,,,1292,yes,0,0,44,yes,0.4388900254246174
3846,8646059,UberFazz,4274,11011,3364,1822,,2461,1329,,6,22,6,yes,0.4387292704342186
3847,8715313,VenomPuffs,10376,9442,1378,1935,,2520,1325,,21,83,11,yes,0.4385354057822938
3848,11064202,Umaroth,13430,8959,1191,1954,,2575,1321,,13,53,22,yes,0.43794067713759705
3849,12736841,Fox_,2982,11722,5009,1768,,,1425,yes,0,0,8,yes,0.4378284174797804
3850,11189917,-Azure,6699,10225,1348,1938,,3152,1285,,6,21,4,yes,0.43771520201632474
3851,10226302,DanielaFanBoy,5692,10502,,1874,yes,3420,1270,,1,1,0,,0.4375340363772495
3852,3861234,Eldera,5018,10732,3008,1836,,,1366,yes,0,0,13,yes,0.43752242005685316
3853,13241562,DarkScrap,4252,11020,8078,1700,,1734,1394,,40,116,3,yes,0.4362805151677174
3854,10748529,maksimo4ka92,4565,10900,,1887,yes,5036,1208,,1,2,0,,0.436154491542855
3855,4294599,summer love,5486,10565,,1876,yes,4017,1243,,1,1,0,,0.43613199948017783
3856,15825922,Akairi,3779,11262,4878,1772,,,1398,yes,0,0,4,yes,0.4360149228871034
3857,17176614,akiramero1,7052,10137,2331,1869,,,1328,yes,0,0,31,yes,0.4359756628688234
3858,10310953,Dimaestro,3141,11622,9507,1674,,,1419,yes,0,0,2,yes,0.435813558669659
3859,2803031,Vinswag,5164,10675,,1879,yes,2776,1308,,4,10,0,,0.43561394392197816
3860,4657504,Silent Rock,8834,9730,,1846,yes,1796,1387,,23,75,0,,0.43501659071085985
3861,13413713,[SHK]ShandenYMD,14374,8840,1352,1937,,,1247,yes,0,0,40,,0.4347416424352534
3862,12862150,brayan56,2447,12095,4086,1798,,4084,1241,,2,8,5,yes,0.4347137468056646
3863,7474075,cute princess,4903,10767,3126,1831,,,1369,yes,0,0,10,yes,0.43469212150336883
3864,5909569,Junkmaniac,7733,9970,1293,1942,,3418,1270,,66,260,14,yes,0.4345311758600366
3865,12913767,__chokemaster__,3208,11584,,1909,yes,4246,1235,,4,15,0,,0.43445523646096557
3866,6141826,Azxrni,4342,10980,,1890,yes,3569,1263,,2,6,0,,0.4343538845457155
3867,3976494,incredi,7326,10063,,1858,yes,1894,1377,,2,5,0,,0.43378662374846133
3868,4742068,- e - v - b-,5445,10579,3087,1833,,2058,1361,,2,6,10,yes,0.43361867231069795
3869,1274825,Sadolution,6642,10237,2202,1877,,3284,1277,,1,2,34,yes,0.4335142022335704
3870,10048544,Rykerov,5469,10570,,1876,yes,2850,1304,,3,4,0,,0.43350342437458533
3871,3055278,Pupper,6703,10224,,1864,yes,2182,1350,,8,30,0,,0.43316683855246185
3872,939213,NuHaru,5950,10428,3292,1825,,1867,1379,,11,33,13,yes,0.4330293740430755
3873,16374194,ShotZ5,11522,9249,1449,1928,,,1272,yes,0,0,12,yes,0.4329359719739794
3874,26342680,love katagiri,3111,11643,,1911,yes,4296,1233,,5,17,0,,0.43287835755778503
3875,11700482,La Place,4603,10882,4168,1795,,,1376,yes,0,0,3,yes,0.43244259506090776
3876,13329905,guram azula,4733,10833,6742,1726,,,1373,yes,0,0,1,yes,0.4320637729912079
3877,3833980,yellowy246,7416,10043,,1858,yes,1963,1371,,3,9,0,,0.4320543728976334
3878,3695504,YukihanaLamy1,7956,9918,,1853,yes,1970,1371,,31,122,0,,0.43185222965977255
3879,10622808,zebedee,9072,9679,,1844,yes,1790,1388,,42,165,0,,0.4316447397888835
3880,22664788,Kaixan,4088,11098,4459,1785,,,1389,yes,0,0,4,yes,0.43156593098327933
3881,11433313,SAPIN_,2431,12107,3586,1815,,4983,1210,,2,5,10,yes,0.4314962605841671
3882,19871654,desmii,4568,10900,7570,1709,,,1377,yes,0,0,1,yes,0.4314810193055457
3883,13535189,Adam Security,4916,10762,,1882,yes,7052,1159,,1,1,0,,0.43140756393834395
3884,5245251,Mankey,4440,10945,,1888,yes,3105,1288,,4,17,0,,0.431165052639119
3885,11324759,Lit xd,4480,10931,8024,1701,,,1379,yes,0,0,1,yes,0.43103633543759073
3886,4764671,AlexXerox,6062,10400,,1870,yes,2420,1332,,2,8,0,,0.4307778103009694
3887,2316517,Duftende Pizza,8115,9882,,1852,yes,1862,1380,,7,18,0,,0.4305708629031396
3888,3170401,-Kemsyt,7661,9989,,1856,yes,1952,1372,,5,13,0,,0.43042328146637016
3889,13121209,Skirk,2724,11901,,1919,yes,6593,1169,,2,7,0,,0.43013603430381364
3890,10184558,deflateddolphin,12986,9026,,1819,yes,1396,1437,,86,313,0,,0.42992663782195123
3891,11671064,Rin Tezuka,4749,10827,,1885,yes,4672,1219,,1,2,0,,0.4295703261419191
3892,35583455,Amatsu,6112,10386,2785,1846,,,1344,yes,0,0,2,yes,0.42949965159436915
3893,7658011,JAPRON,5023,10730,2924,1839,,,1366,yes,0,0,48,yes,0.42945582286153616
3894,14319205,IsAmUxPompa,4335,10982,,1890,yes,5882,1185,,1,2,0,,0.42943966541635403
3895,14247293,forza,1021,13813,3171,1829,,7111,1158,,12,37,56,,0.4292025505394091
3896,11239094,ShuPLe,8521,9798,,1849,yes,1876,1379,,30,130,0,,0.42881620840862616
3897,11830831,n k,2531,12030,,1922,yes,6144,1179,,2,10,0,,0.4286652168973596
3898,12004023,Austinsanity,4706,10843,2659,1852,,2849,1304,,5,18,6,yes,0.428660205196865
3899,4700864,Razekon,5101,10703,,1880,yes,2698,1313,,21,59,0,,0.4285496031373317
3900,16396650,Ayamaki,4704,10843,5244,1762,,2177,1350,,17,70,2,yes,0.42820588426862805
3901,12329989,[MG]-iky-,1367,13254,,1957,yes,8485,1131,,9,26,0,,0.4281025971164762
3902,13065776,girl liker,9574,9586,1776,1903,,,1293,yes,0,0,13,yes,0.42808706530448304
3903,11499384,[EU],5341,10612,,1877,yes,4836,1214,,1,1,0,,0.42777413553908056
3904,30033616,worst_dt_pIayer,8939,9706,2019,1886,,,1301,yes,0,0,149,,0.4273842616661097
3905,10740283,Shakoh,9888,9534,1773,1903,,,1289,yes,0,0,17,yes,0.42704763616154484
3906,15252736,Unibrick,4851,10784,4432,1786,,,1370,yes,0,0,2,yes,0.4269453004110766
3907,6371865,Tokori,3246,11561,,1908,yes,8856,1124,,2,3,0,,0.4268762103993545
3908,5332553,VanillaYuki,4928,10758,,1882,yes,3387,1272,,2,4,0,,0.42687027698976576
3909,8408501,Bread_Instead,4865,10778,,1883,yes,3082,1289,,3,8,0,,0.4266029870328268
3910,7593935,T-Light,13351,8971,8242,1697,,766,1585,,42,156,6,yes,0.42651002662335125
3911,24583869,jangusso1,4751,10826,6890,1723,,,1372,yes,0,0,1,yes,0.42640835266525257
3912,4281350,up44,2654,11956,,1920,yes,4834,1214,,8,23,0,,0.4263803726858611
3913,2425779,Penoreri-,3721,11292,1274,1944,,7907,1142,,18,50,33,yes,0.4262706711696096
3914,11252188,Rezh,5172,10671,,1879,yes,3806,1252,,1,2,0,,0.4261374973609809
3915,13764838,Lele_san,6281,10333,2573,1856,,,1341,yes,0,0,10,yes,0.4261175842061793
3916,10228325,dark on osu,4361,10974,,1889,yes,3829,1251,,1,5,0,,0.4257591198526322
3917,9012075,Stezii,4127,11084,,1893,yes,4181,1237,,2,5,0,,0.4255517111280553
3918,10643960,rnuxk,11808,9202,1650,1911,,,1269,yes,0,0,95,yes,0.42543127084120247
3919,12178531,I hate hidden,6696,10225,1255,1947,,6203,1177,,3,9,19,yes,0.4254086007224118
3920,2523703,Feyyy,5937,10432,,1871,yes,2435,1331,,16,55,0,,0.4252766984510935
3921,21389288,crave cute boys,7435,10039,2067,1884,,2615,1318,,1,5,13,yes,0.4252627348393992
3922,12687597,Outra,4276,11010,,1891,yes,4811,1215,,1,3,0,,0.4251734791120334
3923,33757687,Nightmarish,4315,10993,9115,1681,,,1383,yes,0,0,1,yes,0.4248845551425895
3924,9991156,antoniken,4461,10938,3197,1828,,,1379,yes,0,0,42,yes,0.4248091762687021
3925,9356150,kikyo-,4063,11110,,1894,yes,5401,1197,,1,3,0,,0.4246368356952639
3926,2061326,oitaN,5899,10442,3045,1835,,,1348,yes,0,0,2,yes,0.42461210732137933
3927,18319920,WorstRUplayer,5063,10715,2388,1866,,9917,1106,,1,1,40,,0.42414376873102344
3928,12536790,Kiss My Choke,3908,11191,,1896,yes,5956,1183,,2,3,0,,0.4238367475076484
3929,27877737,Minh Dang Grape,1915,12586,5265,1761,,2955,1298,,1,5,18,yes,0.4233630686984785
3930,22969330,PogName,3399,11480,5767,1748,,,1410,yes,0,0,4,yes,0.4232538570877353
3931,6652874,Hazuki-,3224,11574,,1909,yes,3971,1245,,9,32,0,,0.4231269182524923
3932,6258472,vindit,4818,10799,,1884,yes,4646,1220,,1,2,0,,0.42292665874347135
3933,20629395,emo4kapro,15184,8735,,1807,yes,1264,1460,,28,124,0,,0.42247253763673775
3934,18587902,Bubble998,6574,10254,2476,1862,,,1335,yes,0,0,2,yes,0.42220533853207953
3935,9283132,iferq,1886,12620,5276,1761,,7517,1150,,1,2,7,yes,0.42135907142901874
3936,10722756,-Adood,4296,11001,,1890,yes,6375,1174,,1,2,0,,0.42129366038456845
3937,5176984,Tmunken,5478,10568,,1876,yes,3093,1289,,2,3,0,,0.4211094816002074
3938,10174567,STLNR,2104,12414,1812,1900,,8915,1123,,9,24,13,yes,0.42097956829462774
3939,4829231,Exai,4994,10737,3249,1827,,2529,1324,,1,3,5,yes,0.420842367236769
3940,11140431,Dvard,8226,9860,2084,1883,,,1310,yes,0,0,14,yes,0.4203562627761683
3941,5589933,awesomemacD,6763,10211,1905,1894,,2724,1311,,13,41,6,yes,0.41971044107920036
3942,5757765,-Inazuma-,4490,10928,,1888,yes,4503,1225,,1,3,0,,0.41955059087162616
3943,14596595,61mgb,7473,10030,910,1989,,6848,1163,,3,12,11,yes,0.4193472313197941
3944,11001039,GuardiaN,7343,10060,,1858,yes,2125,1356,,39,159,0,,0.4191410453328174
3945,4507179,Asunamaru,5529,10553,,1875,yes,2622,1318,,9,28,0,,0.41881246237038894
3946,2842992,Jesus[Krists],7060,10136,,1861,yes,2108,1357,,2,6,0,,0.41854830445390245
3947,13190161,Limu,3090,11653,,1911,yes,4941,1211,,3,11,0,,0.4182118119379504
3948,2714158,Nicklous,6864,10181,2424,1864,,,1331,yes,0,0,8,yes,0.4181294140524998
3949,10903878,Sunda,9365,9622,1899,1894,,,1296,yes,0,0,20,yes,0.4180026262126113
3950,20401067,aiien,3030,11694,4200,1793,,,1423,yes,0,0,42,,0.41785316032793507
3951,24010320,Mimosa M,4780,10812,2390,1866,,6348,1174,,1,2,34,yes,0.4177866942813917
3952,10818171,DH02,6185,10366,1364,1936,,5441,1196,,2,11,15,yes,0.41744585381527033
3953,3366658,MiyazonoKuma,6268,10336,2338,1869,,2635,1318,,5,11,8,yes,0.41727780109245005
3954,13619674,esuki-,8734,9751,2039,1885,,,1303,yes,0,0,26,yes,0.41699732022303476
3955,18601735,RedTheren,5166,10674,,1879,yes,6296,1175,,1,1,0,,0.416839046386067
3956,9671919,ShiroPenguin,5745,10485,1548,1920,,8258,1135,,1,2,4,yes,0.4165810397065697
3957,9149167,Fluffy91021,5538,10550,4494,1784,,,1355,yes,0,0,1,yes,0.41657182374252577
3958,7756403,EfrainGMiD2,3593,11360,,1902,yes,3884,1249,,5,18,0,,0.41657109694853894
3959,13036140,brujconqueror71,4599,10883,4366,1788,,,1376,yes,0,0,3,yes,0.41638501763462515
3960,12988448,Blad_D,2893,11781,,1915,yes,4123,1240,,36,126,0,,0.41637771193436174
3961,15462820,-Laslo,27478,7588,580,2034,,3151,1285,,16,68,92,yes,0.41617428201392226
3962,14101917,Xeptral,11905,9189,1297,1942,,,1268,yes,0,0,7,yes,0.4160587949984371
3963,15452023,Lexarh,2769,11865,4148,1795,,2895,1301,,1,3,38,yes,0.4160371887429595
3964,19972788,Jerryyy,9936,9525,,1839,yes,1673,1400,,9,35,0,,0.4159279363534138
3965,9184180,iblue,1748,12789,3156,1830,,5549,1193,,12,41,6,yes,0.41585861462417095
3966,6119147,SlimeDrippy,3498,11414,8638,1690,,1937,1374,,4,12,3,yes,0.41542696172508875
3967,4751678,Ichor,3718,11294,3835,1806,,4655,1220,,1,1,7,yes,0.41532390097861904
3968,19217851,sndy,2370,12157,4992,1768,,,1451,yes,0,0,27,yes,0.4151502310621524
3969,4282963,vitoco,5328,10617,,1878,yes,3308,1276,,2,3,0,,0.41508110804486087
3970,13254832,- TSF -,2012,12482,,1936,yes,7050,1159,,4,16,0,,0.41505668897029635
3971,10772015,sinvix,5793,10469,2801,1845,,,1350,yes,0,0,13,yes,0.41488857614939345
3972,10781411,Vaizex,3968,11163,,1896,yes,3406,1271,,11,31,0,,0.41438972569153343
3973,8301957,_gt,6652,10235,,1864,yes,2280,1341,,47,179,0,,0.41437895894392024
3974,578943,Omgforz,16960,8516,,1798,yes,1103,1490,,10,33,0,,0.41384399588632087
3975,2599255,Ophilion,4626,10870,,1886,yes,3677,1258,,3,5,0,,0.4135902734849808
3976,16801578,noneght,19677,8232,1040,1971,,,1212,yes,0,0,31,yes,0.4134172038434885
3977,1021944,benki,10716,9385,,1833,yes,1585,1410,,8,36,0,,0.4131203212065081
3978,9024016,evill,897,14022,4864,1772,,6486,1171,,7,19,9,yes,0.41295136417713757
3979,9975554,Mr_Plex,2650,11958,4500,1783,,,1438,yes,0,0,60,yes,0.41245577688618723
3980,19859185,ROKSANA WEGIEL,4933,10756,,1882,yes,8169,1137,,1,1,0,,0.41220925984906287
3981,7667846,Thelock,3026,11696,2082,1883,,7390,1152,,3,10,19,yes,0.4118072718736094
3982,13902231,zachboi,3986,11154,,1895,yes,6045,1181,,1,3,0,,0.41175744208576964
3983,3322597,helix,5848,10454,,1872,yes,2538,1324,,10,41,0,,0.411589975420428
3984,10054643,Toma 1,4403,10958,3471,1818,,,1381,yes,0,0,16,yes,0.4112070016137807
3985,10635942,fhasl,3853,11218,,1897,yes,9252,1117,,1,2,0,,0.41107599707482956
3986,22416744,dashit,2408,12123,3551,1816,,9176,1119,,1,3,6,yes,0.41091344483320397
3987,5775709,Futile,6871,10180,2481,1861,,,1331,yes,0,0,14,yes,0.41066997277076167
3988,8379270,Reddd,5882,10446,1937,1892,,3813,1252,,2,5,6,yes,0.4106224046906099
3989,20210086,Davney,5127,10691,,1880,yes,3059,1291,,2,8,0,,0.410567059253194
3990,15629502,hayakawa Aki,8967,9701,1669,1909,,4320,1232,,1,2,27,yes,0.4104134613203778
3991,13511325,[ R J M ],3291,11541,5653,1751,,,1414,yes,0,0,5,yes,0.41025391802146793
3992,8749553,shxde,2771,11865,1912,1893,,7099,1158,,9,25,26,yes,0.41013344876592306
3993,15465726,cil,4448,10944,3349,1822,,,1380,yes,0,0,26,yes,0.4101089134810359
3994,13199059,Quackerz,4773,10816,,1884,yes,9636,1111,,1,1,0,,0.40989127136762266
3995,8606533,r_kimmyyy,5170,10673,2205,1877,,4394,1229,,1,4,9,yes,0.40985625361566086
3996,9324510,MinsterDA,2840,11814,6536,1730,,,1430,yes,0,0,5,yes,0.4097731815184815
3997,12636953,Ruhtray,5516,10558,,1876,yes,4921,1212,,1,1,0,,0.40924288444155477
3998,13358640,Stick_Fish,15330,8714,1179,1956,,2712,1312,,9,25,34,yes,0.40918818378036736
3999,9217626,Maklovitz,8333,9839,934,1986,,6525,1171,,6,25,24,yes,0.4089082425730591
4000,8934622,garenalexlol,5253,10641,2975,1837,,,1361,yes,0,0,30,yes,0.40881133994944063
4001,12407531,D4rgZ,2709,11914,,1919,yes,4492,1225,,25,70,0,,0.4087628064891295
4002,2415008,Grapheon,3345,11514,,1907,yes,5379,1198,,3,7,0,,0.4085662280083256
4003,13684802,frouggh,4401,10959,,1889,yes,6430,1172,,1,2,0,,0.4084172597572935
4004,24190290,walcart,2858,11803,2530,1858,,6339,1175,,2,8,9,yes,0.40794420485623106
4005,19563871,makkara,3560,11379,4178,1794,,,1405,yes,0,0,15,yes,0.40760879488611806
4006,34326936,Sanvie,4008,11142,1465,1926,,9040,1121,,4,13,42,yes,0.40727018846588564
4007,12314341,Donksities,3595,11360,3914,1803,,,1404,yes,0,0,32,yes,0.4067906112945327
4008,5325213,KevstracK,3557,11380,4281,1791,,2838,1304,,10,24,4,yes,0.40676993325771416
4009,10770003,lon,5181,10668,,1879,yes,4190,1237,,1,2,0,,0.40651708091786376
4010,13233381,GeKa_Z,8890,9717,2012,1887,,,1301,yes,0,0,16,yes,0.40650260935356963
4011,9562117,Aranel,5816,10462,,1872,yes,3945,1246,,1,1,0,,0.40623539661786456
4012,16311807,Tlain,1992,12499,7827,1704,,,1470,yes,0,0,7,yes,0.4062020120231538
4013,14506326,Pittinger,4833,10790,3691,1811,,2035,1364,,6,20,21,yes,0.4061995361649071
4014,2105981,Gian,8146,9876,,1852,yes,1954,1372,,3,14,0,,0.4061895222308546
4015,10931807,CanaShii,4152,11070,5988,1743,,3107,1288,,2,5,1,yes,0.4061410182688243
4016,13658988,BenTheBen,6031,10406,3686,1812,,,1345,yes,0,0,1,yes,0.4059182561037909
4017,3024454,TensaiRhythm,7075,10133,806,2003,,9403,1115,,11,31,32,,0.4058599248592227
4018,26407710,paprunia,9764,9555,,1840,yes,1628,1405,,2,13,0,,0.4055158397751622
4019,11409111,giulio,3587,11363,,1902,yes,3645,1259,,24,68,0,,0.40546482003775736
4020,9833890,HappyDan,4705,10843,2496,1860,,6131,1179,,1,2,33,,0.40533241673157816
4021,11108658,Nacrus,6117,10385,1227,1951,,4742,1217,,8,27,8,yes,0.40522181461028967
4022,35676565,Rivalis,7736,9970,2303,1871,,,1317,yes,0,0,19,yes,0.40501502057396344
4023,7286850,Iambosszie,5520,10555,,1875,yes,2760,1308,,4,14,0,,0.40497641156858083
4024,6560835,tryhard1337,6134,10380,,1869,yes,2524,1324,,7,15,0,,0.40452681931654483
4025,14956740,hinkal,4799,10806,7527,1710,,,1371,yes,0,0,1,yes,0.4044606369528004
4026,11517980,Shaazz,4760,10822,7743,1706,,,1372,yes,0,0,1,yes,0.40434285610057885
4027,1766764,Hiten,5482,10567,,1876,yes,2677,1314,,34,138,0,,0.4040006319343066
4028,11048625,[sledge],3886,11203,,1897,yes,4632,1221,,2,6,0,,0.40370554600064285
4029,4539107,mq_,4958,10749,3675,1812,,,1367,yes,0,0,5,yes,0.4036849492565598
4030,4866962,Memento Mori-,6605,10247,,1865,yes,2376,1335,,2,4,0,,0.4036746274683354
4031,14739323,- Pablo -,7113,10120,2191,1878,,3568,1263,,1,1,7,yes,0.40367120175777166
4032,10344994,Hanetsu,4423,10951,3897,1804,,,1380,yes,0,0,7,yes,0.4033505955753398
4033,11394074,mafias,3013,11704,,1913,yes,5914,1184,,2,8,0,,0.40323644779763435
4034,16100669,Darkxide,5028,10729,3516,1817,,,1366,yes,0,0,6,yes,0.40303358696193115
4035,8563039,Mqte,2949,11748,6433,1733,,4203,1237,,3,9,1,yes,0.4028404920985834
4036,16238252,321angrybirds,6300,10327,3166,1830,,,1340,yes,0,0,1,yes,0.40276087045595366
4037,30577346,Pixlyst,5679,10505,4492,1784,,,1352,yes,0,0,1,yes,0.4025408551349441
4038,4555814,ahmad,4582,10894,3297,1825,,2624,1318,,15,47,6,yes,0.40248781956780305
4039,11815623,Pawlok,6296,10327,1426,1931,,3933,1247,,29,81,10,,0.40244280383702397
4040,7326548,[Soju_Desu],4154,11069,1286,1943,,6459,1172,,9,27,8,yes,0.4024045088756146
4041,7449632,lacto,2135,12376,3198,1828,,5681,1190,,3,9,39,yes,0.4020451531338009
4042,16969775,riu,5741,10488,2242,1875,,4546,1223,,1,3,25,yes,0.401921560810798
4043,11262442,tayon,3231,11570,,1908,yes,5428,1196,,3,8,0,,0.4018084932583038
4044,6085929,Sliimex3,4390,10964,1653,1911,,4399,1229,,25,79,8,yes,0.40176210885070174
4045,5783393,Deadline,3644,11335,,1901,yes,4665,1220,,5,8,0,,0.4014492316818357
4046,34482399,kolic,5233,10649,3031,1835,,,1361,yes,0,0,33,yes,0.401444531206695
4047,25547269,Xyrexx,5433,10583,3038,1835,,,1357,yes,0,0,14,yes,0.40127662826553795
4048,27921023,ultravioletRS,3998,11146,4303,1790,,2692,1313,,1,1,6,yes,0.4012600456591395
4049,5082392,Kuz6,7984,9915,2895,1841,,1896,1377,,13,45,8,yes,0.4011501179082365
4050,3937562,SoraElohim,4668,10856,,1886,yes,4505,1225,,1,3,0,,0.4009857752340069
4051,15213233,tsuniko,2141,12370,2974,1837,,4916,1212,,7,30,37,,0.4009431783863565
4052,4823070,Akatsuyo,5796,10469,,1872,yes,3026,1292,,1,3,0,,0.40076385690244787
4053,6069345,Serra,10956,9341,1597,1916,,,1278,yes,0,0,10,yes,0.40071229979421535
4054,12598411,Donny,2360,12174,7335,1713,,,1451,yes,0,0,6,yes,0.4003550886101771
4055,13502575,Nockae,4744,10829,4393,1787,,,1372,yes,0,0,3,yes,0.40023727500214307
4056,28290392,Umeri,5046,10722,3387,1821,,,1365,yes,0,0,8,yes,0.4000338512520794
4057,4347305,Sniperhappy,15402,8704,1401,1933,,,1239,yes,0,0,62,yes,0.39997851366148074
4058,18667176,_eternal,7912,9929,2260,1874,,,1315,yes,0,0,11,yes,0.3985515076905122
4059,5039582,Soltia,5116,10696,1713,1906,,7112,1158,,2,6,23,yes,0.3984769791327072
4060,13843628,Souls_u,2690,11928,5609,1752,,,1436,yes,0,0,10,yes,0.39840867692285575
4061,16324135,Spaek,4728,10834,3922,1803,,1875,1379,,1,5,15,yes,0.39835636583631623
4062,17171518,WebTijger,11217,9299,1672,1909,,,1275,yes,0,0,18,,0.3981232325480362
4063,2167433,Pittigbaasje,7757,9966,,1855,yes,1914,1376,,2,4,0,,0.3980922687888917
4064,17996877,retot,9863,9538,1382,1935,,2562,1322,,38,151,5,yes,0.39804652457840717
4065,11028698,sclapple,4859,10781,7475,1711,,,1370,yes,0,0,1,yes,0.39799503427386385
4066,11210229,Eniujqd,4011,11139,,1895,yes,8892,1124,,1,2,0,,0.3978199563108814
4067,467010,4RTRAID,4823,10795,7689,1707,,,1370,yes,0,0,1,yes,0.39740202832881294
4068,16361079,ElperroMX,4409,10956,4883,1772,,,1381,yes,0,0,3,yes,0.39738104856211764
4069,12074524,Plave,4695,10848,8422,1694,,,1374,yes,0,0,1,yes,0.3973576556573116
4070,19526504,Enjouji,4619,10874,1819,1900,,6740,1166,,1,3,2,yes,0.39734054528150414
4071,11238426,Godlyy-,4957,10750,994,1977,,9862,1107,,9,28,24,yes,0.3969553525587659
4072,13800863,Huskiboi7,7025,10143,2474,1862,,,1328,yes,0,0,4,yes,0.3965509105352294
4073,19453671,olifanten,9732,9560,1927,1892,,,1291,yes,0,0,20,,0.3965439200637192
4074,10817280,kerex123,5336,10614,,1877,yes,4075,1241,,1,2,0,,0.39647320942822906
4075,17910044,hyrn,6535,10266,1857,1897,,3369,1273,,10,26,15,yes,0.39624545819082824
4076,27298689,glixh_hunt3r,7156,10108,1748,1904,,3462,1268,,6,29,29,yes,0.396202842541764
4077,15120913,VadimVAC,6856,10184,,1863,yes,2340,1338,,62,214,0,,0.39599966682986265
4078,23109316,Dlgits,11291,9287,1611,1915,,,1274,yes,0,0,12,yes,0.39599650952692733
4079,14010348,-Kaioura-,11375,9276,1687,1908,,,1274,yes,0,0,21,yes,0.39542337169257524
4080,6129402,Doomsday is Hot,5280,10631,1555,1919,,8304,1134,,4,7,40,yes,0.3952982002958206
4081,14973729,Park Soo,6167,10368,2779,1846,,,1343,yes,0,0,16,yes,0.39514956340462937
4082,20527339,Blasta,2636,11967,5343,1759,,,1439,yes,0,0,14,yes,0.39514019972239145
4083,3989017,Miko,5457,10574,,1876,yes,2943,1299,,4,10,0,,0.39484059903428487
4084,1895660,-Shirufietto-,6277,10334,,1868,yes,2817,1305,,1,2,0,,0.39482669213254606
4085,19497563,suyogu,5727,10493,7611,1708,,1189,1473,,2,12,5,yes,0.39477344303314177
4086,14336423,ReviaKung,4269,11014,,1891,yes,4157,1238,,2,6,0,,0.3946034215283023
4087,1713861,Saix,6361,10313,,1867,yes,2556,1322,,2,6,0,,0.39454099236437007
4088,9815056,KawaiiBoiiNiels,3964,11164,7247,1715,,,1393,yes,0,0,2,yes,0.39432032466956835
4089,6469394,honnijs,6226,10353,,1868,yes,2912,1300,,1,2,0,,0.39423035886515256
4090,17789059,ExspyredMilk,2060,12444,5299,1760,,,1467,yes,0,0,66,yes,0.39411090090689466
4091,4437927,Jtcantwell,12855,9043,,1820,yes,1472,1425,,29,97,0,,0.39394897437832815
4092,5052899,Matrix,4979,10742,,1882,yes,4117,1240,,2,3,0,,0.39392057194712543
4093,10172044,Mokha,3829,11235,2511,1859,,5673,1190,,2,5,30,yes,0.39370471580849187
4094,11144443,ItsAlveolarZ,4092,11096,,1893,yes,4100,1240,,1,8,0,,0.3936629089065945
4095,311490,Danneh,13578,8940,1494,1924,,,1254,yes,0,0,29,,0.3936514287104334
4096,5833709,- Koaly -,5537,10550,,1875,yes,5566,1193,,1,1,0,,0.39249882894445765
4097,8945493,_TheGreaterDS,6293,10328,2728,1848,,,1340,yes,0,0,21,yes,0.39248784678810333
4098,3816052,WideCat,3838,11229,,1898,yes,4171,1237,,4,11,0,,0.3923159288136969
4099,19510722,neraise,4892,10770,7571,1709,,,1369,yes,0,0,1,yes,0.39218738301979017
4100,14038207,kiriyu,6036,10406,4004,1801,,,1345,yes,0,0,1,yes,0.39218504794452624
4101,11760295,Charv,6833,10191,2584,1856,,,1331,yes,0,0,2,yes,0.39217967907676704
4102,15184992,Summer_Ouo,8805,9735,3555,1816,,1717,1396,,92,372,4,yes,0.3920504744251673
4103,8085014,FGCiel,9032,9687,1071,1967,,5694,1190,,4,13,20,yes,0.3914258125198484
4104,12563156,MikeyEm,9773,9553,833,2000,,7774,1145,,4,19,31,yes,0.39142023971368617
4105,984132,Naikaze,12625,9078,3000,1836,,1287,1456,,12,41,33,,0.3907853968621418
4106,11613306,AnnoyingManiac,12282,9132,1623,1914,,2266,1343,,48,201,15,yes,0.39072726038057115
4107,8548434,LERLPA,6022,10408,,1870,yes,3909,1248,,1,1,0,,0.3906865716990573
4108,12311109,z12a,6382,10308,2709,1849,,,1339,yes,0,0,35,yes,0.3903612004853046
4109,9812963,piopollo,6724,10218,,1864,yes,2399,1333,,10,40,0,,0.39030978781699877
4110,1330619,Akira,4561,10902,,1887,yes,3529,1265,,3,10,0,,0.3901402731286259
4111,6825847,Niuex,9634,9577,,1841,yes,1839,1382,,18,65,0,,0.3898795914020578
4112,28468140,chrisybray,5040,10725,7113,1718,,,1366,yes,0,0,1,yes,0.38937679487912435
4113,10488437,Queen,4028,11132,2016,1887,,7232,1156,,2,5,6,yes,0.38936166214939844
4114,16072104,Sleppie,6477,10280,3136,1831,,,1337,yes,0,0,1,yes,0.3891429682355794
4115,7306251,Chromasia,9264,9642,2134,1880,,,1297,yes,0,0,137,,0.38899834711906944
4116,12325162,wariyas,2689,11929,3523,1817,,8219,1136,,1,4,3,yes,0.3888145906782476
4117,11265621,phonk,6680,10229,2744,1848,,,1334,yes,0,0,2,yes,0.3880955706923827
4118,15872196,bbydoll,13218,8990,1308,1941,,,1257,yes,0,0,9,yes,0.3878951570675707
4119,11632955,Zyng,3132,11628,7955,1702,,5704,1189,,1,1,2,yes,0.3877512704993125
4120,23247867,PinkEyeFan2025,4005,11143,,1895,yes,6685,1167,,1,3,0,,0.3877509870200401
4121,6102099,petr,4344,10980,2711,1849,,3498,1266,,5,10,23,yes,0.38740522992237036
4122,760389,Manasoy,9624,9578,,1841,yes,1794,1387,,7,23,0,,0.3871557131714114
4123,6966043,ReviT,5731,10492,3454,1819,,,1351,yes,0,0,3,yes,0.3870979846989237
4124,2186872,gameon123321,20421,8157,859,1996,,3588,1262,,1,6,35,yes,0.38652195298906683
4125,14706828,Mito,3749,11277,6429,1733,,,1399,yes,0,0,3,yes,0.38637890663471197
4126,5312461,Tyrfin,4339,10981,5392,1758,,2048,1363,,7,22,5,yes,0.3862224471755993
4127,7249324,ReexFX,7110,10122,,1860,yes,2295,1341,,3,11,0,,0.386086113303539
4128,2263910,xClusion,7136,10114,,1860,yes,2303,1340,,8,26,0,,0.38602348896318717
4129,10567347,Focuss,4622,10872,,1886,yes,4913,1212,,1,3,0,,0.3859884693479784
4130,11651035,potaterz,3943,11172,5285,1761,,,1393,yes,0,0,4,yes,0.38563881518300525
4131,17684905,Swayzeee,3209,11581,2695,1850,,6860,1163,,2,5,14,yes,0.38559749338008537
4132,5997261,643,2821,11827,5421,1757,,,1431,yes,0,0,11,yes,0.3855694581599613
4133,15216246,Marie Leroux,3874,11209,,1897,yes,4373,1229,,3,9,0,,0.3854532858349552
4134,19622020,Areumi,2036,12459,6476,1731,,1971,1371,,1,1,16,yes,0.3854210856041278
4135,12717375,NashiKari,2303,12212,,1928,yes,7857,1143,,5,10,0,,0.3851608591561876
4136,19141551,Synalic,4513,10917,5902,1745,,,1378,yes,0,0,2,yes,0.3850842321222027
4137,10809086,Xpxp,1168,13534,4523,1783,,7130,1158,,6,16,7,yes,0.38492030546219447
4138,11815714,Seabird,3552,11385,4265,1791,,,1405,yes,0,0,19,yes,0.38474383628312875
4139,15901783,RaidzCon,4857,10782,8088,1700,,,1370,yes,0,0,1,yes,0.38466531220199385
4140,18549932,Ksorchou,4720,10836,2829,1844,,3052,1291,,17,54,2,yes,0.3842390402818695
4141,18593290,Azukami,3948,11170,,1896,yes,4587,1222,,1,7,0,,0.3840760616223079
4142,2086138,_AfterWind,4707,10843,5985,1743,,2302,1340,,12,49,2,yes,0.3840418339569624
4143,25414223,EZ Best Mod,7456,10034,2422,1864,,,1321,yes,0,0,8,yes,0.3835328750135375
4144,11991374,choke,13290,8980,3190,1829,,1333,1449,,11,42,3,yes,0.3834133665978077
4145,6221425,Peti,4921,10761,3706,1811,,,1368,yes,0,0,7,,0.3831277493256199
4146,10609949,MaypleFlower,3320,11530,3450,1819,,3491,1266,,14,42,5,yes,0.38289620683565995
4147,5362798,Shuvi-,13109,9009,1656,1910,,,1258,yes,0,0,131,yes,0.38282432318140175
4148,17448980,Neonith,2214,12292,1779,1903,,7897,1142,,13,27,3,yes,0.38275812377236434
4149,12536000,albazz,3206,11584,5051,1767,,,1417,yes,0,0,10,yes,0.3827228200028503
4150,4259824,Bepis,6244,10346,,1868,yes,3563,1263,,1,1,0,,0.38272056286748246
4151,10701001,Ghsed,6188,10365,,1869,yes,3731,1255,,1,1,0,,0.3825940483568412
4152,15526826,Qualiqola,5698,10501,3557,1816,,,1352,yes,0,0,3,yes,0.3824772827480475
4153,19673211,ass,5755,10482,3487,1818,,,1351,yes,0,0,3,yes,0.38217666259243915
4154,9406725,meddle,3654,11329,5708,1750,,6813,1164,,1,2,1,yes,0.381701473117675
4155,11005307,sangoose,2420,12115,,1925,yes,5897,1184,,7,23,0,,0.38167556418650755
4156,2272413,Esemoka,2145,12364,1889,1895,,7391,1152,,47,132,7,yes,0.3816518009190315
4157,11994396,EugeneRbao,1976,12520,,1937,yes,8445,1132,,3,13,0,,0.381538675152559
4158,8901185,Stoat,12085,9165,1660,1910,,,1267,yes,0,0,23,,0.3813206797949665
4159,3826301,A Maker,10023,9511,,1838,yes,1808,1386,,9,41,0,,0.3808603098303879
4160,10133455,Basherman,2851,11808,1808,1901,,8613,1128,,3,8,2,yes,0.38067618495794775
4161,11704176,Holy Vincent,5778,10475,,1873,yes,3621,1260,,1,2,0,,0.38066627598805614
4162,9498428,trushpack,1772,12765,3670,1812,,5321,1200,,7,30,11,yes,0.3805527029669139
4163,7813327,TheDarkLord_300,6133,10380,4091,1798,,,1343,yes,0,0,1,yes,0.3804458873267091
4164,7126981,Amazing,2023,12470,,1935,yes,9635,1111,,3,9,0,,0.38033568498452097
4165,16087303,Karins,3061,11670,5762,1748,,,1422,yes,0,0,7,yes,0.37970381267827485
4166,18436034,soyruz,2778,11860,,1917,yes,8270,1135,,4,6,0,,0.3794027221755335
4167,9912591,Nameless,5448,10578,3843,1806,,,1357,yes,0,0,3,yes,0.3794008708829012
4168,10505107,Kron05,16473,8571,2371,1867,,1399,1436,,32,173,56,yes,0.37938545435342275
4169,8194992,Saionji Sarasa,3611,11353,,1902,yes,4888,1213,,2,9,0,,0.3793552733600031
4170,12209338,kanto,5452,10576,1636,1913,,6475,1171,,3,6,9,yes,0.379213153907239
4171,6676684,shyntk,6305,10326,2796,1845,,,1340,yes,0,0,27,yes,0.3791745580785605
4172,12811440,pakastin,8046,9899,2307,1871,,,1313,yes,0,0,10,yes,0.3791373122695674
4173,9393141,Jamsu,4973,10744,,1882,yes,4379,1229,,1,3,0,,0.3790103851171018
4174,606544,My Angel Haruna,7686,9982,,1855,yes,2092,1358,,1,5,0,,0.3788346210296748
4175,3188703,Zaqlev,4250,11021,,1891,yes,3594,1261,,7,19,0,,0.37876784184962276
4176,9131844,Sanch-KK,5683,10504,3618,1814,,,1352,yes,0,0,3,yes,0.3786886797350304
4177,5499567,Ang1l,4184,11059,,1892,yes,3667,1258,,6,19,0,,0.3785637025459029
4178,7890434,tranqui,4787,10809,,1884,yes,4222,1236,,3,4,0,,0.37839814404609906
4179,3272902,juliancala,2969,11731,,1913,yes,4372,1229,,59,171,0,,0.3782406030539491
4180,17952568,California,5053,10720,7524,1710,,,1365,yes,0,0,1,yes,0.3782026185595681
4181,7739540,Justice,2611,11985,,1921,yes,5862,1185,,7,18,0,,0.37810903571678045
4182,2290888,Mirtrax,7139,10113,,1860,yes,2321,1339,,1,6,0,,0.3778726200105056
4183,11759284,OTWGE,6939,10161,890,1992,,7010,1160,,29,93,15,yes,0.3776230227240015
4184,10804195,Solar722,4155,11068,4279,1791,,2997,1295,,1,4,4,yes,0.3770239919410273
4185,14826877,rhatson,3472,11432,,1904,yes,5179,1204,,2,9,0,,0.37701725219252324
4186,12902063,Francois,2347,12181,2022,1886,,8962,1122,,9,20,19,yes,0.3768922573760543
4187,1379576,Poruteri,5484,10565,,1876,yes,2882,1302,,8,42,0,,0.37676969008536754
4188,14289401,matej,6649,10236,2901,1841,,,1334,yes,0,0,2,yes,0.37666998034967225
4189,14885765,trite,2123,12384,3132,1831,,6101,1180,,6,21,4,yes,0.37656325151508674
4190,8609496,AkiraSSG,4306,10996,,1890,yes,3571,1262,,7,19,0,,0.37629582019230456
4191,8692164,tung,8175,9869,659,2022,,7407,1152,,22,63,12,yes,0.3761696179361744
4192,8401905,Ramon,6643,10237,2972,1837,,2164,1351,,33,101,60,yes,0.3761474633244392
4193,1451811,Sooki,7340,10060,,1858,yes,2237,1345,,1,6,0,,0.37610361708177287
4194,12502593,Schwarze,4955,10750,,1882,yes,3091,1289,,15,48,0,,0.376033753780328
4195,12789853,RiceShower,2352,12177,2540,1858,,6080,1180,,10,27,1,yes,0.3758842323869649
4196,2473265,Ethelon_,7267,10079,2546,1857,,,1324,yes,0,0,21,yes,0.3753425976127772
4197,3381441,ZeCryptic,6713,10222,,1864,yes,2841,1304,,1,1,0,,0.37533134971161064
4198,4991464,acia,6399,10300,,1867,yes,2639,1317,,3,10,0,,0.37520473966335693
4199,17367989,Shibuya Kanon,5021,10731,3508,1817,,,1366,yes,0,0,11,yes,0.375047849924675
4200,18683734,dazbee fc,5275,10631,1598,1916,,6252,1176,,3,8,9,yes,0.3750067807114671
4201,20074187,FaunaMyBeloved,9261,9643,,1843,yes,1947,1373,,11,43,0,,0.37497697459185475
4202,17728349,rely,6889,10177,2673,1851,,,1330,yes,0,0,10,yes,0.3740769970150106
4203,6992183,frq,10652,9394,,1834,yes,1686,1398,,5,23,0,,0.37391179339374475
4204,12557550,Janis_,5806,10465,,1872,yes,5195,1203,,1,1,0,,0.37389586884431525
4205,10395167,McNonal,4132,11080,,1893,yes,3611,1261,,10,31,0,,0.3736783427031029
4206,589550,Mercurius,10703,9386,,1833,yes,1159,1478,,1,3,0,,0.3736741548558047
4207,12298435,Ryclic,5682,10504,,1874,yes,5794,1187,,1,1,0,,0.3735462115601219
4208,14302513,Zedehz,5014,10733,7906,1703,,,1366,yes,0,0,1,yes,0.3735207682690932
4209,9188550,Neuroticism,6561,10258,3025,1836,,,1336,yes,0,0,2,yes,0.37348178636991836
4210,5432990,Twiggeryy,4936,10756,,1882,yes,3505,1266,,3,8,0,,0.3730266215361185
4211,10781075,Arumina_,8688,9761,,1847,yes,1958,1372,,3,11,0,,0.3729729425512929
4212,15114210,Dudimon,16222,8599,982,1979,,,1233,yes,0,0,7,yes,0.37281630763715623
4213,10756457,Rothaar,4308,10995,4577,1781,,,1383,yes,0,0,5,yes,0.3724831833471869
4214,13870405,MyAngelYona,3551,11385,4381,1787,,,1405,yes,0,0,18,yes,0.3724165488040991
4215,9523358,Fadeaway,7531,10018,2808,1845,,2198,1348,,22,80,5,yes,0.37235854624901743
4216,18683691,YaBoiFreddy,4432,10948,3769,1808,,,1380,yes,0,0,16,yes,0.37215766345359735
4217,14256364,PineFugger,5379,10602,2157,1879,,7443,1151,,1,3,39,,0.3718545367767151
4218,4717408,Predasura,4653,10861,,1886,yes,6808,1164,,1,2,0,,0.3717112833841953
4219,12948391,quit www,4351,10976,,1889,yes,4621,1221,,2,5,0,,0.37139656358718165
4220,10736208,NaksuFR,14211,8861,1319,1940,,,1248,yes,0,0,11,yes,0.37139482561494797
4221,11654689,SBGod,6386,10307,5621,1752,,1674,1400,,1,5,2,yes,0.3712174239237264
4222,12615304,bouross,4003,11143,4211,1793,,,1392,yes,0,0,12,yes,0.3709236557740878
4223,3976650,DraguinZZ,5463,10572,,1876,yes,2939,1299,,17,39,0,,0.3708337663045108
4224,23277031,Hyuo,3436,11453,3256,1827,,6744,1165,,1,4,2,yes,0.3708177769984161
4225,7575741,Moor,10904,9350,1737,1905,,,1278,yes,0,0,11,yes,0.3707749450199587
4226,37876237,- Fluorescent -,6208,10358,2891,1841,,,1342,yes,0,0,24,yes,0.3707208335486467
4227,13669412,Pakku-,3501,11413,,1903,yes,6726,1166,,2,5,0,,0.37056241825357694
4228,4911460,Dinilsu,6913,10169,,1862,yes,2467,1329,,4,10,0,,0.37044351115045326
4229,19952365,Cursive,4644,10864,9862,1668,,,1375,yes,0,0,1,yes,0.37034786457451996
4230,14040600,Infeno,3372,11493,,1906,yes,8321,1134,,3,4,0,,0.37030677738412876
4231,12160788,sucat,4775,10814,3606,1814,,,1372,yes,0,0,15,yes,0.3698666047737612
4232,10192756,zvonimir,5820,10462,,1872,yes,3738,1255,,1,2,0,,0.36985870485348044
4233,4844496,Conyoh,9919,9528,,1839,yes,1905,1376,,35,166,0,,0.36967090919332274
4234,20594928,pusaf,9231,9649,,1843,yes,1967,1371,,7,36,0,,0.36928968519099525
4235,13604256,Konetto,12304,9128,,1823,yes,1589,1410,,22,78,0,,0.36914508238544197
4236,8160290,depressedclouds,5602,10529,,1875,yes,3622,1260,,1,3,0,,0.36912001392323107
4237,5346730,uparu,19731,8227,,1786,yes,1138,1484,,30,112,0,,0.3690770069610125
4238,11906249,Yuhuyo,1507,13094,5565,1753,,5791,1187,,3,5,11,yes,0.3690647332342406
4239,12482781,Wisoven,6082,10395,5068,1767,,1948,1373,,1,5,2,yes,0.3690107207544124
4240,13198856,BibleThumpGuyy,5158,10678,4923,1771,,,1363,yes,0,0,2,yes,0.36894355320348055
4241,5194834,Rimi,5126,10691,,1880,yes,3035,1292,,28,93,0,,0.3689022333034799
4242,23886766,Tregsreidb,12540,9092,813,2002,,8117,1138,,2,8,24,,0.3688883736420161
4243,23116024,AsheBradley,22137,8007,3006,1836,,956,1522,,27,133,13,yes,0.3688244043662423
4244,6223734,Sifonez,3628,11345,,1901,yes,4677,1219,,7,12,0,,0.3686224049265563
4245,11255713,zKiyoko,3859,11214,6460,1732,,,1396,yes,0,0,3,yes,0.36847979047697205
4246,9489603,pohoenx,3791,11258,4725,1776,,,1398,yes,0,0,8,yes,0.36824698807039413
4247,13389574,isqqcle,4736,10832,,1885,yes,5092,1207,,1,3,0,,0.3678888189932276
4248,3660954,Jaguar,3704,11302,1716,1906,,7166,1157,,9,25,21,yes,0.36763399473333924
4249,8119579,Shagero,4884,10773,,1883,yes,3804,1252,,2,6,0,,0.3674887434513021
4250,7384721,m1kuno,7171,10103,2607,1854,,,1326,yes,0,0,9,yes,0.3672908664507456
4251,11763130,BananaEater,13232,8988,1520,1922,,,1256,yes,0,0,16,yes,0.36721864107756585
4252,13395679,Texnoment123,4596,10886,4364,1788,,,1376,yes,0,0,5,yes,0.36713382080142104
4253,11877150,-Chum-,4266,11015,4138,1796,,,1384,yes,0,0,10,yes,0.36678134368885856
4254,4533168,StripedGoose,1513,13089,6342,1734,,,1501,yes,0,0,149,,0.36670727492517685
4255,7718976,Kuda Izuna,9521,9597,1999,1888,,,1294,yes,0,0,10,yes,0.36645795857505015
4256,34129837,jorchan,6554,10260,2938,1839,,,1336,yes,0,0,4,yes,0.36615823722472185
4257,16338779,gay women kiss,4528,10914,5194,1763,,,1378,yes,0,0,3,yes,0.36570459381376164
4258,19135423,- Koshiin -,5052,10721,5197,1763,,,1365,yes,0,0,2,yes,0.36546047705577406
4259,17278260,axol,3433,11455,6024,1742,,,1409,yes,0,0,5,yes,0.36533926679509376
4260,7624067,temporag,3684,11313,4917,1771,,3700,1257,,1,2,4,yes,0.365308978084755
4261,15342657,sainai,3008,11708,3209,1828,,4252,1235,,8,21,9,yes,0.3653014859943071
4262,20252460,fewf,5420,10588,,1877,yes,3918,1247,,1,3,0,,0.3652804707046935
4263,6773017,Tapok1322,4199,11051,2033,1886,,4062,1242,,14,31,2,yes,0.36525689918341886
4264,18120465,asamto,4879,10775,5511,1755,,,1369,yes,0,0,2,yes,0.36524987782991236
4265,7633389,Unholy57,4930,10757,,1882,yes,6001,1182,,1,2,0,,0.36501720218853834
4266,13983118,Heiichi,5270,10633,,1878,yes,3580,1262,,1,5,0,,0.3648695117373258
4267,6544807,Empyreal,3466,11438,2304,1871,,8489,1131,,2,6,17,yes,0.36477579777201763
4268,8589120,Lilian,6365,10313,,1867,yes,2637,1317,,62,216,0,,0.3646140446992264
4269,25721168,Zhabka123,6377,10309,,1867,yes,3127,1286,,1,2,0,,0.36455423832017375
4270,12667791,sheraton,5333,10615,,1877,yes,8461,1131,,1,1,0,,0.364486879379445
4271,19376680,ThonyTD,2938,11758,2445,1863,,5303,1200,,11,37,6,yes,0.3640974240454353
4272,14871877,Deynoy,4835,10787,,1883,yes,6338,1175,,1,2,0,,0.36397516997801466
4273,4039647,SkyArrow,7143,10111,2512,1859,,2582,1320,,10,51,25,yes,0.3633302854286311
4274,18921588,borle,13052,9016,,1819,yes,1358,1443,,2,13,0,,0.36330907834494486
4275,11189164,Ryshult,26323,7668,,1761,yes,934,1528,,71,331,0,,0.3631165596621733
4276,8742653,RukiaKuchiki,8006,9907,2408,1865,,,1313,yes,0,0,12,yes,0.3630869536924264
4277,14080825,Apollo685,3181,11600,6113,1740,,,1418,yes,0,0,6,yes,0.3627404497824839
4278,8893772,Molli,6259,10338,1456,1927,,5193,1203,,19,50,27,yes,0.3627252702873415
4279,2984823,onyaga,4059,11112,4661,1778,,2216,1346,,1,6,9,yes,0.36267677284231387
4280,7952192,SaturnSolar,8812,9734,2123,1881,,,1302,yes,0,0,7,yes,0.36213502730946834
4281,13650508,App,5224,10654,,1879,yes,5203,1203,,1,2,0,,0.36179904210316355
4282,9632700,Odiz,8496,9802,,1849,yes,2119,1356,,7,29,0,,0.3617159720702058
4283,14090438,UnveiledGolem,12835,9046,1609,1915,,,1260,yes,0,0,18,yes,0.3615837719395632
4284,5580117,FizzcalSS,7873,9938,2492,1860,,,1315,yes,0,0,54,,0.36148150607971163
4285,17882943,lumana,7404,10046,2551,1857,,,1322,yes,0,0,6,yes,0.36144167988081766
4286,14350221,DarkFTW,4300,10999,,1890,yes,6386,1173,,1,3,0,,0.3611367566066904
4287,12585714,fuzzy paws,1943,12557,3585,1815,,7746,1145,,3,8,10,yes,0.3608168832263864
4288,7266197,Chyrubi,4087,11099,,1893,yes,5944,1183,,3,4,0,,0.3606697677643709
4289,4773855,Maffe,7678,9984,,1855,yes,2215,1346,,1,6,0,,0.36044542909512356
4290,6637049,SSaturday,5207,10659,,1879,yes,3708,1256,,2,5,0,,0.3601258198617727
4291,7388971,Max_egb,4948,10752,8805,1687,,,1368,yes,0,0,1,yes,0.3594582781279478
4292,21179703,LeChuga420,6116,10385,1482,1925,,5792,1187,,5,21,24,yes,0.35943762548774594
4293,12968821,Esperanzo435,5472,10570,,1876,yes,3639,1260,,1,4,0,,0.35935197498857696
4294,12303351,jajajajp,5012,10733,,1881,yes,5965,1183,,1,2,0,,0.35930140300581215
4295,12692183,-NoMercy,3217,11579,3680,1812,,4456,1226,,5,15,2,yes,0.3591518524635573
4296,925634,noodlie,11820,9201,1383,1935,,,1269,yes,0,0,5,yes,0.35915003515449845
4297,23139001,penguinplay,2849,11809,,1916,yes,6134,1179,,4,13,0,,0.3590974221833908
4298,2341034,Mangcha,4222,11038,4060,1799,,4064,1242,,2,6,1,yes,0.3588729644668983
4299,9476042,idiothoved,3574,11372,,1902,yes,4219,1236,,9,37,0,,0.35884216059795876
4300,10394693,KaczkaLodowka,5772,10476,,1873,yes,3001,1295,,4,13,0,,0.35846537071402895
4301,4328780,Chanki,5179,10668,5069,1767,,,1362,yes,0,0,2,yes,0.3584256987017655
4302,13335554,MaMiruku,5076,10711,8308,1696,,,1365,yes,0,0,1,yes,0.35806424036172646
4303,27818688,Saki Ayase,9935,9526,1933,1892,,,1289,yes,0,0,9,yes,0.3580187122818291
4304,8876153,amea,2146,12362,5858,1746,,7371,1153,,3,9,1,yes,0.35801065188403547
4305,3123488,synf,8134,9879,,1852,yes,2207,1347,,15,54,0,,0.35787614826297964
4306,21457864,_RockMen,4502,10922,3924,1803,,,1378,yes,0,0,13,yes,0.35767179777832436
4307,15910713,corvus-,7019,10144,2708,1849,,,1328,yes,0,0,36,yes,0.35763725455036044
4308,10199656,Jo Yuri,4340,10981,,1890,yes,3464,1268,,28,87,0,,0.35761461626805396
4309,4611418,Xevyyy,1973,12523,5422,1757,,4883,1213,,1,4,10,yes,0.35756050406648643
4310,26705942,DaCh1,5916,10437,3101,1832,,,1347,yes,0,0,16,yes,0.3574669759322012
4311,16711298,BasicBeez,5726,10493,3098,1832,,,1351,yes,0,0,40,,0.3573155118040518
4312,15985404,Sam the wam,5582,10535,,1875,yes,7309,1154,,1,1,0,,0.35706382101823686
4313,14100784,eljangus,5217,10656,5025,1768,,,1362,yes,0,0,2,yes,0.35698413388039
4314,14504308,cyrosiax,3726,11289,2854,1843,,6491,1171,,1,4,8,yes,0.3567453555432638
4315,7847997,yun,6178,10366,1618,1915,,4148,1238,,2,8,3,yes,0.3566596428820189
4316,4003979,konawiki,4655,10860,1637,1913,,5004,1209,,30,90,9,yes,0.35651709517458446
4317,8682827,haha silly car,5760,10480,,1873,yes,6325,1175,,1,1,0,,0.35639716984294906
4318,14367771,gadzzaa,3348,11511,4087,1798,,3924,1247,,3,10,4,yes,0.3561416420315811
4319,3148900,Chiu,7080,10132,,1861,yes,2499,1327,,11,35,0,,0.35578383166120253
4320,7486123,Arasaka,6175,10368,1806,1901,,4623,1221,,1,4,3,yes,0.35570785048301085
4321,14674958,FROWN PLAYER,4442,10945,1239,1950,,8334,1134,,9,18,8,yes,0.3551138160007065
4322,7516954,ZephyrCo,5287,10627,3866,1805,,,1360,yes,0,0,5,yes,0.3544553309484858
4323,12576854,xTudyRo,7158,10107,2694,1850,,,1326,yes,0,0,18,yes,0.35440722371830186
4324,18343607,Freezay8,4364,10972,,1889,yes,6393,1173,,1,3,0,,0.35437294577383066
4325,7645948,Nyang,5924,10436,,1871,yes,2904,1301,,9,24,0,,0.3543677957425647
4326,22603358,Carlos Alcaraz,2539,12027,5315,1760,,3203,1282,,4,10,9,yes,0.3540276586179714
4327,12478889,osu_tryhard64,5250,10643,,1878,yes,5342,1199,,1,2,0,,0.35385210661570227
4328,32384156,antimarker,10100,9493,2099,1882,,,1287,yes,0,0,33,yes,0.3537239550543879
4329,9924126,chaselyons,6002,10414,,1871,yes,5373,1198,,1,1,0,,0.35369204648661445
4330,10281594,iberius,3526,11397,,1903,yes,4795,1215,,8,15,0,,0.35352217881630793
4331,7422164,rgoldenn,5614,10524,,1874,yes,7337,1153,,1,1,0,,0.35344642302175017
4332,7111118,Anya Maki,4856,10782,,1883,yes,4212,1236,,1,5,0,,0.3531897641151453
4333,15112350,THXKBAI,4233,11032,4270,1791,,,1385,yes,0,0,10,yes,0.35308548822524444
4334,11405431,Letor,5941,10431,1862,1897,,5518,1194,,1,4,5,yes,0.353084944799888
4335,14462140,tyr6,2919,11769,6778,1725,,,1427,yes,0,0,6,yes,0.3529737762796105
4336,87546,Akiyama Mizuki,17480,8459,,1796,yes,1237,1464,,12,56,0,,0.35283068625867176
4337,7844575,KupcaH,6383,10308,,1867,yes,4099,1240,,1,1,0,,0.35282738346560283
4338,14294171,Rynko,7792,9958,2527,1858,,,1316,yes,0,0,18,yes,0.352685300688897
4339,3892088,Bertel,4373,10969,1799,1901,,6838,1164,,4,11,11,yes,0.35249026223275903
4340,35808289,tettii0515,5546,10548,3840,1806,,,1355,yes,0,0,4,yes,0.35221987525336695
4341,15307789,Ryxody,6504,10273,2930,1839,,,1337,yes,0,0,13,yes,0.3511852133574158
4342,4924094,Herbayse,4764,10821,,1884,yes,3818,1252,,3,9,0,,0.3511609252921965
4343,16558476,maftle,3255,11557,,1908,yes,6389,1173,,3,8,0,,0.3511272088072437
4344,23274166,friutsnacks,3812,11244,4762,1775,,,1397,yes,0,0,9,yes,0.3510575039436285
4345,29571053,Axeternal,5209,10658,7903,1703,,,1362,yes,0,0,1,yes,0.3503182805834281
4346,14733542,Syqzei,2772,11865,,1917,yes,7442,1151,,3,9,0,,0.3502425535200048
4347,10302933,Luluwalilith,1276,13378,,1961,yes,9115,1120,,28,99,0,,0.35022732935382755
4348,8254661,SuWaLanPha,9583,9584,1979,1889,,,1293,yes,0,0,7,yes,0.3501520049094083
4349,25314868,- void,3119,11636,1582,1917,,9833,1108,,6,15,8,yes,0.35010722176046855
4350,15491329,ARTEMKA205,3833,11233,,1898,yes,8733,1126,,1,3,0,,0.3499667655092595
4351,10925847,Rinne Ohara,3949,11169,,1896,yes,4206,1236,,5,18,0,,0.349714576374539
4352,1545031,NerO,2781,11858,,1917,yes,5000,1209,,27,112,0,,0.34969588647147376
4353,5245584,Dudsunz,3675,11319,,1901,yes,4228,1235,,11,35,0,,0.349586499483505
4354,16084413,nyaarin,5074,10712,,1881,yes,4800,1215,,1,3,0,,0.3493056139216744
4355,10622576,Kurean,2590,11996,2329,1870,,5910,1184,,13,38,1,yes,0.34918472476089346
4356,430959,Fuwawa,6801,10199,2819,1844,,,1332,yes,0,0,31,yes,0.349079003948939
4357,20196065,Taicek,9441,9611,1849,1898,,,1295,yes,0,0,4,yes,0.3489575265792608
4358,9823042,Heilia,4849,10784,1920,1893,,4454,1226,,14,43,9,yes,0.348890071387129
4359,7809099,Lemurz,4346,10979,2836,1843,,7331,1153,,1,2,59,yes,0.3488033898826544
4360,24533726,wee,8867,9723,838,2000,,5926,1184,,8,25,8,yes,0.34859538563170317
4361,6529833,Riobener,5047,10722,,1881,yes,3562,1263,,2,10,0,,0.348396161576091
4362,3359654,HiroM,13731,8921,1621,1914,,,1252,yes,0,0,28,yes,0.34837979889920984
4363,8821715,Fluttershee2,5138,10686,8423,1694,,,1363,yes,0,0,1,yes,0.347906050110503
4364,6999957,Glitchy,4724,10835,,1885,yes,7473,1150,,2,2,0,,0.34786338039390174
4365,19516283,tsuhikari,2304,12212,6372,1734,,3697,1257,,2,5,6,yes,0.3472193230456869
4366,15132941,Toyomi Kotori,3228,11572,3799,1807,,4636,1221,,2,4,14,yes,0.34704015630323065
4367,7633130,Sagisawa Arisa,4041,11126,,1894,yes,3860,1250,,13,42,0,,0.3469067285633436
4368,36077706,NakanoOoOo,20111,8187,837,2000,,,1209,yes,0,0,8,yes,0.34682471415575244
4369,6810571,Kido-Desu,6210,10357,,1869,yes,3625,1260,,1,2,0,,0.34681883399460844
4370,11473805,GLBETA,4101,11093,2798,1845,,5189,1203,,2,5,14,yes,0.3467856636791373
4371,31129671,naru,11201,9303,1946,1891,,,1275,yes,0,0,31,yes,0.346743881589036
4372,33206872,MACJIEHbIU DUMA,5798,10469,1342,1938,,6390,1173,,12,37,18,yes,0.34673172266294183
4373,18462287,lightf,3417,11462,,1905,yes,8866,1124,,2,4,0,,0.34664275189892224
4374,7363221,GoreshitEnjoyer,7896,9933,2297,1872,,,1315,yes,0,0,2,yes,0.34660658960284774
4375,10831582,Ganyu1,5313,10621,1679,1909,,4747,1217,,15,45,10,yes,0.3464999438728062
4376,1590461,schlafen,6381,10308,,1867,yes,3042,1292,,2,4,0,,0.3464758324217524
4377,4334103,DragonCroc,2318,12203,3823,1806,,4316,1232,,5,22,23,yes,0.34645700291127335
4378,7963246,Blackmoderm10,4572,10899,1233,1950,,9665,1110,,13,32,26,yes,0.3464262506570286
4379,9014203,KyZzo,2305,12212,,1928,yes,7250,1155,,6,18,0,,0.3463930542908648
4380,13087094,kris on osu,7991,9913,2252,1875,,,1313,yes,0,0,2,yes,0.34622483826995687
4381,19249802,chuu,5112,10700,8692,1689,,,1364,yes,0,0,1,yes,0.3460618759313351
4382,4154434,yobelle,11296,9287,,1829,yes,1715,1396,,9,24,0,,0.3459622267303317
4383,11557281,aeong,4690,10849,,1885,yes,7729,1146,,1,2,0,,0.3458844197881062
4384,9911501,parkmin123,3855,11216,6029,1742,,,1396,yes,0,0,4,yes,0.3458610361530039
4385,22771682,cristo153,3174,11606,5145,1764,,,1418,yes,0,0,14,yes,0.34567298982598993
4386,22710186,vier,3954,11167,8686,1689,,,1393,yes,0,0,2,yes,0.3456254296585956
4387,10442993,Hinatsuru Ai,6196,10363,3559,1816,,,1342,yes,0,0,3,yes,0.3456054333726962
4388,13577537,RayZero,6529,10267,1732,1905,,6756,1165,,2,5,17,yes,0.34533031924833746
4389,14215009,meowrz,8467,9808,2453,1862,,,1307,yes,0,0,91,,0.3452088814193231
4390,6895187,Suicune3,6192,10364,1313,1941,,4172,1237,,24,78,4,yes,0.3447928157241291
4391,15823322,samimidawa,13466,8954,1450,1928,,,1254,yes,0,0,10,yes,0.34463492752474784
4392,4869601,Planatek,7273,10077,,1859,yes,2508,1326,,2,3,0,,0.3443694114586656
4393,6934358,ningalu,3898,11196,,1897,yes,4126,1239,,14,28,0,,0.3443442308402884
4394,13248978,Emeraude,5914,10438,1951,1891,,6012,1182,,3,5,13,yes,0.3443119949667346
4395,3665047,Roman_Pokora,5086,10708,,1881,yes,4901,1212,,1,3,0,,0.3442788629057282
4396,8537228,Maru,4579,10895,1910,1893,,5954,1183,,8,20,33,yes,0.34406987023190266
4397,25129957,Zorokii,24817,7779,,1766,yes,1008,1511,,76,341,0,,0.3440532706019101
4398,7923732,Ryclix,6551,10261,3425,1820,,,1336,yes,0,0,2,yes,0.34398247745897104
4399,19065152,Stoast,3041,11687,8071,1700,,,1423,yes,0,0,4,yes,0.3437963510965493
4400,33411488,jayjacksongh,10236,9470,1977,1889,,,1285,yes,0,0,11,yes,0.34359370402437894
4401,19012828,kiyomii,5200,10662,3407,1820,,,1362,yes,0,0,34,yes,0.3435416478669739
4402,11618525,Hctbi,5627,10521,4111,1797,,,1353,yes,0,0,3,yes,0.3432459864922904
4403,4574482,KOOOOOOOOOOOOOR,4696,10848,,1885,yes,4592,1222,,2,5,0,,0.3429143564876642
4404,18755966,_Kurookami_,7447,10036,2616,1854,,,1321,yes,0,0,2,yes,0.3429135229372408
4405,11476143,bgm16,4769,10820,,1884,yes,3421,1270,,16,43,0,,0.3424639023594059
4406,8696849,mahk,5286,10628,7847,1704,,,1360,yes,0,0,1,yes,0.34238635605203593
4407,15442452,mvzxw2,7373,10054,2700,1850,,,1323,yes,0,0,8,yes,0.3423462049642669
4408,4772382,Aricin Fanboy,5391,10599,,1877,yes,3746,1254,,2,5,0,,0.34234169905956946
4409,6787898,Judani,3924,11180,,1896,yes,4447,1227,,7,14,0,,0.3422943925055531
4410,26909584,yufuyu,7167,10104,1152,1959,,7893,1142,,3,15,18,yes,0.34210287625304475
4411,12867726,reowl,10707,9386,,1833,yes,1397,1437,,2,4,0,,0.3416816336018886
4412,14741282,Miji Inubashiri,11066,9324,1816,1900,,,1277,yes,0,0,10,yes,0.3415117318028811
4413,16750017,Sentralbuster,3180,11600,4961,1769,,,1418,yes,0,0,19,yes,0.3411995569077749
4414,10079662,Rotrix,5189,10665,,1879,yes,4724,1218,,1,3,0,,0.3411744250938941
4415,3562488,ElMick13,5092,10706,,1881,yes,3604,1261,,5,10,0,,0.3410843922443534
4416,10746769,Matach,7650,9991,2508,1860,,,1318,yes,0,0,2,yes,0.3409219798648711
4417,9776626,module,2660,11952,9374,1676,,,1438,yes,0,0,4,yes,0.33974100720042955
4418,1929336,Suikami,4643,10864,4302,1790,,,1375,yes,0,0,7,yes,0.3396852770182941
4419,14141887,HAZE ON OSU,4929,10757,1790,1902,,5912,1184,,2,5,2,yes,0.3395658674225408
4420,18947222,CLAPS_,14410,8835,1419,1931,,7502,1150,,1,1,66,,0.33950058957312196
4421,3513687,kittenrequiem,4590,10890,4362,1788,,,1376,yes,0,0,7,yes,0.33899748301847976
4422,16974919,SBHO,3693,11309,,1900,yes,4270,1234,,14,41,0,,0.3389512239804692
4423,15056040,dimavh,5136,10687,,1880,yes,6236,1176,,1,2,0,,0.3385034860972401
4424,6488891,Tecnosh Gordao,5062,10717,,1881,yes,4486,1225,,1,4,0,,0.33812435238612853
4425,15379548,- Mayumi -,3695,11308,,1900,yes,4923,1212,,6,13,0,,0.3380892978619476
4426,10526936,Kyrgyzstan,3429,11457,1542,1920,,9420,1114,,12,40,30,yes,0.3380004537907829
4427,11611550,-----------,12700,9066,2614,1854,,1668,1400,,20,66,3,yes,0.3376955757476747
4428,18339367,nistr_X,7858,9942,2550,1857,,,1315,yes,0,0,7,,0.33731360627061024
4429,8590032,OhRLY,5300,10625,,1878,yes,3517,1265,,2,9,0,,0.3371493157358179
4430,4605548,zabloink,4731,10834,,1885,yes,3438,1269,,23,74,0,,0.33651290981180104
4431,2857314,Seto Kousuke,9477,9605,2291,1872,,,1294,yes,0,0,30,yes,0.3364886741996772
4432,3932796,E-tan,5444,10580,,1876,yes,3543,1264,,4,7,0,,0.33639028911131597
4433,8647044,Maomao-,4022,11134,,1895,yes,4297,1233,,8,17,0,,0.3363485280920998
4434,12658914,Allo,4255,11019,,1891,yes,3803,1252,,13,38,0,,0.3361505830230067
4435,5038837,Arua,7296,10071,,1859,yes,2651,1317,,1,1,0,,0.336140968728315
4436,7684497,GokuLook,4631,10868,2675,1851,,4984,1210,,3,5,10,yes,0.33592457636905065
4437,3909969,celery,18540,8346,1731,1905,,1816,1385,,59,221,20,yes,0.33516489187009796
4438,10653742,KazakhstanTop1,4445,10944,,1888,yes,3555,1263,,53,154,0,,0.33509970353454843
4439,4785308,arcteryx,7250,10083,,1859,yes,2595,1320,,2,5,0,,0.3347384613110809
4440,4751054,_Hikaru_,6123,10383,3340,1823,,,1344,yes,0,0,7,yes,0.3347014073764795
4441,5328923,Shook,6114,10385,,1870,yes,5866,1185,,1,1,0,,0.3344282530712632
4442,11680959,Choksad,3903,11192,3579,1815,,5422,1197,,1,2,16,yes,0.3326004336935187
4443,9002704,Shubingson,5327,10617,,1878,yes,5777,1188,,1,2,0,,0.3325756531691826
4444,4309174,Nauvar,5634,10519,,1874,yes,3449,1269,,2,7,0,,0.332477966164037
4445,3654630,Landegre-,6676,10230,,1864,yes,3072,1290,,1,3,0,,0.33246327670190357
4446,12744113,Bnuy Erina,9487,9603,2220,1876,,,1294,yes,0,0,12,yes,0.33231906850486803
4447,6355579,sabbiN,4990,10738,,1882,yes,4701,1219,,2,4,0,,0.33228979971521905
4448,12750767,EVA-317,10370,9442,1033,1972,,9500,1113,,3,5,16,yes,0.3321289116168401
4449,18598040,micro,6835,10191,,1863,yes,2685,1314,,48,178,0,,0.33212055259514184
4450,4759050,Mortal,5429,10584,,1876,yes,3480,1267,,4,9,0,,0.33210470851308327
4451,15331607,Weaknessez,6635,10240,4172,1795,,,1334,yes,0,0,1,yes,0.3319949676747317
4452,19318393,Pillowey,10760,9379,1116,1962,,6336,1175,,3,10,23,,0.3316965538935279
4453,5252004,kage,7613,9999,2678,1851,,,1319,yes,0,0,6,yes,0.33165949098454794
4454,16205171,iMaple,5162,10677,3575,1815,,,1363,yes,0,0,26,yes,0.3313634387213923
4455,17557823,RandomNameBTW,4547,10906,4671,1778,,4354,1230,,1,2,2,yes,0.3311567101625947
4456,9282017,Forw3n,6709,10223,3252,1827,,2503,1326,,17,75,4,yes,0.33107386367497593
4457,14189899,Novaco,12166,9151,1435,1930,,,1266,yes,0,0,5,yes,0.3310298027063602
4458,6857843,cIementine,3839,11228,,1898,yes,4441,1227,,6,21,0,,0.33060438151143073
4459,14533605,Ayaneruuu,8927,9709,2693,1850,,2229,1345,,49,157,19,yes,0.33052640487011686
4460,24350045,-PSC-,10418,9433,1978,1889,,,1283,yes,0,0,10,yes,0.3304014684626055
4461,7314046,alkalde,2011,12483,4089,1798,,6908,1162,,8,21,2,yes,0.33024782782065343
4462,11996209,Mike Wazowski,4060,11111,,1894,yes,5556,1193,,2,6,0,,0.33023912541816325
4463,5420232,N Y Q A,5067,10713,4114,1797,,2995,1295,,5,20,2,yes,0.33001459464174077
4464,7329820,-Tao,4148,11070,,1893,yes,8004,1140,,2,3,0,,0.32993117449650605
4465,7626092,Tatsua,3477,11429,,1904,yes,4442,1227,,21,76,0,,0.32970867328793796
4466,11815008,AbQuT,4475,10932,3565,1816,,4651,1220,,3,5,1,yes,0.32936105912093233
4467,5085555,Irithyll,5570,10538,,1875,yes,5204,1203,,1,2,0,,0.3291649670181549
4468,18195548,hypher47,3449,11447,6535,1730,,,1408,yes,0,0,5,yes,0.3291604057873111
4469,20024121,Tairaa,6093,10392,1960,1890,,8076,1139,,1,4,31,yes,0.32911138254390326
4470,9412127,moar,5147,10682,,1880,yes,4498,1225,,1,4,0,,0.32903277969909084
4471,8525220,rinny,5525,10554,,1875,yes,4386,1229,,1,3,0,,0.32885093391155074
4472,6779915,Antony,6455,10287,,1866,yes,3092,1289,,2,5,0,,0.32862793596629836
4473,6675716,ReGmo,4840,10786,2821,1844,,5352,1199,,1,3,15,yes,0.3284426855750747
4474,2841744,Warrock,6964,10156,,1862,yes,2702,1313,,5,18,0,,0.32821993064141086
4475,14044852,ilusha1908,3307,11538,5538,1754,,6279,1176,,1,1,5,yes,0.32811499618633566
4476,11360598,haiks,3872,11210,4634,1779,,3644,1259,,1,3,5,yes,0.32809469113009165
4477,9521392,YungVenuz,2053,12448,9657,1671,,,1467,yes,0,0,6,yes,0.32806582532045453
4478,3173129,Iksinski,8045,9899,2592,1855,,,1313,yes,0,0,16,yes,0.327941328666259
4479,25492547,Mioxy,5329,10617,8361,1695,,,1359,yes,0,0,1,yes,0.32783879262745363
4480,10100473,Lounari,12134,9157,1909,1893,,,1266,yes,0,0,39,,0.3276067184394203
4481,17045442,Argarflo,12874,9041,,1820,yes,1667,1400,,23,94,0,,0.32741151744906993
4482,14140875,OldBread,4109,11090,2880,1842,,7618,1148,,1,3,6,yes,0.3273938448980153
4483,3723568,Kujinn,3182,11600,5042,1767,,,1417,yes,0,0,21,yes,0.327346282110931
4484,17276654,Inimint,8681,9762,2171,1879,,,1304,yes,0,0,3,yes,0.3269191295222897
4485,11168434,Tocco,2913,11771,3938,1803,,4488,1225,,11,24,4,yes,0.32679057012442075
4486,12010050,Novern,7818,9951,1134,1961,,6374,1174,,10,21,12,yes,0.3266680230256226
4487,3753204,Lumina-,5278,10631,4166,1795,,,1360,yes,0,0,5,yes,0.32665737775489506
4488,13791953,-Chubby-,11313,9285,,1829,yes,1631,1404,,3,10,0,,0.32640830015511246
4489,16426425,Fiery J,7803,9954,2631,1853,,,1316,yes,0,0,6,yes,0.32640071298338735
4490,18389558,Kyori_,11885,9193,1412,1932,,2811,1306,,35,140,7,yes,0.32586723982875726
4491,24970933,Mika1211,3679,11316,4345,1788,,,1401,yes,0,0,53,yes,0.3257443127790498
4492,14300067,Wish_,4007,11143,6072,1741,,,1391,yes,0,0,4,yes,0.325713179311079
4493,27631537,BanG Dream,7494,10025,2750,1847,,,1321,yes,0,0,39,yes,0.3255281817285006
4494,15767298,Pinossaur,2804,11842,1906,1894,,6306,1175,,15,34,1,yes,0.32546789141303656
4495,7804244,Myp4uk,2226,12278,2981,1837,,5769,1188,,38,150,12,yes,0.32544384495140743
4496,10162727,Toti,10623,9399,1877,1896,,,1281,yes,0,0,7,yes,0.3250309218488155
4497,9285180,Mr Business,8903,9714,1519,1922,,4103,1240,,36,116,31,yes,0.3249079552463586
4498,4808281,gerom,7055,10137,3260,1827,,2597,1320,,5,20,1,yes,0.3246895682679234
4499,36631973,w0l,4795,10807,4916,1771,,,1371,yes,0,0,4,yes,0.32405588615113745
4500,8636448,MaWa-7 0-0 AI,4852,10784,938,1986,,9163,1119,,7,26,6,yes,0.3239698617003071
4501,9291448,Nairda_,6639,10239,2812,1845,,2771,1308,,10,45,4,yes,0.323958528875215
4502,23136225,Justpezzo,5949,10428,,1871,yes,7304,1154,,1,1,0,,0.3238002217376243
4503,9560694,Ramizel,14625,8806,2164,1879,,1904,1376,,75,304,15,yes,0.3234163642768254
4504,15089095,Lukasz,6523,10268,2014,1887,,9394,1115,,1,2,10,yes,0.32340249211957306
4505,11234975,MRB,9631,9577,1523,1922,,3367,1273,,13,43,9,yes,0.32316918551405033
4506,12612048,exo8,15770,8657,,1804,yes,1375,1440,,7,35,0,,0.3230748793407432
4507,9592236,TechnicalMaid,6476,10280,4708,1777,,,1337,yes,0,0,1,yes,0.3228413117152711
4508,4692344,Haganenno,6400,10300,,1867,yes,3415,1270,,1,3,0,,0.3228214699305118
4509,6267851,Yuuzinho,1493,13105,,1953,yes,9901,1107,,11,34,0,,0.3225686133512791
4510,9784305,shiori fangirl,5113,10700,2321,1870,,7066,1159,,3,4,13,yes,0.32255278967673584
4511,9298590,tani,5625,10522,1670,1909,,6013,1182,,7,23,24,yes,0.3224961835096716
4512,11624188,Garret,8035,9901,2594,1855,,,1313,yes,0,0,8,yes,0.32245760220511843
4513,18979378,dognut1,5591,10532,5024,1768,,,1354,yes,0,0,2,yes,0.3222612284938136
4514,10053373,peroroo,7424,10042,,1858,yes,2579,1321,,13,39,0,,0.32220711497534316
4515,10722016,m_iqbal_21,3940,11174,3007,1836,,6209,1177,,1,4,13,,0.3219122792205968
4516,10554771,Busta Rhymes,9160,9662,1984,1889,,,1298,yes,0,0,3,yes,0.32190466677734075
4517,16806613,andr3kk,1004,13842,8779,1687,,4551,1223,,3,6,11,yes,0.321737561091131
4518,11217087,emoprince,11087,9321,2062,1884,,,1276,yes,0,0,29,yes,0.32159805893224136
4519,9275130,Waffle-,12481,9102,1259,1947,,3217,1281,,15,57,10,yes,0.3215031880586622
4520,10229925,enji,3297,11540,,1907,yes,5537,1194,,4,17,0,,0.32144146708372956
4521,32173779,Huxinn,15744,8659,1569,1918,,,1237,yes,0,0,48,,0.3214139155098872
4522,1030696,WadsyaName-,8703,9757,,1847,yes,2123,1356,,2,6,0,,0.3212759234627002
4523,21929263,nabari,4754,10824,4388,1787,,,1372,yes,0,0,7,yes,0.3211480420364343
4524,10919861,murun_,4557,10902,1810,1900,,7659,1147,,6,17,47,yes,0.3210885125894447
4525,4604369,KC Aqua,3102,11647,,1911,yes,5018,1209,,24,71,0,,0.32097099241507776
4526,2522197,DuNai,5615,10524,,1874,yes,3233,1280,,11,23,0,,0.3208776999642562
4527,22403998,whispe,8525,9797,2524,1858,,,1306,yes,0,0,24,yes,0.3202165337407868
4528,12062265,culantro,5386,10600,8483,1693,,,1358,yes,0,0,1,yes,0.3200906170669761
4529,18135280,Crownest,11029,9331,1887,1895,,,1277,yes,0,0,9,yes,0.3200475826166643
4530,10990506,lisophoria,5699,10501,,1874,yes,3469,1268,,2,8,0,,0.31994800331629514
4531,8401548,SowAA,5099,10704,2598,1855,,4143,1239,,2,9,5,yes,0.31990325417507043
4532,4117912,Raiin,6347,10316,,1867,yes,3343,1274,,2,4,0,,0.3195637295287512
4533,3076325,Nuggel,8934,9707,,1845,yes,2225,1346,,15,56,0,,0.3192230490651393
4534,14287201,Purpol,929,13977,5340,1759,,8131,1138,,5,11,18,yes,0.3189311567386122
4535,5510197,TemaZpro,6813,10198,,1863,yes,2925,1299,,4,7,0,,0.31892970835208506
4536,3089026,kefn,11171,9309,,1830,yes,1935,1374,,46,164,0,,0.31886018060050025
4537,23401460,leolepoisson,10176,9481,2274,1873,,,1286,yes,0,0,43,yes,0.31843004973129607
4538,16419458,marenslenda,9815,9546,2107,1882,,,1290,yes,0,0,7,yes,0.31827884470739193
4539,13483216,WitherNinjaKing,5715,10497,4339,1789,,,1351,yes,0,0,3,yes,0.318124252379358
4540,7593520,Aplumate,6475,10280,,1866,yes,5090,1207,,1,1,0,,0.31789935594351953
4541,17098619,Muffel,2056,12446,6097,1740,,,1467,yes,0,0,55,,0.31762818556347344
4542,5414124,Curren Bouquet,4141,11075,,1893,yes,3975,1245,,19,68,0,,0.3173862047413888
4543,12585858,Laplus Darkness,4708,10842,1698,1907,,5955,1183,,21,55,14,yes,0.3172716749833553
4544,16361801,MikoIreina,5566,10539,,1875,yes,5557,1193,,1,2,0,,0.3172406841214563
4545,11504423,TrU,3626,11346,4506,1783,,,1403,yes,0,0,41,yes,0.3167867186726242
4546,19684581,FeatherStorm,4236,11030,4121,1796,,,1385,yes,0,0,34,yes,0.3166791522583684
4547,6245906,Furina-,7274,10077,,1859,yes,2672,1315,,8,19,0,,0.3163499351190202
4548,28436619,DerKekDesTages,8180,9868,2621,1853,,,1311,yes,0,0,27,yes,0.31633501455595536
4549,53378,ktgster,8831,9730,,1846,yes,2246,1344,,7,26,0,,0.31590345707216455
4550,16764402,rubrub,4051,11118,,1894,yes,4249,1235,,9,30,0,,0.31544425962334366
4551,32497047,hyeok2044fanboy,9635,9576,2278,1873,,,1292,yes,0,0,12,yes,0.31543638571019295
4552,7552300,cristi2708,3469,11436,,1904,yes,4976,1210,,10,28,0,,0.314805653743658
4553,4381959,GanyUwU,5226,10653,5851,1746,,,1361,yes,0,0,2,yes,0.31424667030733705
4554,8355882,Chiyumi,20343,8164,1269,1945,,,1208,yes,0,0,49,,0.31415302607521817
4555,8944472,Vandexior,3738,11283,,1899,yes,5726,1189,,5,9,0,,0.31407257372624486
4556,11107767,Quaoar,6757,10212,,1864,yes,3460,1268,,1,2,0,,0.3140597216277538
4557,4097394,Mout,12739,9061,,1821,yes,1639,1404,,5,25,0,,0.31362870030488565
4558,20198150,Meierr,3666,11321,4654,1778,,,1401,yes,0,0,23,yes,0.3135848866286587
4559,17010088,AsianEnd,4108,11090,7404,1712,,4667,1220,,1,3,1,yes,0.31342881210392787
4560,12274556,Stiffu,2954,11744,2041,1885,,9140,1120,,6,21,20,yes,0.3134239090537153
4561,16027468,Theleast47,8869,9723,2006,1888,,,1302,yes,0,0,2,yes,0.3132906856484581
4562,12157233,Ajteh_,3956,11166,9616,1672,,,1393,yes,0,0,2,yes,0.3129276914420355
4563,4334976,Aeril,6770,10208,,1863,yes,2980,1296,,2,8,0,,0.3129122042791971
4564,7460347,sojh,3612,11352,4594,1780,,,1403,yes,0,0,33,yes,0.3126734788741957
4565,8181950,Nykke,6385,10307,,1867,yes,3573,1262,,1,3,0,,0.31264035795334755
4566,6362900,mook,8389,9826,,1850,yes,2395,1334,,15,52,0,,0.31232989691870244
4567,26181225,Bigdaddy85,7442,10038,2838,1843,,,1321,yes,0,0,34,yes,0.3122105909427888
4568,7752498,iDant,4716,10838,3807,1807,,3839,1251,,2,2,8,yes,0.3119685792090208
4569,12553985,BusinessGoose05,5119,10695,,1880,yes,3950,1246,,3,9,0,,0.31132154560809483
4570,31803228,pato14123,7172,10103,3623,1814,,,1326,yes,0,0,1,yes,0.3111198118611648
4571,14481646,Min,4209,11047,,1892,yes,4654,1220,,4,12,0,,0.31086828804884126
4572,6047333,noz,10322,9452,2050,1885,,,1285,yes,0,0,8,yes,0.3107485457596572
4573,9199901,BR00KLYN,5146,10682,4280,1791,,2730,1310,,17,46,4,yes,0.3105626124427394
4574,16561695,KatFood,10096,9495,5566,1753,,1255,1461,,23,77,10,yes,0.31047747688371025
4575,9519127,Remalia,5210,10657,,1879,yes,3881,1249,,2,9,0,,0.3103452336751934
4576,8682905,murorachi,51400,6418,,1697,yes,599,1659,,11,54,0,,0.31033958621136293
4577,35727307,cis,1284,13360,8170,1698,,,1520,yes,0,0,37,,0.31016005962500853
4578,20217139,crcvuy,6230,10352,3969,1802,,,1342,yes,0,0,3,yes,0.3097887230940321
4579,14488518,-w-,4162,11065,,1892,yes,6274,1176,,2,5,0,,0.3094390356212703
4580,28248109,CaiderGatorz,4514,10916,4519,1783,,,1378,yes,0,0,9,yes,0.30896658397621735
4581,5791467,-Kiichirou-,4077,11103,3447,1819,,3847,1251,,4,15,6,yes,0.3088949374024225
4582,17081980,Farzex,7594,10004,2815,1844,,,1319,yes,0,0,68,yes,0.30888010541428
4583,23638593,Slowpoke1585,9675,9570,2387,1866,,,1292,yes,0,0,43,yes,0.3088136442925764
4584,16644505,Vojo,1921,12582,8335,1695,,,1475,yes,0,0,11,yes,0.3087322521216717
4585,8094220,FAREIDOLIA,3789,11259,3228,1827,,6837,1164,,2,3,48,,0.30869734537890314
4586,10133922,Veh,11531,9247,1875,1896,,,1272,yes,0,0,10,yes,0.308535843468537
4587,12824058,Hristo Botev,2215,12292,9663,1671,,5162,1204,,1,3,3,yes,0.30836139098934745
4588,15892637,fartfartfart,5142,10684,3717,1810,,,1363,yes,0,0,34,yes,0.30761382848512936
4589,19075364,I AM FUKUKITARU,12365,9120,2500,1860,,2009,1367,,36,133,15,yes,0.30747648373917047
4590,18098965,vboob,1728,12812,7640,1707,,,1486,yes,0,0,21,yes,0.30742622621603605
4591,17146879,KIDORO,5563,10540,4025,1800,,,1354,yes,0,0,6,yes,0.30740129050190845
4592,16755693,Wendy Williams,6795,10200,2554,1857,,4218,1236,,1,2,4,yes,0.307396370752342
4593,34898887,KigurumiSungeki,5526,10554,8420,1694,,,1355,yes,0,0,1,yes,0.30704242572896884
4594,1901534,0120,7601,10002,4587,1781,,2327,1339,,6,19,1,yes,0.30675275026616544
4595,11783312,Millesimale,3755,11272,,1899,yes,8713,1127,,2,4,0,,0.30660000079050426
4596,8728357,Matiko,5907,10440,2418,1864,,5269,1201,,2,4,11,,0.30656161098434676
4597,15964622,im a fancy chad,10513,9418,2086,1883,,,1282,yes,0,0,10,yes,0.30598576669745936
4598,6517715,Kraiko,12318,9126,917,1988,,9083,1120,,2,7,19,yes,0.3059616945716065
4599,16130091,gul-,7252,10082,2727,1848,,3251,1279,,1,2,21,yes,0.3057987485984339
4600,7731995,its going up,2816,11833,,1916,yes,5563,1193,,26,91,0,,0.305699653438186
4601,31466384,defaultBBL,5376,10602,5743,1749,,,1358,yes,0,0,2,yes,0.3056858584698565
4602,15183843,PinkFart,4777,10813,,1884,yes,9080,1120,,1,2,0,,0.3055095417841516
4603,16616938,anton365pro,8061,9895,2698,1850,,,1312,yes,0,0,9,yes,0.3054177059264095
4604,19579091,HDD,4190,11056,2640,1853,,4891,1213,,5,13,3,yes,0.30529501202900766
4605,11050007,Milosh,3220,11576,1167,1958,,9558,1112,,7,15,2,yes,0.304971666662184
4606,15159769,Chemes,8760,9745,2563,1856,,,1303,yes,0,0,41,,0.30459835352286024
4607,15469516,doddack,2914,11770,5062,1767,,8789,1125,,1,2,5,yes,0.3043963924349269
4608,14773917,-Xia-,3912,11189,,1896,yes,7152,1157,,2,5,0,,0.3043942157139986
4609,10191183,yDropZz,5467,10570,,1876,yes,4445,1227,,2,4,0,,0.30428115364696645
4610,11950713,JimmyD3,7692,9980,2817,1844,,,1318,yes,0,0,37,,0.30422898296632384
4611,22563312,mUFfin5,7462,10033,2963,1838,,,1321,yes,0,0,4,yes,0.304167521619053
4612,7498203,SecretlyShiro,7124,10118,,1860,yes,2757,1309,,42,138,0,,0.30400516923395904
4613,14024170,-Graigory-,5367,10605,,1877,yes,3400,1271,,15,46,0,,0.3039056049342963
4614,6961543,Yuri Enjoyer,3093,11650,,1911,yes,7945,1141,,5,8,0,,0.30367191847313074
4615,14010215,silii,4909,10764,3026,1836,,8135,1138,,1,2,1,yes,0.30355238511320776
4616,10662566,rwinzzz,5898,10442,4340,1789,,,1348,yes,0,0,3,yes,0.30351925300955834
4617,16049268,denero,9525,9596,2193,1878,,,1294,yes,0,0,5,yes,0.30312857847800934
4618,8195972,kwotaq,2397,12130,3999,1801,,5489,1195,,10,32,4,yes,0.30297722464883425
4619,31953238,denicdddddddd,2356,12176,6473,1731,,2631,1318,,1,4,18,yes,0.3028959824461245
4620,17068591,jsu,4649,10861,8574,1691,,1988,1370,,1,1,2,yes,0.302346323520598
4621,8796550,PXZz,4174,11062,9113,1681,,,1387,yes,0,0,2,yes,0.30214605660866245
4622,18185714,Oinkxxxxxxxxx,8775,9741,1764,1904,,,1303,yes,0,0,1,yes,0.30209159700621435
4623,6241302,Hallowa,7164,10104,3057,1834,,,1326,yes,0,0,8,yes,0.30190679087058203
4624,9471214,RenaRyuugu,6836,10190,3099,1832,,,1331,yes,0,0,24,yes,0.3014732588935026
4625,15435713,Bidderit,14555,8814,1634,1913,,,1246,yes,0,0,19,yes,0.3010998248977845
4626,9027651,kirndy,10269,9463,4485,1784,,1600,1408,,53,249,6,yes,0.30089144208554863
4627,29460766,Filizanowski,4111,11090,2255,1874,,5693,1190,,21,56,58,yes,0.3006970862790649
4628,18555631,PigglyNibbler67,7117,10119,3128,1831,,,1327,yes,0,0,6,yes,0.3004268972236258
4629,3880481,Genzoku,13262,8984,,1818,yes,1562,1413,,3,16,0,,0.30038052296802503
4630,17337686,Marlintuna,4431,10949,5736,1749,,,1380,yes,0,0,4,yes,0.30033674839630287
4631,7573380,fumes,6896,10174,,1862,yes,3262,1278,,1,3,0,,0.3001556718603091
4632,21692963,Xandar,5919,10436,,1871,yes,3998,1244,,2,4,0,,0.30003038824398554
4633,14843371,TESTERPIWA,4271,11013,4409,1786,,,1384,yes,0,0,17,yes,0.30000780509490854
4634,18178958,stariy bog,2960,11737,6529,1730,,,1426,yes,0,0,9,yes,0.29957093904949916
4635,12844341,EmilisSux,3048,11681,,1912,yes,6861,1163,,4,13,0,,0.29932455019513976
4636,10510143,Black Astro,9191,9657,2312,1871,,,1298,yes,0,0,5,yes,0.2992556557226487
4637,27120005,samochud,8505,9801,2623,1853,,,1306,yes,0,0,16,yes,0.2988595516514464
4638,18733683,Mr C B,3645,11334,3860,1805,,5197,1203,,1,5,6,yes,0.29885841589586964
4639,9652066,Vasleria,5587,10533,,1875,yes,3653,1259,,6,10,0,,0.2988262274752061
4640,20268335,bento box,9057,9682,2482,1861,,,1299,yes,0,0,13,yes,0.2986639845808911
4641,3635214,VRainbow,7738,9970,,1855,yes,2643,1317,,10,38,0,,0.29863132800933306
4642,7202604,Allison,7649,9991,2896,1841,,,1318,yes,0,0,7,yes,0.29861213129026004
4643,5252968,mocaccino,4228,11035,2576,1856,,5072,1207,,7,15,7,yes,0.29845077920444907
4644,2398671,QQuaLLe,4337,10982,,1890,yes,4508,1225,,6,14,0,,0.29823220280307605
4645,7942443,Everywhere,4248,11021,3716,1810,,3575,1262,,1,4,35,,0.29794718409763754
4646,12336674,Squams,4530,10914,2392,1866,,8306,1134,,2,5,18,yes,0.2978892545803925
4647,2288363,SillyFangirl,13577,8941,1896,1894,,2413,1333,,1,2,45,yes,0.2978095362468694
4648,5479741,Oddie,4652,10861,1377,1935,,7896,1142,,32,95,14,yes,0.2973654951421229
4649,21676438,Gamamer,7319,10065,3160,1830,,,1323,yes,0,0,3,yes,0.2972252132626903
4650,26631293,Roller-,10051,9505,2318,1870,,,1288,yes,0,0,17,yes,0.29672160978417583
4651,11184765,bengwranh,7216,10093,2780,1846,,4088,1241,,1,1,14,yes,0.29633171359890426
4652,18735742,x_w,6977,10152,3147,1830,,,1329,yes,0,0,10,yes,0.29621832511311585
4653,8248762,Fzechen,5494,10564,,1876,yes,4275,1233,,2,5,0,,0.2959165206087534
4654,13736543,anhtukgt,6115,10385,,1870,yes,8248,1135,,1,1,0,,0.2957054914417434
4655,20055642,KevTheStickman,5125,10691,4044,1799,,,1364,yes,0,0,13,yes,0.29563249979950695
4656,15991664,meowpressYS,3242,11564,7525,1710,,5760,1188,,2,6,1,yes,0.29543379512356904
4657,15168941,Waretol,16488,8569,1570,1918,,,1232,yes,0,0,41,yes,0.29540947992999544
4658,6334009,celen,7543,10016,,1857,yes,2797,1306,,1,4,0,,0.295105964343839
4659,15167613,Nyco,6766,10209,3085,1833,,2739,1309,,13,37,10,yes,0.2950202958393821
4660,5000924,Toileri,11911,9188,969,1980,,7722,1146,,4,10,19,yes,0.2948323644866875
4661,16534808,-JustCallMeMK-,5366,10606,3902,1804,,9820,1108,,1,1,1,yes,0.29466423742689607
4662,16194429,- GoHan -,6303,10326,1655,1911,,6627,1168,,1,4,3,yes,0.29436145054868224
4663,16638509,Linegraph,11078,9322,2000,1888,,,1277,yes,0,0,9,yes,0.2942899283529305
4664,8368974,Hibikom,5616,10524,8587,1691,,,1353,yes,0,0,1,yes,0.29426237048379356
4665,14833788,128,15689,8668,1781,1902,,2349,1337,,2,8,52,yes,0.29405607445703674
4666,10850389,My Angel Fubuki,13571,8941,5950,1744,,1454,1428,,14,51,1,yes,0.29390669603700315
4667,18269356,rubell,4317,10991,6830,1724,,,1383,yes,0,0,3,yes,0.29387598877957744
4668,2688103,IOException,10557,9411,2299,1871,,,1282,yes,0,0,36,yes,0.29306234766817496
4669,2660065,- Kataomoi -,6976,10153,,1861,yes,2967,1297,,4,15,0,,0.29298905125332736
4670,18131090,YNUMI,5440,10580,2914,1840,,6380,1173,,1,2,6,yes,0.29279558144778495
4671,16385977,CBarAM06uJlb,2250,12259,7790,1705,,4668,1220,,15,33,2,yes,0.2927914816081426
4672,21598428,BerryoftheYear,8458,9811,2692,1850,,,1307,yes,0,0,25,yes,0.2921657205681163
4673,8440154,Ratro,5708,10500,4190,1794,,,1351,yes,0,0,5,yes,0.29215954426258584
4674,12176606,dank daruni,4408,10956,6686,1727,,,1381,yes,0,0,3,yes,0.29190118537672793
4675,4700252,Rustyy,7867,9940,,1854,yes,2650,1317,,3,8,0,,0.2917673739850806
4676,8521804,Dainsleif,6037,10406,,1870,yes,5220,1203,,1,2,0,,0.29105616537093004
4677,11325529,Wryze,5378,10602,4456,1785,,,1358,yes,0,0,5,yes,0.29099659394483
4678,16660532,Guhh,5385,10600,4454,1785,,,1358,yes,0,0,5,yes,0.2906594303976284
4679,10584713,Rumpowl,9476,9605,2296,1872,,2526,1324,,10,38,3,yes,0.290550210262693
4680,3410997,PostScr1pt,16843,8529,5248,1762,,1229,1465,,37,164,2,yes,0.2904601722356652
4681,3681024,Potatorz,7277,10076,3903,1804,,,1324,yes,0,0,1,yes,0.29024673090188274
4682,10375612,Geon,4612,10877,,1886,yes,4863,1213,,2,8,0,,0.29022020381110203
4683,10445786,VuIkan,15530,8689,846,1998,,6599,1169,,2,5,11,yes,0.2902028642914189
4684,16695628,seed 17th,15154,8739,1766,1903,,,1241,yes,0,0,91,yes,0.28996934564889537
4685,12741052,Mechi,5548,10547,5980,1743,,2559,1322,,1,5,2,yes,0.28980189593246275
4686,11636332,-Yeji,6272,10334,2073,1884,,6053,1181,,2,4,5,yes,0.2897260370158742
4687,34309871,Sylbreon,7918,9928,2849,1843,,,1314,yes,0,0,11,yes,0.28969816122988
4688,8233314,LayUp,17458,8461,1439,1929,,,1225,yes,0,0,24,yes,0.28949485044454043
4689,18296925,RemIscute07,4814,10802,,1884,yes,3782,1253,,21,62,0,,0.28940107755953703
4690,7339759,LAST DANCE,5295,10626,2769,1847,,6090,1180,,2,3,6,yes,0.2889020972311186
4691,1572405,My Not,5553,10544,3604,1814,,2990,1296,,1,2,20,yes,0.2887030264304089
4692,13529248,John Stamina,5724,10493,,1873,yes,3452,1268,,7,21,0,,0.28832909193595746
4693,6862265,_Hornet,7215,10093,,1859,yes,3312,1275,,1,2,0,,0.2883153285105502
4694,11234356,Meowzarte,45735,6636,,1709,yes,699,1610,,27,129,0,,0.28829736996337296
4695,25562661,greatgmx,5636,10518,3800,1807,,,1353,yes,0,0,13,yes,0.2880765937510523
4696,6065432,Einja,5844,10455,2236,1876,,4407,1228,,2,7,2,yes,0.28785166626816805
4697,2706715,GitahMuttan,8150,9875,2792,1845,,,1311,yes,0,0,108,yes,0.2876436757609927
4698,4165369,kukuri,10530,9416,,1834,yes,2112,1357,,17,57,0,,0.2875044391219382
4699,24059114,shoegazed,13154,9002,1898,1894,,,1257,yes,0,0,27,,0.2870463617698677
4700,9315589,Pompeijwag,19906,8209,1888,1895,,1593,1409,,15,54,7,yes,0.2869856295406168
4701,24695468,hufy,5432,10583,2535,1858,,6681,1167,,1,3,4,yes,0.2869307753467277
4702,8136525,elki,5239,10647,,1879,yes,3550,1264,,22,78,0,,0.2865549553850258
4703,11195133,Jake Boii,2986,11719,3512,1817,,5685,1190,,7,13,9,yes,0.28570914854964863
4704,6842477,Verneo,5649,10516,,1874,yes,3416,1270,,16,43,0,,0.28562408994849076
4705,13258454,WEBUKS,21369,8077,1264,1946,,,1202,yes,0,0,38,,0.28553954496848605
4706,16587033,Kylain,5903,10441,2140,1880,,5393,1197,,4,13,26,yes,0.2853477517672087
4707,4151585,cmnk,4735,10832,5540,1754,,,1373,yes,0,0,4,yes,0.2852525343499577
4708,9238443,-Sizzle-,5770,10476,,1873,yes,6044,1181,,1,2,0,,0.285179629970008
4709,7364801,mam0nt,6979,10152,3208,1828,,,1329,yes,0,0,13,yes,0.28508586901640187
4710,15063788,Davidson,9074,9679,2503,1860,,,1299,yes,0,0,8,yes,0.2850603577649397
4711,23628182,shomi,9449,9609,2523,1858,,,1295,yes,0,0,45,yes,0.28498638317816644
4712,6357267,synFIYA,6870,10181,,1862,yes,5139,1205,,1,1,0,,0.284811703682872
4713,6875907,morix,6665,10232,,1864,yes,3149,1285,,4,12,0,,0.284573040148408
4714,18071589,price231,8520,9799,2723,1848,,,1306,yes,0,0,75,yes,0.28451916764546514
4715,10045995,kv1shuneng,7514,10021,3625,1814,,,1320,yes,0,0,1,yes,0.2844005121048381
4716,11026386,Valentz,4298,11000,,1890,yes,5998,1182,,3,6,0,,0.2842827070728416
4717,9694973,olamin,4605,10881,3157,1830,,3848,1250,,9,28,5,yes,0.28422539103751104
4718,12101240,lazy,2762,11870,5672,1750,,,1433,yes,0,0,33,yes,0.28410592943617374
4719,10996232,Maeryy,9758,9555,2438,1863,,,1291,yes,0,0,19,yes,0.28384022155109345
4720,10476092,rimerca,5737,10489,3226,1827,,2972,1297,,26,83,58,yes,0.2837374312749463
4721,15379376,Andysaur_,11865,9195,,1826,yes,1944,1373,,18,59,0,,0.28373366517446935
4722,2445727,Kaname,7437,10039,,1857,yes,3032,1292,,1,3,0,,0.28365262485578824
4723,18976589,Sugi_,11980,9179,1740,1905,,,1268,yes,0,0,6,yes,0.28341750532396
4724,9119519,DrDelirio,7133,10115,4371,1788,,,1326,yes,0,0,1,yes,0.2832403920973367
4725,27990009,3vc0ph,12888,9039,2020,1886,,,1259,yes,0,0,73,,0.2829360817943217
4726,16145035,- Rufus -,7823,9950,3024,1836,,,1316,yes,0,0,2,yes,0.28272974218064023
4727,8484778,kohuni,5071,10712,4212,1793,,,1365,yes,0,0,12,yes,0.2823893284308965
4728,13805949,Suzune Miyama,2279,12233,6658,1727,,,1455,yes,0,0,22,yes,0.2822934531310784
4729,18212788,RAiMEi_BOTTliUM,4507,10921,2775,1846,,4133,1239,,36,120,29,yes,0.2822551419399278
4730,21513979,cxlturs,15275,8722,1590,1916,,3041,1292,,6,20,70,,0.2820686116539818
4731,5410051,Hichinoro,7353,10057,2345,1869,,3973,1245,,1,3,3,yes,0.2819205350524181
4732,10584257,Uni666,5500,10561,,1876,yes,5450,1196,,1,3,0,,0.2817382927058497
4733,15038240,Oliaulin,5449,10578,2168,1879,,5578,1193,,4,10,8,yes,0.28161042156222943
4734,9730925,Euryalle,5887,10446,,1872,yes,5840,1186,,1,2,0,,0.2815563004894202
4735,14340573,zekr3t,4020,11135,6202,1738,,,1391,yes,0,0,5,yes,0.28153725961560194
4736,7918953,Paskuin,2302,12213,,1928,yes,8783,1125,,6,17,0,,0.2814400394505373
4737,33136209,oryble,3712,11298,5645,1751,,,1400,yes,0,0,9,yes,0.2813476815627812
4738,4932456,yoshi-mk2,9438,9611,1566,1919,,3256,1279,,10,39,4,yes,0.28128560983526124
4739,15857917,Jezioro,15162,8738,574,2036,,6305,1175,,4,9,7,yes,0.2812262691303147
4740,6566765,SteffoST,10037,9508,,1838,yes,2220,1346,,18,78,0,,0.28111338109966294
4741,12629257,-keitaro-,8974,9700,2380,1867,,,1300,yes,0,0,3,yes,0.28107448716526673
4742,14429772,R176,9305,9634,2250,1875,,,1296,yes,0,0,3,yes,0.2808109342741584
4743,9053638,Aesc the Savior,5173,10671,1459,1927,,7075,1159,,4,16,5,yes,0.2807776355968541
4744,12274165,PreDexine,5837,10456,8260,1697,,,1349,yes,0,0,1,yes,0.2803861764775336
4745,11983880,Haj,5401,10594,1701,1907,,6104,1180,,7,29,10,yes,0.2802295405051315
4746,24595935,fuyuv,5720,10495,4838,1773,,,1351,yes,0,0,3,yes,0.280124582994316
4747,6717956,Nabil,2041,12454,8013,1701,,7981,1141,,1,4,3,yes,0.2800913996136097
4748,11930496,marclor,11613,9236,2279,1873,,2365,1336,,6,17,10,yes,0.27994775526622817
4749,21447640,Lecky,2968,11732,9605,1672,,,1425,yes,0,0,4,yes,0.2798577826952065
4750,11293951,Abratexz,6690,10227,2228,1876,,3572,1262,,8,37,4,yes,0.27979179934892795
4751,7425199,heidy,4662,10858,,1886,yes,5161,1204,,2,7,0,,0.27972001307023375
4752,11095290,Trash Bag,5299,10625,4217,1793,,,1360,yes,0,0,9,yes,0.2794995597024862
4753,10434581,ToastyPuffs,9083,9677,2344,1869,,,1299,yes,0,0,3,yes,0.2793225273643606
4754,16725049,AgorelL,4081,11101,1815,1900,,6817,1164,,21,74,10,yes,0.27931182150640477
4755,3801459,Carretto,6152,10374,9869,1668,,2458,1329,,10,44,1,yes,0.2792996715148329
4756,34448754,Nekoyato,4267,11014,3409,1820,,4581,1222,,2,5,24,yes,0.2792592468432979
4757,12375176,oribkens,4610,10879,,1886,yes,5973,1183,,2,5,0,,0.2791763329597411
4758,9604150,mindblock,2398,12130,3251,1827,,7144,1157,,10,26,4,yes,0.27884587010315376
4759,14582633,679,4920,10761,4662,1778,,,1368,yes,0,0,7,yes,0.27862941598200114
4760,25619222,hzl,10985,9338,2203,1877,,,1277,yes,0,0,14,yes,0.27861391345520115
4761,32390879,turbo_igor_777,5673,10506,3855,1805,,,1352,yes,0,0,13,yes,0.27849549452119116
4762,19927331,nero1kami,3393,11482,8469,1693,,,1410,yes,0,0,4,yes,0.27815141318106873
4763,11083194,501312,7280,10076,,1859,yes,2905,1301,,10,38,0,,0.27803423744228956
4764,15030466,Pager,5257,10639,3189,1829,,3463,1268,,20,59,3,yes,0.27785359904232987
4765,31097886,FiredFlame,8238,9857,2411,1865,,3475,1267,,1,2,4,yes,0.2776403506957524
4766,30301166,_Rango_,5993,10416,7793,1705,,,1346,yes,0,0,1,yes,0.2774432149439956
4767,18948749,t4hN,4258,11018,2028,1886,,6373,1174,,12,32,10,yes,0.27736308078157684
4768,12027472,Ace on osu,5905,10440,,1872,yes,4120,1240,,2,5,0,,0.27727540301838755
4769,32672136,Elexy-,12285,9131,2628,1853,,2029,1365,,9,43,8,yes,0.27702799957624524
4770,16323116,slim shady,3084,11656,6871,1723,,,1421,yes,0,0,8,yes,0.2770148109666036
4771,5151731,skilledez,5024,10730,3336,1823,,3530,1265,,4,12,14,,0.2769506524788991
4772,2229274,Xytox,11168,9309,,1830,yes,1746,1393,,2,6,0,,0.27669120666387415
4773,13716488,dt_gamesplays,4995,10737,,1882,yes,5319,1200,,1,5,0,,0.27645980549578975
4774,9886408,09 Randy Orton,12977,9027,778,2007,,5327,1200,,12,45,9,yes,0.2762068565997079
4775,8607968,Akamatsu,3483,11425,,1904,yes,5146,1205,,14,61,0,,0.27559997134905656
4776,14547816,ckoj,2185,12321,7285,1714,,8763,1126,,2,2,5,yes,0.2752368669033617
4777,9554330,samububu,13140,9005,1757,1904,,,1257,yes,0,0,10,yes,0.27509142332160696
4778,14795527,RugiSerl,9320,9630,2288,1873,,,1296,yes,0,0,3,yes,0.2750883797309145
4779,15948948,Kanimari,2869,11796,9504,1674,,3843,1251,,4,16,2,yes,0.2748450402406753
4780,19806098,rushia6,4613,10876,8475,1693,,,1376,yes,0,0,2,yes,0.2747043672986217
4781,17607369,fervent,13671,8929,1774,1903,,,1253,yes,0,0,14,yes,0.27469722977367905
4782,12654242,DanFi,2591,11996,,1921,yes,6679,1167,,16,58,0,,0.2746636943071786
4783,21168144,Ivan136rus,6129,10381,,1869,yes,5483,1195,,1,2,0,,0.27453031843471026
4784,13717136,Mijaah,6468,10282,,1866,yes,4704,1218,,1,2,0,,0.2744321185629192
4785,21048722,ciz,6025,10408,3804,1807,,,1345,yes,0,0,10,yes,0.2742656543296154
4786,7737438,Veron,2628,11972,,1921,yes,7031,1160,,11,33,0,,0.2742342363172395
4787,13972931,duckie momo,5115,10698,,1880,yes,6692,1167,,2,3,0,,0.27398827800750625
4788,11461632,Rei Sirose,6693,10227,,1864,yes,6445,1172,,1,1,0,,0.27374157543139194
4789,16401033,michallll,5779,10474,8802,1687,,,1350,yes,0,0,1,yes,0.2737166305901789
4790,3036203,Kano,11428,9264,,1829,yes,2030,1365,,12,44,0,,0.2736932404825609
4791,17421393,Albatrauz,7626,9996,,1856,yes,2813,1306,,18,59,0,,0.27336560580744285
4792,10210959,Ducker,11557,9243,1804,1901,,,1272,yes,0,0,5,yes,0.2732940956586763
4793,20178628,ignorance uwu,4153,11069,3795,1807,,4309,1232,,1,4,20,yes,0.2731329251211414
4794,13103667,Chiicco,3591,11360,3206,1828,,8628,1128,,2,4,14,yes,0.2726280828303817
4795,23320102,clyi,7031,10142,4886,1772,,,1328,yes,0,0,1,yes,0.272174457814662
4796,14153669,Limidits,3007,11708,6365,1734,,,1424,yes,0,0,12,yes,0.2721070257036236
4797,13045647,Benapping,7723,9972,3106,1832,,,1317,yes,0,0,4,yes,0.2720757194893862
4798,34698455,Mach 84,5493,10564,6251,1737,,,1356,yes,0,0,2,yes,0.2718636475048728
4799,21537002,CRISTIANGT56,7407,10045,3119,1831,,,1322,yes,0,0,14,yes,0.27166465731059297
4800,18317610,whao,4693,10848,6541,1730,,,1374,yes,0,0,3,yes,0.2714473919405073
4801,15677511,[Peace],4239,11029,5974,1743,,,1385,yes,0,0,5,yes,0.271424721502438
4802,16742890,Icy3534,9248,9646,2572,1856,,,1297,yes,0,0,12,yes,0.2712447047124184
4803,25468052,Radmos_,2715,11911,4650,1778,,5768,1188,,1,3,28,,0.2712037373123402
4804,11538640,electrostrike,9157,9663,1633,1913,,4463,1226,,17,61,28,yes,0.2710592196933069
4805,7660383,455-38B,5455,10576,,1876,yes,4319,1232,,3,7,0,,0.27101697820778586
4806,9684580,TheyTookAshe,7105,10123,4740,1776,,,1327,yes,0,0,1,yes,0.27096499995123624
4807,12774398,[87,10905,9350,2370,1867,,,1278,yes,0,0,73,,0.2707552053263006
4808,15908646,soopie,3687,11312,4806,1774,,5924,1184,,1,5,2,yes,0.2707341592936155
4809,675132,[ Yozzied ],4893,10770,,1883,yes,6199,1177,,1,4,0,,0.2706714111526646
4810,7680516,TheTopError,8624,9777,2701,1850,,,1305,yes,0,0,5,yes,0.27045181674087493
4811,17452439,Havenuking,7242,10084,3296,1825,,,1325,yes,0,0,7,yes,0.27036533297368975
4812,14458567,holdenie,1922,12581,7086,1718,,,1474,yes,0,0,36,,0.27009609720732014
4813,26114971,DAQAO,8924,9709,,1845,yes,2509,1326,,42,131,0,,0.26991644046318886
4814,15611258,YumeYuki,4709,10842,,1885,yes,4122,1240,,12,39,0,,0.2698256989878581
4815,12853728,Halation,4942,10754,,1882,yes,4642,1221,,3,9,0,,0.269791291639898
4816,14455763,TripDaWhip,4968,10747,4242,1792,,,1367,yes,0,0,17,yes,0.269637154868748
4817,12668724,est,10003,9515,,1838,yes,2298,1340,,32,97,0,,0.2687447436302419
4818,17284206,Jipoman,3798,11255,4680,1777,,,1397,yes,0,0,56,yes,0.2685199351636981
4819,13666516,MlCAH,1372,13248,9406,1675,,,1513,yes,0,0,19,yes,0.26800411823221115
4820,18646411,MDPY,3409,11470,6459,1732,,6604,1169,,2,2,3,yes,0.26782285765016217
4821,5676259,steini,10836,9363,,1832,yes,2026,1365,,2,12,0,,0.26773515782111446
4822,2327285,quaternary,8711,9755,2716,1849,,,1304,yes,0,0,8,yes,0.26771067129197956
4823,13134250,sneplover,7312,10066,3873,1805,,2772,1308,,6,29,1,yes,0.267622262501565
4824,28857632,VesixD,7342,10060,,1858,yes,4280,1233,,1,1,0,,0.26749720879440125
4825,11007852,Poof,11791,9205,2180,1878,,,1269,yes,0,0,24,yes,0.2674094352860368
4826,5174602,OldEclipse,3452,11445,,1905,yes,5151,1205,,45,122,0,,0.2673593481992182
4827,7812798,Vyshus,4355,10976,,1889,yes,4914,1212,,6,14,0,,0.2673085226824201
4828,17897192,Siirius,6901,10172,,1862,yes,5822,1186,,1,1,0,,0.2670693517032427
4829,15048281,rushialove,5984,10418,5479,1756,,,1346,yes,0,0,2,yes,0.26665857262527537
4830,19823287,Muhlebushka,4970,10745,3845,1806,,8252,1135,,1,2,1,yes,0.26647517059171316
4831,15447339,Craneo,5453,10576,3652,1813,,6651,1168,,1,2,1,yes,0.26637993350441524
4832,2036685,Fortuner,6651,10235,,1864,yes,3302,1276,,6,12,0,,0.2662166842873729
4833,12660302,jdfIag,4989,10739,6166,1739,,2680,1314,,1,2,3,yes,0.2661427994227343
4834,4741293,sprkh,7001,10148,2273,1873,,4414,1228,,6,18,45,yes,0.26600204174389935
4835,29123903,Nobule,5860,10451,2605,1854,,9598,1111,,1,2,19,yes,0.2659510629156965
4836,11577401,Potato-chan,4268,11014,6539,1730,,,1384,yes,0,0,4,yes,0.2659047426293358
4837,21343656,Sdw_Banana,7162,10106,,1860,yes,4918,1212,,1,1,0,,0.26566706870088413
4838,6105480,Zykno,3748,11278,3068,1834,,5274,1201,,9,24,1,yes,0.2656403476433179
4839,6757317,Bubon_,16902,8522,1169,1957,,3446,1269,,8,21,15,yes,0.2655298933746164
4840,12965455,Baymax 3Ha,16900,8523,1657,1910,,,1229,yes,0,0,70,yes,0.2654508274114877
4841,11558542,Tyrol,8038,9901,1938,1892,,6967,1161,,1,2,5,yes,0.2654451729998294
4842,35167289,Nekli,7994,9912,2983,1837,,,1313,yes,0,0,10,yes,0.26535538179852486
4843,6374412,Donus,9475,9606,2570,1856,,,1294,yes,0,0,15,,0.26529756611374755
4844,4601372,CozyMF,7177,10102,,1860,yes,3172,1284,,3,7,0,,0.26499207998432883
4845,18015979,oranjus,3123,11634,5374,1758,,,1420,yes,0,0,43,yes,0.2646336949928318
4846,18386465,David Seymour,2623,11976,,1921,yes,7437,1151,,6,27,0,,0.26460584741870385
4847,9240047,loveleft,18606,8339,,1791,yes,1412,1435,,30,133,0,,0.2646004242920388
4848,6319189,FreeZeR,4895,10769,6385,1734,,2661,1316,,1,2,3,yes,0.26443021798171484
4849,15253040,Mloah,4874,10776,2181,1878,,9798,1108,,2,6,23,yes,0.26439183771321983
4850,15657769,C I KSTER129,6625,10242,,1865,yes,3355,1274,,2,11,0,,0.2643721470460151
4851,8308723,Borson,5850,10454,,1872,yes,6569,1170,,1,2,0,,0.2643676556197026
4852,7862812,Bonnie Abadeer,19144,8283,3091,1833,,1176,1475,,3,18,4,yes,0.264367480229691
4853,3494615,PieFlavours,6085,10394,,1870,yes,3353,1274,,27,117,0,,0.26431249887362257
4854,13639886,uge69chin2,14183,8865,,1813,yes,1748,1393,,18,65,0,,0.26423819993680064
4855,4982690,dragonsaga,6344,10316,1668,1910,,4242,1235,,21,79,3,yes,0.26410259490925614
4856,16040327,nonsochiama,6811,10198,,1863,yes,6483,1171,,1,1,0,,0.26395997243340397
4857,7696512,Hoaq,3652,11330,3071,1833,,4906,1212,,13,36,34,yes,0.2636052762848478
4858,27034054,Dezmert,21357,8077,1110,1963,,,1202,yes,0,0,13,,0.26355325922775813
4859,3045895,[Hatsune Miku],7987,9914,,1853,yes,2935,1299,,1,2,0,,0.2635178824952426
4860,30240186,baikalsk,7929,9925,1284,1943,,7413,1152,,16,53,35,yes,0.26331992267812165
4861,17588510,purpnode,3714,11297,2964,1838,,8899,1124,,1,5,4,yes,0.26290335809362125
4862,16473262,Skyri,2868,11796,,1915,yes,7350,1153,,7,19,0,,0.2628437416120419
4863,38346129,ezumel,8656,9770,2719,1849,,,1304,yes,0,0,4,yes,0.2628211087426724
4864,3242450,Death,8278,9847,,1851,yes,2691,1313,,2,9,0,,0.26275240121559784
4865,8068903,LINKI,7092,10128,,1861,yes,3119,1287,,4,15,0,,0.2626632185208044
4866,12054043,Levesile,5554,10543,2578,1856,,4251,1235,,5,17,5,yes,0.2626179715953423
4867,12000853,FIippy,14552,8814,1213,1952,,,1246,yes,0,0,4,yes,0.2623590455411213
4868,17526642,Aim_control_osu,3338,11520,5376,1758,,,1412,yes,0,0,28,yes,0.2623266365814143
4869,9389429,szubi-,6269,10335,3805,1807,,,1341,yes,0,0,9,yes,0.2621861449067456
4870,10485191,Crankii,7126,10118,,1860,yes,3033,1292,,16,64,0,,0.26213830165619945
4871,6909105,Akashii,2865,11797,,1915,yes,7976,1141,,4,14,0,,0.2619667058239772
4872,13895320,uxalt,6142,10377,3775,1808,,,1343,yes,0,0,13,yes,0.26169164256840216
4873,31196215,Jonasen,7657,9990,3151,1830,,,1318,yes,0,0,8,yes,0.2616774043435634
4874,20971891,AbbeyChan6203,38419,6968,,1726,yes,825,1558,,98,349,0,,0.26147906661313025
4875,12221151,Def0ltt,8021,9904,3108,1832,,,1313,yes,0,0,2,yes,0.2613410591889892
4876,6029142,iSkyrozz,5304,10624,,1878,yes,6490,1171,,1,3,0,,0.26112352504677977
4877,9050766,Foerster,3598,11358,4208,1793,,7209,1156,,1,2,15,yes,0.26110407071473457
4878,24574728,trreee,9816,9546,2565,1856,,,1290,yes,0,0,30,yes,0.2603183716801175
4879,14726718,YeLing,3407,11472,4170,1795,,4949,1211,,8,31,2,yes,0.26020856677333004
4880,13011078,-K4rimw-,4846,10784,4097,1797,,3145,1285,,1,2,25,yes,0.26012573652872306
4881,20115738,Z1_,2946,11753,7680,1707,,7993,1141,,1,3,2,yes,0.26007095512700523
4882,28663011,ShiohriMyLove,11208,9301,2244,1875,,,1275,yes,0,0,13,yes,0.2599870654337647
4883,11441941,Brainage,3851,11219,,1897,yes,8579,1129,,2,5,0,,0.25972743586822483
4884,18382786,Orincotrinco,4535,10913,,1887,yes,6639,1168,,2,5,0,,0.2596606423271544
4885,22920064,RedEX,11268,9291,1121,1962,,7595,1148,,3,7,12,yes,0.25948512387781464
4886,10765028,misha,14683,8798,1908,1893,,,1245,yes,0,0,77,,0.2592148999554032
4887,10364112,hesseninho,3169,11607,5942,1744,,4026,1243,,9,31,3,yes,0.2587763849475949
4888,12319251,zhigul,6304,10326,,1868,yes,3468,1268,,6,16,0,,0.25863885441958456
4889,8776083,speir,7108,10122,,1860,yes,3633,1260,,1,3,0,,0.2585315141030528
4890,23039385,Dolilozzz,7439,10038,3137,1830,,,1322,yes,0,0,52,yes,0.25848887623540784
4891,14945389,Xukany,4609,10879,,1886,yes,7326,1154,,2,4,0,,0.25768912062446847
4892,2223696,Tenko Shibuki,5235,10648,4535,1783,,8359,1133,,1,1,2,yes,0.25762516477938463
4893,11465138,qugut,10338,9449,2494,1860,,,1284,yes,0,0,37,yes,0.2574285853849423
4894,10844109,Peran,9748,9557,2238,1875,,3492,1266,,4,14,99,yes,0.2572131128026614
4895,2752589,Ryuti,6735,10216,,1864,yes,3490,1266,,2,7,0,,0.25717638307228413
4896,15213508,SmurfQT,4951,10751,,1882,yes,4364,1230,,4,16,0,,0.25696042723091733
4897,13383053,THchelo21,8792,9737,2763,1847,,,1303,yes,0,0,8,yes,0.25676388664995303
4898,15630367,Silvent542,7321,10065,3390,1821,,,1323,yes,0,0,6,yes,0.2567453063335057
4899,10132876,M4ch1n3,5291,10627,4152,1795,,,1360,yes,0,0,17,yes,0.2567048229737533
4900,14251395,ImAhox,5861,10451,9211,1679,,,1348,yes,0,0,1,yes,0.25664216501972104
4901,10808347,serenthepity,5650,10515,4161,1795,,,1353,yes,0,0,10,yes,0.25653706995719483
4902,2955661,Mithra Tercera,12438,9107,7118,1718,,1670,1400,,37,148,1,yes,0.25652146992259106
4903,13702202,NeonCircles,10200,9477,2362,1868,,,1286,yes,0,0,7,yes,0.2564091339944938
4904,12720214,Sektor050,6596,10250,,1865,yes,4943,1211,,2,2,0,,0.25629162500879865
4905,11189453,lepinja77,4570,10900,,1887,yes,6649,1168,,3,5,0,,0.2562511225927643
4906,9480633,Alexc99xd,5925,10435,,1871,yes,3546,1264,,12,34,0,,0.2560761294158105
4907,27011232,boy fantasy,8079,9891,3062,1834,,,1312,yes,0,0,4,yes,0.2559276731145027
4908,12604372,DouGGlas,6074,10397,,1870,yes,6290,1175,,1,2,0,,0.25521838580119094
4909,12067984,Zetako,5809,10464,5981,1743,,,1349,yes,0,0,2,yes,0.255168757740594
4910,6151273,Lumsk,6039,10405,,1870,yes,3930,1247,,3,8,0,,0.25513447868562994
4911,11107847,rnrekk,5055,10719,,1881,yes,6286,1175,,1,4,0,,0.25509290734398105
4912,7947034,Leksichka,18473,8354,1422,1931,,,1219,yes,0,0,19,yes,0.2550479118822092
4913,5347360,Mark Napkin,6291,10329,,1868,yes,3906,1248,,2,6,0,,0.25495603672175216
4914,14514778,Akzk,3923,11181,2040,1885,,8946,1123,,6,20,25,yes,0.25475866786382184
4915,20276205,eqs,8719,9754,2835,1843,,,1304,yes,0,0,74,,0.25468600837579
4916,18197620,My Angel Yuzu,14823,8779,1824,1899,,,1244,yes,0,0,27,,0.2546052697951042
4917,9680008,_Sira,7642,9993,4115,1797,,,1318,yes,0,0,1,yes,0.2543360801991229
4918,9936804,N i c o,4122,11085,3633,1813,,3879,1249,,9,34,15,yes,0.25423844448666083
4919,16138328,sincerity,5034,10726,7797,1705,,4630,1221,,1,2,1,yes,0.2540976280590519
4920,12054510,Koenig_Michi,7772,9962,1204,1953,,7766,1145,,3,13,8,yes,0.25390699467834377
4921,11191508,jhoop,5953,10428,,1871,yes,5279,1201,,1,3,0,,0.25359850808116835
4922,7451956,Intex,6044,10404,3790,1808,,3788,1253,,2,6,1,yes,0.2535474609283554
4923,17711382,rosemary,7094,10127,2245,1875,,4784,1216,,3,9,12,yes,0.2534702563277813
4924,15140484,HighBypass,7392,10049,3869,1805,,,1322,yes,0,0,2,yes,0.2530785063563057
4925,3951809,The Alamo,16410,8577,1514,1923,,,1232,yes,0,0,13,yes,0.2529539839963658
4926,137441,Rakyero,9435,9612,,1842,yes,2346,1338,,2,7,0,,0.25293863403883743
4927,6888206,wooz,6028,10408,,1870,yes,3442,1269,,38,143,0,,0.25281093443130875
4928,12894333,Dodick,6156,10372,3856,1805,,,1343,yes,0,0,12,yes,0.2526997111862936
4929,8868144,SiYes,8693,9760,,1847,yes,2644,1317,,7,15,0,,0.2526480020680254
4930,13939555,volkswagen,5883,10446,2281,1873,,6611,1169,,2,6,9,yes,0.25262333768088213
4931,16897976,Forklift Driver,7869,9939,3075,1833,,,1315,yes,0,0,28,yes,0.2525260865206408
4932,16240623,[Steven],5739,10488,5239,1762,,,1351,yes,0,0,3,yes,0.25249647503229633
4933,12336058,bowiepro,7358,10056,3266,1826,,,1323,yes,0,0,19,yes,0.25249107791886133
4934,12289371,mmogu,6094,10391,8586,1691,,,1344,yes,0,0,1,yes,0.25248379371549684
4935,12392236,zingini52,5498,10562,,1876,yes,8305,1134,,1,2,0,,0.2522908791273709
4936,14898728,my angel suobi,3460,11441,,1904,yes,6266,1176,,7,19,0,,0.25226965399989043
4937,11740073,846553767646068,4212,11044,,1892,yes,4555,1223,,21,77,0,,0.2519303638589145
4938,12294651,Tinymcrib,8732,9752,2844,1843,,,1303,yes,0,0,21,yes,0.2516477349625862
4939,19245562,Miinyxx,6332,10319,7573,1709,,,1340,yes,0,0,1,yes,0.25161235809224025
4940,4805243,Shye,7325,10064,3289,1825,,,1323,yes,0,0,17,yes,0.25160179797864646
4941,9074446,shiuw,6154,10373,,1869,yes,4489,1225,,1,4,0,,0.25152738640746913
4942,8158518,Illegal,3136,11627,6317,1735,,,1419,yes,0,0,13,yes,0.2514756666550328
4943,17150061,Smoggy,6247,10345,3801,1807,,,1341,yes,0,0,13,yes,0.2512391792452927
4944,16391241,RyzenPP,6991,10150,3609,1814,,,1329,yes,0,0,7,yes,0.25117683466734414
4945,14705260,Rap1d-Senpai,7213,10094,,1859,yes,5376,1198,,1,1,0,,0.2511540246526474
4946,5554619,arrhenia,5222,10655,2366,1868,,5527,1194,,3,10,4,yes,0.2510127029867233
4947,11924228,HODYU,5215,10656,2809,1845,,7696,1146,,2,3,4,yes,0.2507288436718301
4948,8296269,fixedbyglue,6487,10277,,1866,yes,3392,1272,,7,23,0,,0.2506819231468906
4949,14614020,Aox,8205,9862,,1851,yes,2824,1305,,1,5,0,,0.2506045735944094
4950,8563062,Eaves,5781,10474,6170,1739,,,1350,yes,0,0,2,yes,0.25019982215429903
4951,26908506,Vaicai,7039,10140,3327,1823,,,1328,yes,0,0,52,yes,0.2498417869119935
4952,11026046,MickeyPL,4949,10751,5769,1748,,,1368,yes,0,0,4,yes,0.24942896812713183
4953,11386570,Flamburior,7496,10025,,1857,yes,3016,1293,,7,34,0,,0.2494230020536297
4954,14714486,shorion,7934,9923,3076,1833,,,1314,yes,0,0,26,yes,0.24941246014852453
4955,13650761,dubugon,5290,10627,4704,1777,,4859,1213,,1,2,2,yes,0.24931527164092135
4956,8975687,ThievingFlea,7412,10044,,1858,yes,3104,1288,,4,13,0,,0.24907302543140925
4957,12984931,Wittepoes,5595,10531,1433,1930,,7868,1143,,12,40,11,yes,0.2488464396344485
4958,11199892,Evamare,9712,9564,2328,1870,,,1291,yes,0,0,3,yes,0.24874485254381695
4959,2522758,maikuroPoni,9454,9608,,1842,yes,2299,1340,,2,5,0,,0.24864787642079783
4960,345516,Yentis,5205,10660,7646,1707,,1363,1442,,3,17,17,yes,0.24849510138253572
4961,14162590,hetamaaj,4844,10785,2470,1862,,6004,1182,,4,11,7,yes,0.2484414104491836
4962,6731135,llunaco,8113,9882,,1852,yes,2957,1298,,1,3,0,,0.24842821511871532
4963,34867437,paundze,8162,9873,3107,1832,,,1311,yes,0,0,3,yes,0.24817011425465596
4964,12848188,jeebo,7611,10000,4314,1790,,,1319,yes,0,0,1,yes,0.2481048545452099
4965,17348937,Voisync,3922,11182,8945,1684,,,1394,yes,0,0,3,yes,0.24792966161282748
4966,9406171,Apteka,6042,10405,2365,1868,,4031,1243,,21,61,4,yes,0.24788291264903958
4967,3525018,DT-sama,9907,9530,,1839,yes,2320,1339,,3,12,0,,0.24768589450542677
4968,14520177,Big_Boi_,14591,8809,1845,1898,,,1245,yes,0,0,21,yes,0.24762654206646356
4969,18488132,vonneti,9239,9648,3488,1818,,2429,1331,,44,127,2,yes,0.24730816508020886
4970,4873409,Sqweeblord,4641,10865,4473,1784,,2782,1307,,5,16,22,,0.24726428455146132
4971,11638527,Dagoth Ur,3475,11430,,1904,yes,5849,1185,,8,31,0,,0.24718655457465347
4972,5907911,Ichinose Rika,6481,10279,4257,1792,,,1337,yes,0,0,4,yes,0.2467890772127371
4973,18702714,Flylux,6721,10219,,1864,yes,7998,1140,,1,1,0,,0.2466643183299238
4974,29954613,kinimay,6760,10211,,1864,yes,7819,1144,,1,1,0,,0.2466440374477827
4975,2260613,Syga,6471,10281,,1866,yes,5460,1196,,1,2,0,,0.24662325028049517
4976,12919410,Zerint,6705,10224,,1864,yes,8114,1138,,1,1,0,,0.24642848354891184
4977,8447637,Picon,5637,10518,,1874,yes,3739,1255,,8,40,0,,0.24640508203445763
4978,13661543,Sunrize-,5434,10583,1867,1897,,6835,1164,,2,6,2,yes,0.2464030586146462
4979,9112872,vpertys,15639,8674,1840,1898,,,1238,yes,0,0,56,yes,0.24637692678236017
4980,5538115,[KOR]Rem,7489,10026,,1857,yes,3027,1292,,12,43,0,,0.24604314473936384
4981,11231432,Juros,1126,13610,6992,1720,,5050,1208,,5,15,24,yes,0.24571149893842525
4982,14364703,samuuurott,3545,11388,4353,1788,,5853,1185,,2,3,14,yes,0.24565890916914446
4983,12708052,Blonk_,12775,9055,2237,1875,,,1260,yes,0,0,142,,0.24559963121385536
4984,7947626,SgtCataclyst,5555,10543,3100,1832,,3643,1259,,15,33,22,yes,0.24523894569879556
4985,7776967,relrel,2808,11840,1491,1925,,9667,1110,,10,31,2,yes,0.24517105943635165
4986,10876026,Seam,7198,10098,3476,1818,,,1325,yes,0,0,9,yes,0.24505216599201768
4987,5069873,Vampirina,8727,9752,2687,1850,,3337,1275,,1,3,41,yes,0.24491397373231966
4988,14833619,TzArtifactz,7899,9933,,1854,yes,2922,1300,,20,61,0,,0.24481589526856048
4989,33511891,Columbinaa,4922,10760,4515,1783,,,1368,yes,0,0,15,yes,0.2447113460923036
4990,31854829,Flick_Head_,6933,10164,,1862,yes,4583,1222,,1,2,0,,0.24450850612897918
4991,31313849,Zenn,7368,10055,3416,1820,,,1323,yes,0,0,8,yes,0.2443571752869198
4992,11437454,Sapo,5356,10607,,1877,yes,9256,1117,,2,2,0,,0.2442249957600711
4993,12346522,Oreonator,6402,10300,,1867,yes,5706,1189,,1,2,0,,0.24416402323339742
4994,12731071,vianca,3692,11311,6580,1729,,,1401,yes,0,0,7,yes,0.24391800713872963
4995,7915564,Hanzogak,6814,10197,,1863,yes,3745,1254,,1,5,0,,0.24382284277677777
4996,2840499,elii,7802,9955,,1854,yes,2969,1297,,19,62,0,,0.24368449710596501
4997,14897115,innatedream,6444,10291,3992,1801,,,1338,yes,0,0,7,yes,0.24338574080238612
4998,27679241,hxunted,6528,10267,,1866,yes,5432,1196,,1,2,0,,0.2432743506525003
4999,14311083,DesuX,5992,10416,9330,1677,,,1346,yes,0,0,1,yes,0.24314256461680342
5000,10815893,orca,12326,9126,706,2016,,7894,1142,,36,135,15,yes,0.24302186053027838
5001,15160962,- HateP -,7299,10071,5071,1767,,,1324,yes,0,0,1,yes,0.2429711198396109
5002,12847081,kannachi,8494,9803,2008,1887,,6661,1167,,2,5,50,yes,0.24279377121631612
5003,2779077,Jayson Tatum,9034,9686,2767,1847,,,1300,yes,0,0,7,yes,0.24266888158551475
5004,29956435,booby3d,4123,11084,,1893,yes,6601,1169,,2,8,0,,0.2425550760342673
5005,8538212,FlyingSzczupak,4960,10749,5290,1761,,3900,1248,,1,5,2,yes,0.24253653714814383
5006,5707541,mixmg,6302,10326,2184,1878,,8086,1139,,2,5,16,yes,0.24250836391920383
5007,11678104,DxIsu7,6328,10320,5400,1758,,,1340,yes,0,0,2,yes,0.24250050294524084
5008,11582986,Kyube,2752,11876,,1918,yes,8092,1139,,6,19,0,,0.24220250259745596
5009,19534859,tomada99,6243,10346,8421,1694,,,1341,yes,0,0,1,yes,0.24189113725947659
5010,4750140,Telta,10283,9461,2566,1856,,,1285,yes,0,0,30,yes,0.2418353760422972
5011,14293652,AThree,13412,8962,,1817,yes,1931,1375,,26,94,0,,0.2417775889356262
5012,10504155,OG Merami,5314,10621,2734,1848,,5872,1185,,2,6,10,yes,0.24154026127187805
5013,14019835,UnLuke,7887,9936,,1854,yes,3053,1291,,2,6,0,,0.24153388426926756
5014,4746949,Dasvidaniya,4543,10909,,1887,yes,6511,1171,,3,6,0,,0.24148789411120275
5015,10527954,whisper,6588,10251,,1865,yes,3511,1266,,3,14,0,,0.2412107701631203
5016,11256729,Bjorrkin,4415,10953,8367,1695,,6706,1167,,1,2,1,yes,0.2411683893051667
5017,7824679,Aksel,8273,9849,3030,1835,,,1310,yes,0,0,50,yes,0.24087506016396038
5018,24170797,ps1 hagrid,6756,10212,3745,1809,,,1332,yes,0,0,9,yes,0.2408700558421852
5019,12964890,-Lunix,8846,9728,2890,1841,,,1302,yes,0,0,52,yes,0.24074669529634002
5020,3343488,-Levi-,6119,10384,,1870,yes,3531,1265,,23,69,0,,0.24044099234656638
5021,32340649,Bruno231,7093,10128,3784,1808,,,1327,yes,0,0,5,yes,0.2400934807381675
5022,3574127,Doginator,8277,9848,,1851,yes,2942,1299,,1,3,0,,0.24000838141136172
5023,11925217,beiba,5667,10508,3162,1830,,4030,1243,,4,11,3,yes,0.2398514043521921
5024,4152967,Rekaru,4550,10904,5690,1750,,,1377,yes,0,0,6,yes,0.23974287935653843
5025,21426134,PowR_,4394,10962,7837,1704,,,1381,yes,0,0,3,yes,0.23956438751361026
5026,22104304,O g g y,6076,10396,,1870,yes,6900,1163,,1,2,0,,0.2395188050199934
5027,10356181,Slexer,5995,10416,6040,1742,,,1346,yes,0,0,2,yes,0.23933485756101036
5028,1695989,Aerolustly,8239,9857,,1851,yes,2930,1299,,3,5,0,,0.23898731226682918
5029,11097925,vikikle,4924,10760,4376,1787,,,1368,yes,0,0,25,yes,0.2387911787262479
5030,3611422,Moshu,5565,10539,,1875,yes,3972,1245,,7,23,0,,0.23864327346668038
5031,12671619,Namtsuu,4654,10860,4860,1772,,,1375,yes,0,0,12,yes,0.23845196753593853
5032,12710265,VictorSkull,10527,9416,2561,1856,,,1282,yes,0,0,67,yes,0.2384334740315872
5033,4422457,Duskyui,7366,10055,,1858,yes,3494,1266,,1,4,0,,0.23831867215241745
5034,19863084,Slowp0ke,6617,10245,3778,1808,,,1335,yes,0,0,11,yes,0.23829482746357575
5035,14182936,CrystalNugget,8132,9879,,1852,yes,2921,1300,,5,15,0,,0.23826969214492183
5036,947742,parlophone,3641,11336,,1901,yes,5667,1190,,12,35,0,,0.23764048577790808
5037,7488089,Eminem,5805,10466,,1872,yes,4023,1243,,6,13,0,,0.23757216190181552
5038,22549481,snydye,4861,10780,6885,1723,,,1370,yes,0,0,3,yes,0.2374923668119909
5039,9469362,P3RS3X,7660,9989,,1856,yes,3175,1284,,2,7,0,,0.23740570359289345
5040,12788217,Mechanical_X,5991,10416,4312,1790,,4829,1214,,1,1,3,yes,0.23714437419753187
5041,24490870,Valcsh,8807,9734,2894,1841,,,1302,yes,0,0,9,yes,0.23691629174960635
5042,15578115,rassl,8283,9846,1438,1929,,7694,1146,,8,32,67,yes,0.23638325428657714
5043,6795168,kyniia,7101,10123,966,1981,,6206,1177,,35,109,4,yes,0.2362360856579142
5044,6147964,Dragon20942,9123,9669,,1844,yes,2655,1316,,29,99,0,,0.23621232348302246
5045,9915240,Headdesking1,7118,10119,,1860,yes,3966,1245,,1,3,0,,0.2361612434851078
5046,5394601,- Best,2773,11863,9315,1677,,3756,1254,,1,1,5,yes,0.23610911179873698
5047,8009988,Sunao Shiroko,4881,10774,6888,1723,,,1369,yes,0,0,3,yes,0.23594176095875394
5048,21966377,thanksook,8632,9776,2943,1839,,,1305,yes,0,0,2,yes,0.23583069233373635
5049,11563191,Haniche,3416,11464,3871,1805,,7474,1150,,3,8,2,yes,0.23580466499438935
5050,3340086,MarGenDo,9286,9638,1921,1893,,4411,1228,,3,7,9,yes,0.23578679173626851
5051,11398814,FiXww,9478,9605,2715,1849,,,1294,yes,0,0,11,yes,0.23552434280600615
5052,6875638,Merakis,8446,9813,3040,1835,,,1307,yes,0,0,10,yes,0.2352479963911454
5053,13175328,Bertilly,1590,12968,7728,1706,,6752,1165,,4,10,5,yes,0.2352389013065155
5054,11976076,td0,6099,10389,,1870,yes,3944,1246,,5,11,0,,0.23510278501012818
5055,4710482,EndingNote,4493,10926,,1888,yes,4718,1218,,10,33,0,,0.23490159698277163
5056,9093634,Eskalade,3544,11388,6894,1723,,8272,1135,,1,4,1,yes,0.23471589300313356
5057,3619583,Blendra,2745,11882,,1918,yes,7315,1154,,17,40,0,,0.2346332439700417
5058,10502278,Calenn,5609,10526,5698,1750,,,1353,yes,0,0,3,yes,0.23442772823428037
5059,16640072,Lysitea,2276,12236,,1929,yes,8170,1137,,19,60,0,,0.23437108958573305
5060,7536633,MyAngelAnton,5858,10452,2654,1852,,6711,1166,,2,4,10,yes,0.2343382906322169
5061,2069595,Zerg,8187,9866,,1851,yes,3379,1272,,1,1,0,,0.2342414060989492
5062,14071070,[Reflection],9775,9553,2534,1858,,,1291,yes,0,0,5,yes,0.23423581625533502
5063,13282358,edgar06ka,16682,8548,1261,1947,,,1230,yes,0,0,6,yes,0.23423176225025089
5064,3527075,JJSNET,7464,10032,,1857,yes,5247,1202,,1,1,0,,0.2341244734183946
5065,17680067,Okruszek7274,8178,9868,3624,1814,,,1311,yes,0,0,1,yes,0.23401482892800574
5066,34912079,057bodyaga,6313,10325,8479,1693,,,1340,yes,0,0,1,yes,0.23389788477680296
5067,9125328,Zeezus,4646,10863,,1886,yes,4404,1229,,23,76,0,,0.23378991064470755
5068,6075822,ELNabhan,8077,9892,,1852,yes,3612,1261,,1,1,0,,0.23364285480534105
5069,35752703,OONGOANG,5229,10651,4764,1775,,,1361,yes,0,0,8,yes,0.23353313886570923
5070,2070822,W3SON,10204,9476,6094,1741,,1939,1374,,2,12,1,yes,0.2328308818626908
5071,9049614,_Neko_,5814,10462,4975,1769,,,1349,yes,0,0,4,yes,0.23274700533542247
5072,14496943,Shircals,5084,10708,,1881,yes,6107,1180,,2,5,0,,0.23253243134504611
5073,7856299,nebuduplakat,7949,9920,,1853,yes,3227,1280,,1,3,0,,0.23251931890375407
5074,7749484,Ritokoi,10930,9345,,1832,yes,2210,1347,,6,19,0,,0.23224869079113897
5075,7982003,t0nik,11740,9212,,1827,yes,2057,1362,,2,16,0,,0.23224487641362615
5076,18927573,vanikou,9254,9645,2820,1844,,,1297,yes,0,0,21,yes,0.2322387036223118
5077,18356886,555gostosinho,6387,10307,8306,1696,,,1339,yes,0,0,1,yes,0.23191911381374683
5078,17013085,redgames,6217,10355,9004,1683,,,1342,yes,0,0,1,yes,0.23107444187299217
5079,11557520,CookieGodz,6589,10251,4024,1800,,,1335,yes,0,0,7,yes,0.2308453088377287
5080,15761373,twaiszy,6110,10386,6038,1742,,,1344,yes,0,0,2,yes,0.23082922609839435
5081,14340694,Cowbird,8125,9880,3789,1808,,,1312,yes,0,0,1,yes,0.23051741597845352
5082,17713389,Hobeeyz,9432,9613,2635,1853,,,1295,yes,0,0,4,yes,0.23047098678457428
5083,6390281,Hane,7076,10133,,1861,yes,3483,1267,,4,9,0,,0.2302022609905148
5084,3946607,Zigzagoon,10733,9383,4775,1775,,2006,1367,,18,56,2,yes,0.23008401419264973
5085,22213961,AnteG1201,9654,9574,2730,1848,,,1292,yes,0,0,17,yes,0.22998890805423625
5086,1489743,kafaN,10325,9452,,1836,yes,2218,1346,,3,7,0,,0.22969677644864353
5087,8938287,Azzira,8240,9857,2876,1842,,4173,1237,,1,1,7,yes,0.229651595049245
5088,6472042,DeltaZero,32887,7258,1817,1900,,1231,1464,,39,166,6,yes,0.22959579087385218
5089,5011379,iPhone XVII,8301,9843,2593,1855,,4877,1213,,1,2,13,yes,0.22954987487705797
5090,19606212,[darkness],15884,8641,1894,1894,,2875,1303,,13,45,224,,0.22942655051577832
5091,36839964,K4I1228,3276,11547,5924,1744,,,1414,yes,0,0,21,yes,0.2292414716161384
5092,14801826,NinoMyAngel,7411,10044,3511,1817,,,1322,yes,0,0,9,yes,0.22921144856273176
5093,17357380,ptl,13325,8975,1813,1900,,3323,1275,,1,3,12,yes,0.22905392835313493
5094,16865045,zKrytiqs,9321,9630,2799,1845,,,1296,yes,0,0,13,yes,0.22898885860986648
5095,2526649,- Rosemary -,10732,9383,,1833,yes,1986,1370,,1,4,0,,0.22868842508118428
5096,12227804,awozy,5214,10656,8163,1699,,7194,1156,,1,1,1,yes,0.22839345500811137
5097,6552632,_lesu,5871,10449,,1872,yes,4497,1225,,1,7,0,,0.22810840363386053
5098,5145352,tuuli,6463,10283,8164,1699,,,1337,yes,0,0,1,yes,0.22795199412107056
5099,7592805,ManhattanCafe,11766,9208,2124,1881,,,1270,yes,0,0,7,yes,0.22792383503993693
5100,19389342,Atsorko,7048,10138,3697,1811,,,1328,yes,0,0,10,yes,0.22762862901034797
5101,8350843,ThangGaming,8569,9788,3061,1834,,,1306,yes,0,0,5,yes,0.22758766907773512
5102,6259042,Starmuri,7746,9968,,1855,yes,4647,1220,,1,1,0,,0.22751184641318273
5103,12757585,jiyeck,8324,9840,,1850,yes,3329,1275,,1,1,0,,0.2272994561289677
5104,12232109,Black Jesus,5123,10693,5897,1745,,,1364,yes,0,0,4,yes,0.2270259944780831
5105,15925142,Vaeri_,5895,10442,,1872,yes,7951,1141,,1,2,0,,0.22690764907508182
5106,12045020,_Salt,3975,11160,5035,1767,,,1392,yes,0,0,32,yes,0.22676954746380446
5107,20738918,Buffyy,9991,9517,2625,1853,,,1288,yes,0,0,10,yes,0.2267653866349955
5108,1376983,Kaplan,7028,10142,,1861,yes,3281,1277,,29,84,0,,0.22676052554040177
5109,18729392,Mattri,6173,10368,9389,1676,,,1343,yes,0,0,1,yes,0.22668918742217545
5110,10971401,Sus__,9140,9665,2784,1846,,,1298,yes,0,0,4,yes,0.22644046643568533
5111,20094192,Difender,6207,10358,3220,1828,,5171,1204,,1,3,2,yes,0.22630263694252997
5112,21586994,Heavymetal4life,11012,9335,1447,1928,,4514,1224,,69,251,16,yes,0.22589177353689643
5113,10846104,mirfs,3426,11457,,1905,yes,6088,1180,,13,43,0,,0.22582441853117127
5114,14144505,Arm,3060,11672,5664,1751,,6097,1180,,9,23,1,yes,0.22577996066705455
5115,17877742,YesntMesnt,5506,10560,5432,1757,,,1356,yes,0,0,4,yes,0.2256914866992207
5116,13763759,weekheal,5968,10423,,1871,yes,5970,1183,,1,3,0,,0.22554970208027936
5117,4881593,Regi,6237,10349,1493,1924,,9269,1117,,12,35,40,yes,0.22529209713506615
5118,2045671,NvX,11289,9287,,1829,yes,2079,1360,,2,9,0,,0.2250352478925609
5119,19113014,Lync007,5258,10639,4348,1788,,,1361,yes,0,0,21,yes,0.22479973512075285
5120,8515830,Potaflo,28155,7543,402,2074,,7412,1152,,7,25,23,yes,0.2246171336536032
5121,10931846,weed machine,6096,10390,6211,1738,,,1344,yes,0,0,2,yes,0.224476144084355
5122,16340790,megalodoon,6168,10368,9510,1674,,,1343,yes,0,0,1,yes,0.22439068635158735
5123,15928429,JOHN FEMBOY,18029,8400,1658,1910,,,1221,yes,0,0,43,yes,0.2243030229595486
5124,15667154,-molly,10827,9365,1684,1909,,3134,1286,,4,15,3,yes,0.224260372828913
5125,16346145,Skyworld,5259,10638,,1878,yes,6588,1169,,2,4,0,,0.22424842283962365
5126,4573558,ericplaysosu,9785,9552,2348,1869,,,1291,yes,0,0,2,yes,0.22408197362708668
5127,11701669,sejkacek72,5581,10535,4694,1777,,,1354,yes,0,0,7,yes,0.22405598894658438
5128,6764156,Ayase Eli,7453,10035,,1857,yes,5765,1188,,1,1,0,,0.22404384933629928
5129,6904371,Nicksomething,5586,10533,,1875,yes,4193,1237,,9,19,0,,0.2231225462034937
5130,9014487,spector15155,7762,9964,4644,1779,,,1317,yes,0,0,1,yes,0.22290549139009158
5131,16318993,[LAMY],3002,11711,,1913,yes,6893,1163,,15,46,0,,0.22282411012107128
5132,17687091,caqopuTT,9482,9604,2830,1844,,2706,1312,,18,55,2,yes,0.22277277326316228
5133,7994487,ylitkas,7570,10010,3115,1831,,4387,1229,,1,1,24,yes,0.22251109156244347
5134,1118341,Jonimay,11798,9204,,1826,yes,1932,1375,,2,7,0,,0.22224563399648437
5135,13264148,Magma,9175,9660,1795,1901,,4745,1217,,44,141,36,yes,0.22169241653289998
5136,7119107,CentipedeGR,5927,10434,,1871,yes,6157,1178,,2,3,0,,0.2216022193169146
5137,7795194,Crul-,3280,11545,7333,1713,,,1414,yes,0,0,8,yes,0.22147113647752714
5138,11285100,salat23,6083,10395,3095,1833,,4141,1239,,2,10,2,yes,0.22139506284375376
5139,8429128,-Karu,826,14201,8713,1688,,6240,1176,,8,18,12,yes,0.2211367996267609
5140,13207607,Sabxander,14440,8831,1600,1916,,,1247,yes,0,0,6,yes,0.22095237499909676
5141,1199528,[BH]Lithium,5223,10655,3965,1802,,3545,1264,,8,41,5,yes,0.22074569628230026
5142,12745191,Avisar,9152,9663,2908,1840,,,1298,yes,0,0,19,yes,0.22043821113194811
5143,11598332,gwyn,3941,11173,6743,1726,,7329,1154,,1,4,1,yes,0.22019766897206175
5144,1040250,[ Erina ],10251,9467,3299,1825,,2313,1340,,8,23,6,yes,0.2201529719186
5145,7902390,avon,3106,11644,6103,1740,,,1420,yes,0,0,25,yes,0.220131555044478
5146,10969631,Instagator,7398,10048,4054,1799,,,1322,yes,0,0,3,yes,0.21979032278216956
5147,16121913,Zenoc,10917,9347,2421,1864,,,1278,yes,0,0,9,yes,0.21970662838667326
5148,12377150,Ameshima,11876,9194,2432,1863,,,1269,yes,0,0,61,yes,0.21936605144401133
5149,5218320,Raby,8512,9800,,1849,yes,2916,1300,,27,75,0,,0.21936388729588194
5150,1426098,Pansparce,12316,9127,,1823,yes,1782,1389,,1,6,0,,0.21918722323479026
5151,15929865,bottomhottom,3542,11388,9325,1677,,5236,1202,,1,3,2,yes,0.21918603654402175
5152,14491327,Norwexy,5292,10626,6583,1729,,1587,1410,,1,2,6,yes,0.21907131776771638
5153,18866511,Simabuco,22082,8012,3499,1817,,1209,1469,,33,153,21,yes,0.21903836760134227
5154,16369587,Siwarha,8731,9752,3065,1834,,,1303,yes,0,0,2,yes,0.21898838076188526
5155,1499997,9ami,4422,10952,4177,1794,,4094,1240,,2,5,18,,0.2183481235247404
5156,9332745,J4cX,3170,11607,2741,1848,,8268,1135,,5,17,3,yes,0.2183327177216015
5157,16829517,Mikumin,6391,10303,8848,1686,,,1339,yes,0,0,1,yes,0.21826538675811577
5158,10288182,christroller360,5900,10442,4247,1792,,,1348,yes,0,0,13,yes,0.21792475130282962
5159,7335222,recow,5670,10507,6254,1737,,3878,1249,,1,1,2,yes,0.21747281201319246
5160,11215996,SvenJing,6922,10167,,1862,yes,3655,1259,,2,10,0,,0.21715615785775794
5161,2570828,jms8720,15814,8650,,1804,yes,1676,1400,,9,33,0,,0.21705627377038458
5162,11767391,Lukez,4802,10806,9564,1673,,,1371,yes,0,0,2,yes,0.2169800197336807
5163,18751028,mcvf,6569,10256,8258,1697,,,1336,yes,0,0,1,yes,0.21689696388913232
5164,11709857,Forgo,11738,9212,2433,1863,,,1270,yes,0,0,34,yes,0.21665149320047192
5165,2032353,Sutherland,5178,10669,,1879,yes,7021,1160,,1,4,0,,0.21649423531060094
5166,4050895,Paracelsus,11571,9241,2435,1863,,,1272,yes,0,0,23,yes,0.21640944093109354
5167,4784737,Divity,11536,9246,2206,1877,,,1272,yes,0,0,6,yes,0.21636622938598632
5168,14073932,TUYU,2513,12045,3709,1811,,9340,1116,,6,12,4,yes,0.21623750655288798
5169,11382744,turf,8909,9712,3003,1836,,,1301,yes,0,0,20,yes,0.21614970468084055
5170,14954732,wxyz,6446,10290,4977,1769,,,1338,yes,0,0,3,yes,0.21574903802466966
5171,13805181,henq,9021,9689,2955,1838,,,1300,yes,0,0,8,yes,0.21541296999331944
5172,15675302,Tenkotataii,2755,11874,5357,1759,,9272,1117,,2,3,7,yes,0.21522994635511203
5173,6708955,milk tea,4371,10969,5582,1753,,3875,1249,,7,34,2,yes,0.2152182543203977
5174,36446203,Faizze,4611,10879,5530,1754,,,1376,yes,0,0,8,yes,0.21495525119124956
5175,18862120,DZHEYLO,8447,9813,3178,1829,,,1307,yes,0,0,10,yes,0.214599172037925
5176,10630191,AwesomeBrewski,2503,12050,6997,1720,,4881,1213,,2,3,9,yes,0.21457716871017776
5177,12714485,Akashantara,6214,10356,,1869,yes,4389,1229,,4,7,0,,0.21456303099135454
5178,10860818,e m a n,4719,10836,7678,1707,,,1373,yes,0,0,3,yes,0.21450398989419564
5179,15387556,Mike Hawk,3719,11293,,1900,yes,6237,1176,,10,23,0,,0.21447555051206246
5180,9625245,Nesnen,6413,10298,,1867,yes,3624,1260,,19,56,0,,0.21447050002141121
5181,4589183,AndreDubs,13889,8901,1628,1914,,,1251,yes,0,0,5,yes,0.21433681281504602
5182,18994682,aoweq,2844,11811,6098,1740,,,1430,yes,0,0,53,yes,0.2142717699699232
5183,14696361,Nordwjick,7005,10147,2818,1844,,4266,1234,,2,8,36,yes,0.21405890131602515
5184,13411698,bweedon,4546,10907,2131,1881,,5873,1185,,9,29,2,yes,0.21400163166930972
5185,3184860,Rabb,6172,10368,4252,1792,,,1343,yes,0,0,10,yes,0.21389147893322985
5186,11330344,k0alcj,3347,11511,4521,1783,,6015,1182,,4,7,7,yes,0.21388052241502903
5187,21344699,Pogoclick,3857,11216,4567,1781,,4134,1239,,1,4,28,yes,0.21372379607272135
5188,10277415,Tonusniy Nagib,4227,11035,8896,1685,,,1385,yes,0,0,3,yes,0.21354329256075028
5189,20087330,Fragocir,8620,9777,3257,1827,,,1305,yes,0,0,2,yes,0.2133210138013165
5190,11336426,Lunathiicc,6846,10187,3991,1801,,,1331,yes,0,0,8,yes,0.21317821036378898
5191,11048553,_nishi,8813,9733,3046,1834,,,1302,yes,0,0,69,,0.2130991149476954
5192,6560308,6e3eH4yK,16740,8542,,1799,yes,1712,1396,,54,219,0,,0.21304904641891897
5193,3088364,Jairod,8783,9740,1276,1944,,9032,1121,,7,21,27,yes,0.21301841163667584
5194,3216107,Civil oath,38094,6984,5122,1765,,740,1596,,54,243,5,yes,0.21295304270174265
5195,7889571,New Jersey,11802,9203,1970,1890,,,1269,yes,0,0,4,yes,0.21292461952701006
5196,8128469,Mayla,7598,10003,,1856,yes,4229,1235,,1,2,0,,0.2128590258018617
5197,10532426,MagnarWiecki,7211,10095,2270,1874,,4567,1223,,3,8,3,yes,0.21272277131738915
5198,12078117,FaltoS,5368,10605,,1877,yes,5595,1192,,1,6,0,,0.2127066070913845
5199,12286567,Villee,7410,10044,,1858,yes,4013,1244,,1,3,0,,0.21259057664322617
5200,22769804,Kitslano,6270,10335,9567,1673,,,1341,yes,0,0,1,yes,0.21250761284731798
5201,16799706,idiota,7666,9987,,1856,yes,5559,1193,,1,1,0,,0.21249879917490896
5202,12789408,Tadol,6594,10250,8364,1695,,,1335,yes,0,0,1,yes,0.2124231931264843
5203,12404210,Kekai,7849,9943,1568,1918,,7983,1141,,11,26,52,yes,0.212361065747759
5204,2171652,iok144,13014,9023,,1819,yes,1740,1393,,2,7,0,,0.21221576246385335
5205,17175586,Lollipo0p443,3599,11357,,1902,yes,7235,1155,,4,14,0,,0.21215201616532248
5206,16050547,Jupun__,10285,9461,2746,1847,,,1285,yes,0,0,111,,0.2121001413316954
5207,14420220,Iucany,12894,9039,,1820,yes,2122,1356,,54,186,0,,0.21196355446365647
5208,11636611,Icecream,4600,10882,3899,1804,,4355,1230,,9,27,3,yes,0.2118221780870265
5209,29775871,DenZCool,10784,9374,2195,1878,,,1280,yes,0,0,3,yes,0.21168730730456534
5210,11693401,ImReallyMonika,4100,11093,3513,1817,,6108,1180,,5,8,8,yes,0.2114708498754842
5211,7981819,BattleLoli,11441,9262,,1829,yes,2091,1359,,4,8,0,,0.21141135218261115
5212,14849808,catmoc,6894,10175,,1862,yes,9470,1113,,1,1,0,,0.21138843056938256
5213,10398451,Tina,7053,10137,,1861,yes,3986,1245,,1,5,0,,0.2113835239071988
5214,8133117,Oliver Aiku,5652,10514,,1874,yes,4145,1239,,8,29,0,,0.21137235559482967
5215,6232896,Aloendi,5176,10670,6834,1724,,,1363,yes,0,0,3,yes,0.21124553693861556
5216,9453854,makoto,7159,10107,,1860,yes,7954,1141,,1,1,0,,0.21109052969313377
5217,10275038,PayneTrain,9104,9673,2005,1888,,3373,1273,,24,83,3,yes,0.21102453284971162
5218,6545407,spaceman,4831,10790,3890,1804,,3718,1256,,6,27,12,,0.21088014884828937
5219,2882221,Dinh,6759,10211,4735,1776,,,1332,yes,0,0,3,yes,0.21083583008535656
5220,12811905,mukii,2067,12439,6358,1734,,4416,1228,,3,10,18,yes,0.21066703272911919
5221,12030070,ngonk,5187,10665,,1879,yes,5618,1192,,4,7,0,,0.210461318068409
5222,7586334,StreamKey,9510,9598,,1841,yes,2709,1312,,38,134,0,,0.2104126074752616
5223,19198695,mazarin,6046,10404,,1870,yes,8191,1137,,1,2,0,,0.21034017305647978
5224,11844203,Boombox,12683,9068,3124,1831,,2098,1358,,21,74,10,yes,0.2102638944719005
5225,17706086,reshamen,3901,11194,,1897,yes,5291,1201,,52,163,0,,0.2102149657781042
5226,18744938,Drauzy,15140,8741,808,2003,,6531,1171,,10,31,12,yes,0.20982012391525545
5227,15413621,pregnant,7065,10135,2940,1839,,3542,1264,,15,29,4,yes,0.2097448346161162
5228,14110760,Farbel_Fabio,2655,11955,,1920,yes,8687,1127,,10,24,0,,0.20954776537099046
5229,8257675,Vararaup,3764,11268,3356,1822,,5389,1198,,8,31,14,yes,0.20911997416520334
5230,14239645,doom2wrld7,4406,10957,3016,1836,,8481,1131,,2,5,4,yes,0.20895272281780666
5231,3677251,Zygody,12191,9147,,1824,yes,2221,1346,,47,199,0,,0.2088479923029203
5232,18694364,katharsisz,6887,10178,5242,1762,,,1330,yes,0,0,2,yes,0.20884600270270004
5233,5840679,Nashiro-,8076,9892,,1852,yes,4400,1229,,1,1,0,,0.20862463601696302
5234,7736410,Triojo,9004,9692,,1845,yes,2833,1304,,40,130,0,,0.20846453824840375
5235,31840773,ShAlaPaiOn,6275,10334,6209,1738,,,1341,yes,0,0,2,yes,0.208206268875676
5236,13221230,little reddit,6844,10188,3826,1806,,,1331,yes,0,0,16,yes,0.20819921937064784
5237,5401779,THANK OSU,6582,10252,8589,1691,,,1335,yes,0,0,1,yes,0.20818205550520358
5238,8149705,Stardust,6821,10194,,1863,yes,3819,1252,,2,10,0,,0.20814670870908936
5239,15636237,ryujik,4963,10748,7293,1714,,,1367,yes,0,0,3,yes,0.20813224688732113
5240,4435332,Kurogami,2648,11958,8230,1697,,1705,1397,,1,1,15,yes,0.20810122048811677
5241,8010739,Gris,8055,9897,,1852,yes,3201,1282,,3,9,0,,0.2080111830932159
5242,17488247,Feroshi,7939,9923,3352,1822,,,1314,yes,0,0,21,yes,0.20780785389186573
5243,579370,SKaiBlue,4797,10807,,1884,yes,4552,1223,,26,91,0,,0.20742465781441846
5244,12444910,Jia Xichun,11042,9328,2110,1882,,,1277,yes,0,0,3,yes,0.20741438319072897
5245,15969659,opensand,6252,10342,,1868,yes,7569,1149,,1,2,0,,0.20708771106653448
5246,12234942,GlefaSPQ,7144,10111,3630,1813,,,1326,yes,0,0,35,,0.2064878206303645
5247,20382815,shezmu,5337,10614,4863,1772,,,1359,yes,0,0,9,yes,0.20644719441630768
5248,5442251,KSN,19418,8256,,1787,yes,1525,1418,,48,220,0,,0.20627161166795788
5249,13264832,Zeus3n,9849,9540,2863,1842,,,1290,yes,0,0,59,yes,0.20617068518954423
5250,1838239,Ragnawrawk,7333,10062,,1858,yes,3648,1259,,2,7,0,,0.2057068049901182
5251,2285207,Crai,9724,9561,,1840,yes,2437,1331,,1,3,0,,0.20566971259640637
5252,6142454,TheDustOfTimes,12793,9052,2352,1868,,,1260,yes,0,0,46,yes,0.2056486243743421
5253,9110150,hah,4901,10767,4437,1785,,,1369,yes,0,0,103,,0.20529518203308575
5254,12342038,Rhabdomilowo,5874,10449,7077,1719,,,1348,yes,0,0,2,yes,0.20483625283123205
5255,13153873,TOMMASO,4694,10848,1982,1889,,8224,1136,,5,12,4,yes,0.20481669373752076
5256,4837303,cowew,3381,11487,2851,1843,,7377,1152,,8,31,10,yes,0.20476208911974184
5257,19098393,Ayykk,16056,8620,1501,1924,,,1235,yes,0,0,7,yes,0.20464555854999017
5258,17033632,Tsumikiri,3044,11685,3951,1802,,7478,1150,,2,7,29,yes,0.20455478143816339
5259,7707618,Chitogechi,8481,9805,3276,1826,,,1307,yes,0,0,8,yes,0.2044134921192251
5260,35392144,Mole2,8464,9809,3396,1821,,,1307,yes,0,0,3,yes,0.20427106553217705
5261,2225267,COOKIEZECKY,7290,10072,5401,1758,,2731,1310,,10,42,2,yes,0.2040842192120186
5262,11222462,MAKC0H,4740,10831,2552,1857,,5240,1202,,91,296,6,yes,0.20396493104851932
5263,12384559,Sk4acH,6364,10313,,1867,yes,4536,1224,,1,6,0,,0.20383832501875682
5264,3084902,Afalowna,7903,9932,,1854,yes,5138,1205,,1,1,0,,0.2036771754775421
5265,8834203,cyno,7481,10028,,1857,yes,3854,1250,,2,4,0,,0.20366496031466264
5266,11688596,RazorLily,5069,10713,7199,1716,,,1365,yes,0,0,3,yes,0.20358219026717458
5267,407769,szalu,7409,10044,,1858,yes,4731,1217,,1,2,0,,0.20351912530782212
5268,27433593,Meanane,6182,10366,,1869,yes,5009,1209,,3,5,0,,0.20349901089069364
5269,32403397,jjaammiiee,4286,11007,3584,1815,,9307,1116,,1,3,10,yes,0.2033705492995628
5270,13441191,LZRV,7095,10127,,1861,yes,8941,1123,,1,1,0,,0.20319672576824396
5271,30518817,Voxoli,4946,10752,5226,1762,,,1368,yes,0,0,9,yes,0.20297754863782463
5272,14760080,VVi11iam,12117,9161,2404,1865,,,1266,yes,0,0,20,yes,0.20256026424136894
5273,11718072,TobseN,3039,11688,2350,1868,,9619,1111,,46,135,101,,0.2024833065181723
5274,7652852,Kenzol,10068,9500,,1838,yes,2649,1317,,25,94,0,,0.20229099262997885
5275,7977252,osulonger1337,7127,10118,,1860,yes,5371,1198,,1,2,0,,0.20187666384848457
5276,17133127,UnwaryTuba77,4459,10939,,1888,yes,4963,1210,,20,67,0,,0.2018151215719333
5277,25453131,Litmus_,10437,9430,2749,1847,,,1283,yes,0,0,42,yes,0.2017895602905761
5278,22726534,_Shark_,5104,10701,5892,1745,,2889,1302,,2,6,5,yes,0.2017249412192104
5279,10249166,namirin1,3467,11436,2794,1845,,7132,1158,,16,65,54,yes,0.20171586506757827
5280,6699829,Jona7117,6989,10150,3827,1806,,,1329,yes,0,0,15,yes,0.20169500634032966
5281,17312941,BocchiTheBrokie,5646,10516,5281,1761,,,1353,yes,0,0,5,yes,0.2015330333211483
5282,24541211,BadussyHD,3961,11165,7105,1718,,,1393,yes,0,0,6,yes,0.20117463578137879
5283,38741600,RiceBubbles,8513,9800,3524,1817,,,1306,yes,0,0,2,yes,0.20115056946433682
5284,15563012,-RemiliaScarlet,15488,8694,,1806,yes,1511,1420,,2,9,0,,0.20098903049334085
5285,6043627,cahsun,4264,11017,8854,1686,,6750,1165,,1,3,1,yes,0.20074150560454282
5286,5049250,neverlasting,7209,10096,4027,1800,,,1325,yes,0,0,6,yes,0.20073177675430684
5287,12581533,Mahiru-Shiina,5061,10717,,1881,yes,6975,1161,,2,5,0,,0.20053316328882395
5288,25198721,Cityyy,3146,11620,5817,1746,,,1419,yes,0,0,65,yes,0.2004621811078442
5289,19923362,ftqx,4567,10900,5346,1759,,,1377,yes,0,0,12,yes,0.20044976987438284
5290,12980773,FilyushaKrolina,3932,11177,2916,1840,,7172,1157,,3,13,3,yes,0.2004330982849364
5291,7819479,Kuman,4926,10758,3401,1821,,4887,1213,,5,19,1,yes,0.20042829309039759
5292,20456583,who,5904,10441,5061,1767,,,1348,yes,0,0,5,yes,0.20038405428510786
5293,13778459,Buriaku,3973,11162,5100,1765,,,1392,yes,0,0,62,,0.200252073953573
5294,11766556,Akiraie,7072,10134,,1861,yes,4702,1219,,2,3,0,,0.20015855932755242
5295,10681880,Kaffu-,6497,10275,,1866,yes,5584,1193,,1,3,0,,0.20013585838437942
5296,10097973,Sergitor,7067,10135,,1861,yes,4334,1231,,2,4,0,,0.20009948017112517
5297,9921400,bebraozo,5466,10570,,1876,yes,5689,1190,,2,6,0,,0.1999999721884767
5298,12506411,KeqingMyBeloved,12714,9064,,1821,yes,2132,1355,,12,35,0,,0.19981206427061346
5299,2779019,Desur,6441,10292,,1866,yes,3962,1246,,5,16,0,,0.19965047702635322
5300,16160448,worst player fr,23936,7848,1351,1937,,,1187,yes,0,0,46,,0.19949232198072753
5301,22241740,floofdrew,7318,10065,6431,1733,,,1323,yes,0,0,1,yes,0.199477531386661
5302,23842054,shojan,8198,9863,4399,1787,,,1311,yes,0,0,1,yes,0.19928424851590196
5303,14090122,RikoBeam,12029,9173,2395,1866,,,1267,yes,0,0,14,yes,0.19914688573113382
5304,33451441,ild,6485,10278,,1866,yes,7147,1157,,2,2,0,,0.19910266979761868
5305,11470095,pierat,5423,10587,5275,1761,,2720,1311,,2,3,7,yes,0.19908940203785047
5306,8473417,11dvaN00lya,8888,9718,,1846,yes,2946,1299,,18,78,0,,0.1990387358683548
5307,19892101,vladflex,19145,8283,1136,1961,,,1215,yes,0,0,6,yes,0.19874144534146426
5308,13963691,Drakkles,17877,8415,7959,1702,,1380,1439,,33,130,1,yes,0.19864447965347237
5309,17753122,invadey,6629,10241,8847,1686,,,1335,yes,0,0,1,yes,0.19864431924452233
5310,30209693,MahmoodPlaysYT,7275,10076,4083,1798,,,1324,yes,0,0,5,yes,0.19849103519389028
5311,8023992,reign,6860,10183,4804,1774,,,1331,yes,0,0,3,yes,0.19844335039766664
5312,11110217,HNKNTA,5232,10650,,1879,yes,6617,1168,,1,5,0,,0.19839984415077608
5313,7603448,Total Danage,6850,10186,8091,1700,,,1331,yes,0,0,1,yes,0.19813367569224122
5314,22810428,Francis113,9961,9522,2782,1846,,,1289,yes,0,0,7,yes,0.19807193963711334
5315,15651450,soap21,6408,10299,4155,1795,,,1338,yes,0,0,13,yes,0.19805782399515753
5316,23363143,SpwarkZ07,4910,10764,6159,1739,,,1368,yes,0,0,5,yes,0.19800766707125397
5317,2844779,boterham,13235,8988,1967,1890,,,1256,yes,0,0,7,yes,0.19785502623506684
5318,15625172,sareemaa,5846,10454,1963,1890,,6678,1167,,18,52,15,yes,0.19742281204335063
5319,12866078,WeirdCatt,6479,10279,9450,1675,,,1337,yes,0,0,1,yes,0.19732101161337948
5320,10891105,NiZY,3058,11672,,1912,yes,9666,1110,,4,11,0,,0.19730173029713138
5321,16601838,Grayy-,8559,9791,1492,1924,,8746,1126,,6,21,59,,0.19726417926695614
5322,8437880,PankoCoff,7495,10025,,1857,yes,4749,1217,,1,2,0,,0.1971396194015251
5323,12928847,Pamu,3432,11456,,1905,yes,9239,1117,,3,9,0,,0.19712200103026062
5324,1704801,surume yotyan,10358,9445,,1836,yes,2293,1341,,1,4,0,,0.19708552436628474
5325,13780273,FuibaFuyu,7549,10015,3573,1815,,,1320,yes,0,0,29,yes,0.19682680106942543
5326,10822220,travis_ba,9584,9584,,1841,yes,2743,1309,,7,22,0,,0.19674500750955676
5327,13768480,M1nerB0ss,9509,9599,2772,1847,,,1294,yes,0,0,2,yes,0.19674482464926826
5328,19090617,square,6638,10239,,1865,yes,5411,1197,,1,3,0,,0.19673232884390154
5329,6264206,kemdaosa,2446,12096,,1924,yes,8234,1136,,25,91,0,,0.19668551023661857
5330,21462598,ToastSan,2410,12121,9292,1677,,,1449,yes,0,0,9,yes,0.19634229850635748
5331,12566505,Yurino Ayumi,6055,10402,5284,1761,,,1345,yes,0,0,4,yes,0.19625565110141027
5332,22882868,peytopot,5326,10617,4904,1771,,,1359,yes,0,0,10,yes,0.19619194847800137
5333,13896734,whyia,9279,9638,,1843,yes,2856,1304,,28,125,0,,0.19605772181973702
5334,17036260,Exert,10032,9509,2109,1882,,7872,1143,,1,1,5,yes,0.19601593831881337
5335,10590261,kikuczio,4715,10838,9061,1682,,4942,1211,,1,4,1,yes,0.19584927889081016
5336,12146746,SixDigits,8729,9752,,1847,yes,3044,1291,,3,6,0,,0.19583818977124184
5337,385069,ruexia,9714,9563,,1840,yes,2425,1332,,1,2,0,,0.19582072642405035
5338,15341253,Freezton,5000,10736,9615,1672,,,1366,yes,0,0,2,yes,0.19573831822194315
5339,11548479,ZestyTea,4889,10772,,1883,yes,4590,1222,,34,115,0,,0.19559973271751563
5340,14257870,Chubby Lung,7200,10097,3962,1802,,,1325,yes,0,0,8,yes,0.19541696034286776
5341,12900547,Zartig,5353,10609,4657,1778,,,1359,yes,0,0,15,yes,0.1952969933394415
5342,7975452,shinxL,5831,10458,4262,1791,,,1349,yes,0,0,25,yes,0.19511602651036897
5343,32559505,Sh1d1k,5013,10733,9613,1672,,,1366,yes,0,0,2,yes,0.19507236493346491
5344,6530182,Qrestu,7906,9931,,1854,yes,5512,1194,,1,1,0,,0.19499244490029455
5345,15787738,Avias_,6503,10274,2959,1838,,6280,1176,,1,3,6,yes,0.19489622497691295
5346,6213076,kipp,5315,10620,3534,1816,,4040,1242,,3,14,45,,0.19475205953972477
5347,4475158,Matboksen,7519,10020,,1857,yes,3453,1268,,5,16,0,,0.19468880051974513
5348,33128459,pollitodeje,8833,9730,,1846,yes,3228,1280,,1,1,0,,0.19466493080398867
5349,12705051,Rashod,6944,10160,3923,1803,,,1329,yes,0,0,14,yes,0.19462127887245823
5350,16825848,Jollyms,6018,10409,,1870,yes,6790,1165,,2,3,0,,0.19455160048230213
5351,16015086,Thorlion,4965,10747,1837,1899,,6170,1178,,7,28,2,yes,0.19453831399355778
5352,12006447,MANi,7066,10135,,1861,yes,5771,1188,,1,2,0,,0.19445854491925418
5353,17710610,ubah,7166,10104,3078,1833,,5661,1190,,1,2,21,,0.1943861670111947
5354,13827317,Shiratori-P,8546,9793,3263,1826,,,1306,yes,0,0,27,yes,0.1942585365532684
5355,24157483,Tatko,7064,10135,7522,1710,,,1327,yes,0,0,1,yes,0.1939739219519343
5356,13766265,Exen,6641,10238,5903,1745,,,1334,yes,0,0,2,yes,0.19381088529046292
5357,17380810,guigounes,9835,9543,3080,1833,,2729,1310,,3,19,18,yes,0.19368644151680187
5358,21029428,konina enjoyer,10461,9428,2755,1847,,,1283,yes,0,0,18,yes,0.19360728826236617
5359,5323280,Seoulsim,6694,10226,,1864,yes,3941,1246,,5,13,0,,0.19354082792166405
5360,6889400,Checkmate,2994,11716,5637,1751,,6294,1175,,1,2,17,yes,0.19335631749399948
5361,4169322,Rapunzel,8153,9874,4645,1779,,,1311,yes,0,0,1,yes,0.19304932217057302
5362,11694976,riolu,8344,9836,3815,1807,,,1309,yes,0,0,2,yes,0.19301251525539162
5363,14504814,Taehan-,8304,9843,,1850,yes,4375,1229,,1,1,0,,0.19292537043297983
5364,7774326,Luadih,7228,10088,2853,1843,,5037,1208,,2,4,9,yes,0.19289421972367793
5365,12782279,StellaBun,3522,11400,8835,1686,,,1406,yes,0,0,5,yes,0.19254040875156636
5366,16539775,JupiterGD,8084,9891,4810,1774,,,1312,yes,0,0,1,yes,0.1923481105778449
5367,23545876,Baguetti,5982,10418,7157,1717,,,1346,yes,0,0,2,yes,0.19225001969125635
5368,8957275,Aviaty,8262,9851,,1851,yes,3247,1279,,2,8,0,,0.19213242933852193
5369,12624101,KFCKiller228,4888,10772,4589,1780,,,1369,yes,0,0,60,,0.19201216697496937
5370,14107568,Joost,8182,9867,4618,1780,,,1311,yes,0,0,1,yes,0.19183008194951584
5371,22816471,Kamenishi,18149,8386,2183,1878,,2075,1360,,3,14,16,yes,0.19177400639089978
5372,12395652,-[Chex]-,6306,10326,,1868,yes,3849,1250,,18,72,0,,0.1917234965005943
5373,6433474,KortezR,9228,9649,1606,1915,,6038,1181,,51,198,40,yes,0.19163587851940328
5374,5913551,Zeciarz,11266,9291,2664,1851,,,1275,yes,0,0,71,,0.1916002025838677
5375,11997115,davequin,8514,9800,3681,1812,,,1306,yes,0,0,2,yes,0.19157507288336764
5376,17244207,CrispyUltra,5638,10517,5011,1768,,,1353,yes,0,0,7,yes,0.19147707088400362
5377,15961685,omairii,5909,10439,5154,1764,,,1348,yes,0,0,5,yes,0.1912472465139713
5378,11804476,ZimboGod,6421,10296,,1867,yes,4115,1240,,3,14,0,,0.19117474103501347
5379,10961983,eloto,12697,9067,2243,1875,,3078,1289,,9,28,18,yes,0.19101220111638836
5380,18984932,aryaoof,7256,10081,4079,1798,,,1324,yes,0,0,6,yes,0.1910023195862556
5381,9749695,skylily,4675,10853,4292,1790,,7921,1142,,1,1,25,yes,0.1907041327502555
5382,12096642,MissOne,6601,10249,,1865,yes,4215,1236,,2,9,0,,0.19066323396393506
5383,9389164,-UniRain-,6873,10180,4921,1771,,,1330,yes,0,0,3,yes,0.1906146878252672
5384,18750228,270D,5152,10680,7291,1714,,,1363,yes,0,0,3,yes,0.19053371843807798
5385,7236909,Forse,7635,9994,,1856,yes,3427,1270,,6,19,0,,0.19031389216116207
5386,22417587,zajoha,11804,9203,2483,1861,,2893,1301,,10,28,12,yes,0.19019084120764645
5387,8902981,Ace4896,6515,10270,,1866,yes,4609,1221,,1,6,0,,0.1894795531075057
5388,19682528,cacalz,5334,10615,,1877,yes,7406,1152,,1,4,0,,0.1893733059715105
5389,9294272,Oremuut,18762,8323,1408,1932,,9626,1111,,1,1,31,,0.1892644408986191
5390,11734452,Maidenlesx,7784,9959,3495,1817,,,1316,yes,0,0,54,yes,0.18909679099445473
5391,13088831,My Angel Nino,10680,9390,,1833,yes,2568,1321,,14,45,0,,0.18905525566702644
5392,8492399,Skyfox,9956,9523,2925,1839,,,1289,yes,0,0,40,,0.1890166716206088
5393,16019972,impurity,10082,9499,2906,1840,,,1287,yes,0,0,54,yes,0.18897810075907553
5394,10326338,TIo3oP Poccuu,6311,10325,2753,1847,,8990,1122,,1,3,22,yes,0.18873849906771112
5395,11221025,MintBlue_,2608,11988,5693,1750,,6069,1181,,5,14,5,yes,0.18869542825300759
5396,19658477,ube halaya,10178,9481,2680,1851,,,1286,yes,0,0,4,yes,0.18852310180817347
5397,13260523,Schoki,6912,10169,4304,1790,,,1330,yes,0,0,6,yes,0.18811369657368704
5398,16014006,VRemechko,10911,9348,2724,1848,,,1278,yes,0,0,41,yes,0.18808123799244292
5399,2214908,Rekinaja,10409,9436,5296,1761,,2297,1341,,5,26,1,yes,0.187849457436166
5400,7023000,Miori Celesta,8932,9707,,1845,yes,2996,1295,,78,267,0,,0.1877601929548406
5401,29150979,beavr,12796,9052,2415,1864,,,1260,yes,0,0,41,yes,0.1876709090668054
5402,10025733,Totoo,4293,11005,3598,1814,,6349,1174,,1,6,32,yes,0.18754079128460713
5403,9984860,Ruvava,11363,9279,,1829,yes,2477,1328,,32,133,0,,0.18752810278065424
5404,5152999,ricecustomer,6517,10270,,1866,yes,4208,1236,,4,11,0,,0.18718645982679655
5405,8580419,Vanti,4676,10853,,1885,yes,5959,1183,,4,12,0,,0.18713746751072743
5406,13828005,Sakilein,5422,10587,3754,1809,,6587,1169,,1,3,4,yes,0.18697810791316583
5407,17348593,Rose Quartz,6732,10216,,1864,yes,3741,1255,,14,42,0,,0.18661366336653923
5408,9468744,rixope,8106,9884,4926,1771,,,1312,yes,0,0,1,yes,0.18641859979903577
5409,9499753,Teejay,5289,10627,2322,1870,,6496,1171,,12,35,13,yes,0.18623352651706065
5410,19099176,Abdullah_,9706,9565,2770,1847,,,1291,yes,0,0,2,yes,0.18616624916958713
5411,15124593,Kaja,11129,9314,,1831,yes,2490,1327,,12,40,0,,0.1860002144186261
5412,13344661,ZaBoo,11160,9311,1768,1903,,5073,1207,,5,22,37,yes,0.18590102751823123
5413,9325602,samdaman,6539,10265,3480,1818,,3882,1249,,3,8,8,yes,0.18577959393813562
5414,12003834,_oskar,4678,10852,,1885,yes,5448,1196,,8,20,0,,0.18563953295548688
5415,9739455,fuyumiria,5038,10725,,1881,yes,8371,1133,,2,4,0,,0.1856203915516737
5416,14346344,Technofan,7992,9912,3729,1810,,,1313,yes,0,0,6,yes,0.18557092202939907
5417,20269375,rurui,3896,11196,,1897,yes,7140,1157,,7,14,0,,0.1853595820766283
5418,31849308,MIELEC,8979,9698,3304,1825,,,1300,yes,0,0,2,yes,0.18528178134632742
5419,9360528,ign,14220,8859,,1813,yes,2071,1360,,37,158,0,,0.18484703616545184
5420,12395831,creepy pasta,2314,12206,8278,1696,,,1453,yes,0,0,17,yes,0.18484537534944384
5421,12281151,Mihail223,9445,9610,1645,1912,,4493,1225,,15,50,6,yes,0.18482588279861528
5422,9212147,Frogsi,5964,10425,7401,1712,,,1346,yes,0,0,2,yes,0.1848107859445043
5423,18321104,walmart palr,3995,11147,2888,1842,,5893,1184,,15,52,1,yes,0.18475189653841181
5424,7320249,fogsaturate,9411,9615,2968,1838,,,1295,yes,0,0,2,yes,0.18464744060533972
5425,9629457,Kwstv,8442,9813,,1849,yes,3457,1268,,1,3,0,,0.1845597710617832
5426,8284530,retraite 2,18113,8389,432,2066,,6942,1162,,26,93,8,yes,0.1845441289202189
5427,15919902,- Reel -,12205,9145,2100,1882,,9487,1113,,1,1,30,yes,0.18447626320554544
5428,19843454,Nemanja,4908,10765,5761,1748,,,1369,yes,0,0,7,yes,0.1843765950753708
5429,11327626,carros tunados,8033,9902,,1852,yes,5555,1193,,1,1,0,,0.1843136255246411
5430,13232188,MrAKY,8403,9822,4435,1786,,,1308,yes,0,0,1,yes,0.18429238534339087
5431,12404447,Muff1nkat,7302,10070,,1859,yes,5477,1195,,1,2,0,,0.18416195023440562
5432,7112088,iiSaturnz,9124,9669,3194,1829,,,1298,yes,0,0,2,yes,0.18409409388935513
5433,4137401,Neet Sama,8211,9861,,1851,yes,3524,1265,,1,4,0,,0.18404428965014172
5434,9660655,EmiIbus,5252,10641,,1878,yes,4754,1217,,14,27,0,,0.1834504336894029
5435,12027784,bwyan,14680,8798,1846,1898,,,1245,yes,0,0,8,yes,0.1833779747964423
5436,7093124,Slay,4774,10814,2655,1852,,6618,1168,,8,18,9,yes,0.18331428584476667
5437,13364099,agnel,5917,10437,5055,1767,,,1347,yes,0,0,6,yes,0.18286909964586442
5438,7104673,Zac Efron,6938,10162,8425,1694,,,1329,yes,0,0,1,yes,0.18285859015082256
5439,16963997,Aston Machan,2939,11758,5014,1768,,9865,1107,,1,4,6,yes,0.18264921259578018
5440,14899675,DaNILMaZ1,5066,10714,,1881,yes,5453,1196,,5,13,0,,0.18215580692047767
5441,3395820,Moltenfury,11762,9209,2343,1869,,,1270,yes,0,0,6,yes,0.18209168049014718
5442,10455848,Napoleon,7966,9917,,1853,yes,4335,1231,,1,2,0,,0.1820861296515177
5443,24938642,cloaty,9384,9619,3020,1836,,,1295,yes,0,0,2,yes,0.18194384126558782
5444,7371185,_ZKRoleo_,7013,10145,,1861,yes,4699,1219,,1,4,0,,0.18180169314766992
5445,10436444,Lian Elinor,11139,9313,,1830,yes,2549,1323,,32,121,0,,0.18131589880671312
5446,16502415,nikulix,9030,9687,3245,1827,,,1300,yes,0,0,5,yes,0.18107189117345046
5447,13671801,TheOtherBubble,9859,9539,4032,1800,,2593,1320,,25,91,2,yes,0.18092049917483466
5448,14700019,sebnop,7672,9985,,1856,yes,4851,1213,,1,2,0,,0.18090427176716062
5449,11548654,KasaKnight,7253,10082,3294,1825,,4985,1210,,1,2,11,yes,0.18086680664509439
5450,14988029,-Remington-,4984,10740,5271,1761,,,1367,yes,0,0,11,yes,0.18083377614443003
5451,9300085,LightNemesis,4617,10876,,1886,yes,5332,1200,,13,31,0,,0.18063622492469592
5452,10857703,Rop,5977,10419,,1871,yes,7330,1154,,2,3,0,,0.18056157914566656
5453,35360353,unilinsi,5945,10430,4173,1794,,,1347,yes,0,0,105,yes,0.18051378585760264
5454,11332899,VoidLord0,5804,10466,4627,1779,,,1350,yes,0,0,12,yes,0.18042045199403164
5455,16228395,SHAKERANDO,8185,9866,,1851,yes,5201,1203,,1,1,0,,0.18041193164289798
5456,12111038,tisse,10319,9452,2783,1846,,,1285,yes,0,0,7,yes,0.1803862735920546
5457,9833112,reisa,4439,10945,,1888,yes,5414,1197,,12,38,0,,0.18032554482471316
5458,25483854,goldy1337,5364,10606,4966,1769,,,1358,yes,0,0,11,yes,0.18030330901133446
5459,18430353,ia1235,5359,10606,5572,1753,,,1359,yes,0,0,6,yes,0.1802770959270409
5460,24129050,Graphy,11642,9230,2093,1883,,,1271,yes,0,0,3,yes,0.18020799049588618
5461,14575641,zhuqing,6274,10334,,1868,yes,5739,1189,,2,4,0,,0.18013358919932876
5462,11533588,Jurrii,4633,10868,,1886,yes,9759,1109,,2,4,0,,0.1799812041997555
5463,17857203,My Angel Bronya,7394,10049,5153,1764,,2541,1324,,11,36,5,yes,0.17986612260852375
5464,22567919,Boshyxd,4202,11050,,1892,yes,8350,1134,,3,7,0,,0.1796289600397894
5465,16816141,GabiBoltZ,3121,11635,4449,1785,,5875,1185,,7,15,10,yes,0.17960139995387991
5466,5932021,Hidemi,7046,10138,,1861,yes,3992,1244,,4,10,0,,0.17948706022660418
5467,13554384,CraZYGhost505,4119,11086,5108,1765,,3374,1273,,3,8,21,yes,0.17916475143010904
5468,2504750,Varler,18905,8308,,1790,yes,1630,1404,,34,170,0,,0.17864515464835948
5469,3283468,DokiPon,12525,9094,2354,1868,,3214,1281,,1,7,26,yes,0.1782817523073957
5470,2528324,Moose,8503,9801,3348,1822,,,1306,yes,0,0,47,yes,0.17805562331765012
5471,8111395,EIVO,8144,9877,,1852,yes,5470,1195,,1,1,0,,0.17779196410765025
5472,8626190,wendy,7607,10000,,1856,yes,3423,1270,,41,158,0,,0.17770505560064762
5473,4464941,Dozom,9361,9623,,1842,yes,2954,1298,,5,22,0,,0.17769721903156488
5474,9126943,Twiggykun,8229,9859,,1851,yes,5219,1203,,1,1,0,,0.17764159074566174
5475,4200090,Frostcage,10918,9347,2632,1853,,2931,1299,,5,11,6,yes,0.17749417008404464
5476,19775858,Messiah Benz,8169,9870,3498,1817,,,1311,yes,0,0,21,yes,0.17733335241544843
5477,654296,Bitcoin,17652,8439,,1795,yes,1739,1394,,28,120,0,,0.17726471527187462
5478,7738212,Pobu,8164,9872,,1851,yes,3508,1266,,2,6,0,,0.17679222752214843
5479,6643511,tplc,11830,9199,,1826,yes,2454,1330,,62,252,0,,0.17656513994695494
5480,5718989,xX_MusicMan_Xx,10135,9488,,1837,yes,2738,1310,,7,24,0,,0.17633984076715492
5481,8686869,sweatily,7670,9986,,1856,yes,5012,1209,,1,2,0,,0.17595624738049126
5482,12445254,Hlebushek31,8471,9807,1502,1924,,5218,1203,,7,26,4,yes,0.17591257253683565
5483,9034470,Hypp1s,2287,12226,5848,1746,,7034,1160,,13,31,3,yes,0.17562362501063858
5484,19075236,tTnTt,7787,9959,,1855,yes,7129,1158,,1,1,0,,0.17553521887209128
5485,34423321,TTTFaith,15316,8717,1917,1893,,,1240,yes,0,0,12,yes,0.17540754375679168
5486,20139553,RaicoG,3300,11539,7180,1716,,,1413,yes,0,0,12,yes,0.17534341289967176
5487,13645205,ChocLitxCake,2556,12020,4772,1775,,8163,1137,,5,17,3,yes,0.17530219692065663
5488,10690527,cr00k,7446,10037,,1857,yes,5456,1196,,1,2,0,,0.1752927464303348
5489,14569713,KBGT_THZE_,6761,10211,4031,1800,,4799,1215,,1,2,3,yes,0.17523616973834746
5490,8549898,Jevex,8552,9792,,1848,yes,3294,1277,,3,7,0,,0.17511836405006903
5491,2194763,Antares-,12832,9047,1961,1890,,3796,1253,,5,18,23,yes,0.17476785153730265
5492,12314716,vlxy,9247,9646,3170,1829,,,1297,yes,0,0,78,yes,0.17454360328054494
5493,19884809,ajmosca,24049,7838,572,2036,,4393,1229,,26,121,9,yes,0.1741494634361459
5494,3533706,Enju-chan,9790,9550,,1840,yes,2645,1317,,1,2,0,,0.174091199197011
5495,13843101,kawaizem,12444,9107,2499,1860,,,1263,yes,0,0,23,yes,0.1740412441638366
5496,34301975,overline,10263,9464,2927,1839,,,1285,yes,0,0,25,yes,0.17397915208876463
5497,10611524,Zaclo123,5996,10415,,1871,yes,7508,1150,,1,3,0,,0.17389011758449932
5498,3834721,ggfwk,8450,9812,3710,1811,,,1307,yes,0,0,4,yes,0.17370614139162782
5499,18513239,Zypher727,11241,9295,2056,1885,,,1275,yes,0,0,2,yes,0.17343598155305842
5500,10870989,Alpama,5521,10555,,1875,yes,4477,1225,,22,54,0,,0.17339245751333301
5501,10050538,Matzsaku,6897,10173,2185,1878,,6261,1176,,5,19,14,yes,0.17326897509946015
5502,14596406,TT87,10094,9496,2882,1842,,,1287,yes,0,0,5,yes,0.1731795261104312
5503,10496223,cai0,8923,9710,2766,1847,,3375,1273,,30,103,7,yes,0.17305607653973495
5504,10091878,DebilPL,4771,10818,4955,1769,,,1372,yes,0,0,30,yes,0.17292220715313988
5505,21106330,velikiy_slepoy,7308,10068,3957,1802,,,1324,yes,0,0,13,yes,0.17292143976941124
5506,6145220,AngelNamirin,1873,12648,9855,1668,,5730,1189,,12,44,3,yes,0.17284034902566406
5507,2125109,Tell,10609,9401,,1834,yes,2617,1318,,5,14,0,,0.1727613147827894
5508,12566632,OmegaOrigins,1949,12548,3556,1816,,9602,1111,,34,111,4,yes,0.17255140135188368
5509,10323559,deusdesu,11148,9311,2597,1855,,,1276,yes,0,0,7,yes,0.17247948377659844
5510,2259709,No01,7140,10113,9870,1668,,2719,1311,,2,5,1,yes,0.17190983273769006
5511,6263574,Hixia,7298,10071,,1859,yes,3584,1262,,33,106,0,,0.1710610823339408
5512,2246417,trancemegamix,11952,9183,2448,1863,,2768,1308,,1,5,5,yes,0.17098559454984988
5513,24440315,baatyy,6666,10232,9985,1666,,,1334,yes,0,0,1,yes,0.1709337402633074
5514,19538784,willbegforegg,2549,12023,8496,1692,,,1443,yes,0,0,13,yes,0.17089251835347258
5515,12005645,Carmelo,7735,9970,2608,1854,,8009,1140,,1,2,5,yes,0.1707704281994406
5516,16069829,Honma Misuzu,3827,11236,3613,1814,,6708,1167,,3,16,4,yes,0.17059733009326924
5517,13863006,pascall,5618,10524,6887,1723,,,1353,yes,0,0,3,yes,0.17050067042469416
5518,12294952,Avian,7491,10025,1900,1894,,7393,1152,,4,14,15,yes,0.17028775953332473
5519,15783504,CjWrecks,6891,10176,6037,1742,,,1330,yes,0,0,2,yes,0.17010230522849035
5520,12956834,Yokosenu,5331,10616,,1878,yes,9594,1111,,1,3,0,,0.16999154999296126
5521,8561273,Lixchi,7214,10094,,1859,yes,6185,1178,,1,2,0,,0.16965503917008673
5522,15050718,Kanabis,3204,11586,2619,1854,,8694,1127,,6,22,1,yes,0.16957260945809405
5523,12838744,Malver,8894,9716,3361,1822,,,1301,yes,0,0,8,yes,0.16955954144538138
5524,15764802,Yukarle,2758,11870,6717,1726,,7128,1158,,1,2,10,yes,0.16947114731917662
5525,21928232,melystial,7033,10141,,1861,yes,6728,1166,,1,2,0,,0.16940637197039238
5526,4192956,Kmg,5922,10436,,1871,yes,5663,1190,,2,6,0,,0.16902438028031114
5527,15881187,Jeans,5249,10643,,1878,yes,7353,1153,,2,5,0,,0.16870596346381675
5528,7289538,Suki,5684,10504,2967,1838,,5064,1208,,3,17,3,yes,0.1680374283901171
5529,6063342,Lotragon,8814,9733,,1846,yes,3164,1284,,7,19,0,,0.16801062009604628
5530,19883639,shinchikuhoe,7283,10074,7795,1705,,,1324,yes,0,0,1,yes,0.16788579702985537
5531,6902020,Hecarione,3902,11193,4737,1776,,6732,1166,,2,9,2,yes,0.16745541473753162
5532,10908786,Haydosu,5920,10436,,1871,yes,4487,1225,,9,24,0,,0.16735163563195604
5533,7370848,130h,15036,8753,2272,1873,,,1242,yes,0,0,86,yes,0.16698089058308685
5534,6250960,creepypastawiki,5842,10455,,1872,yes,4362,1230,,16,50,0,,0.16696992804613003
5535,14951633,LouisD,18360,8365,4633,1779,,1395,1437,,28,123,5,yes,0.16689675959228248
5536,12873055,sw243,6872,10180,9390,1676,,,1330,yes,0,0,1,yes,0.1667502428988947
5537,21656861,moreulon,6876,10180,9388,1676,,,1330,yes,0,0,1,yes,0.16649228166001676
5538,11635349,JohnPersona,1330,13301,6659,1727,,6579,1169,,8,21,19,yes,0.16639938386782865
5539,14609698,kom0,14034,8883,2637,1853,,2136,1354,,2,9,4,yes,0.16629872510806243
5540,10796585,Atrus,7474,10030,3761,1808,,,1321,yes,0,0,55,yes,0.1660383923153126
5541,5429513,Mano Aloe,4218,11039,5039,1767,,3426,1270,,3,10,25,yes,0.16596405923385774
5542,26324375,Mikiami,6983,10151,4612,1780,,,1329,yes,0,0,5,yes,0.165679846762938
5543,13097386,Creepz21,6322,10323,,1867,yes,9165,1119,,1,2,0,,0.1656574938346448
5544,7819319,LewisAlternate,8591,9784,4586,1781,,,1305,yes,0,0,1,yes,0.16556042198788426
5545,3765610,Xuemei,5930,10433,,1871,yes,7986,1141,,1,3,0,,0.16534085293925513
5546,30061150,RuntZ,4589,10890,6684,1727,,8625,1128,,1,1,3,yes,0.16531852830511368
5547,7989469,Zefkiel,20737,8129,,1782,yes,1569,1413,,101,407,0,,0.16490798896152636
5548,21881839,Syuu-,6788,10203,,1863,yes,7646,1147,,1,2,0,,0.16469414163553892
5549,15237624,Courting,8555,9792,,1848,yes,4798,1215,,1,1,0,,0.16466430151794006
5550,19140641,Klollina,6169,10368,,1869,yes,5433,1196,,2,6,0,,0.1646071292623037
5551,5346261,bob,12093,9164,2620,1853,,,1267,yes,0,0,31,yes,0.16459438776977092
5552,35563393,ILoveUmineko,9501,9601,3177,1829,,,1294,yes,0,0,12,yes,0.16452145655853517
5553,16770581,tambet,6238,10348,4058,1799,,6257,1176,,1,3,1,yes,0.16440897608257865
5554,14290988,Banner,7829,9948,7075,1719,,2563,1322,,9,43,2,yes,0.1642827168693668
5555,13301492,yakusoku,4327,10986,7555,1709,,,1383,yes,0,0,5,yes,0.16409103587280088
5556,9758343,ksertz,7466,10031,,1857,yes,5758,1188,,1,2,0,,0.16395720314617052
5557,9540169,-Nemek-,6321,10323,,1867,yes,9238,1118,,1,2,0,,0.16384764139997987
5558,7928122,KekKeroNi,3201,11586,5523,1754,,5385,1198,,2,3,22,yes,0.16353965174867985
5559,12159681,KriO-O,6155,10373,2335,1869,,8483,1131,,2,7,9,yes,0.16353550326636615
5560,7225553,Ruslan_gamer,10538,9414,2518,1859,,3461,1268,,1,2,4,yes,0.16325061571093896
5561,180488,H i S a G i,5168,10673,,1879,yes,5977,1183,,3,10,0,,0.16296443299904986
5562,11847188,danthesodacan,11328,9284,,1829,yes,2601,1320,,15,57,0,,0.1624662694958749
5563,17206556,bal7on,11455,9259,2337,1869,,3703,1257,,1,3,8,yes,0.1623875754756269
5564,16814997,ChunkyGoatMilk,4482,10930,,1888,yes,6947,1161,,4,11,0,,0.16205244223600873
5565,18917198,OilBo,7185,10100,3913,1803,,,1325,yes,0,0,43,yes,0.1618786447219761
5566,17945861,Neuter,5245,10646,,1879,yes,5867,1185,,3,10,0,,0.16175914493545196
5567,15099058,Bamema,7980,9915,,1853,yes,7085,1159,,1,1,0,,0.16175467640568264
5568,5176406,Kelhoy,6186,10365,,1869,yes,7465,1150,,2,3,0,,0.1616715866658763
5569,13839270,Funelyn,7805,9953,,1854,yes,7899,1142,,1,1,0,,0.16155555067091276
5570,13107284,frayzis,6087,10393,3841,1806,,5382,1198,,1,4,3,yes,0.16145954397802126
5571,23379632,shiranai11,8893,9716,3379,1821,,,1301,yes,0,0,15,yes,0.16127617711226477
5572,3238869,Emnesty,9610,9580,2642,1853,,4825,1214,,1,1,3,yes,0.16123750668687037
5573,8897698,f3lelele,6754,10212,4006,1800,,,1332,yes,0,0,244,yes,0.1611745545556284
5574,13269506,SourMongoose,7413,10044,,1858,yes,3685,1257,,12,38,0,,0.1608266955929733
5575,13063692,Yoiminya,7379,10052,4392,1787,,,1322,yes,0,0,5,yes,0.160772340950793
5576,11126230,Cristobal1324,13080,9012,1290,1942,,8311,1134,,6,17,68,yes,0.1607277930934797
5577,15041136,Bomas,3394,11481,4107,1797,,7392,1152,,3,11,7,yes,0.16071288263931116
5578,4820468,Octagon,6555,10260,,1865,yes,4069,1241,,12,45,0,,0.16031338439352408
5579,10472784,Prime,3314,11533,7540,1709,,,1413,yes,0,0,11,yes,0.16026938655759343
5580,13134688,IRADrftr,7745,9969,4530,1783,,,1317,yes,0,0,3,yes,0.16025562620142414
5581,6194830,Shiny Froakie,7360,10056,4163,1795,,3069,1290,,4,13,7,yes,0.16023732445157793
5582,16838519,BGJV,10159,9485,2988,1837,,,1286,yes,0,0,7,yes,0.16008199207170312
5583,12551131,SteveSSG,8160,9873,3663,1812,,,1311,yes,0,0,19,yes,0.1599116946447876
5584,10686650,reptain,6425,10296,,1867,yes,6003,1182,,1,4,0,,0.1596686138010415
5585,11484485,Mori Calliope,10029,9510,3014,1836,,,1288,yes,0,0,5,yes,0.15964646970676077
5586,19428312,VIPERSON,15304,8718,,1807,yes,1953,1372,,6,28,0,,0.15943331202561067
5587,13626098,soyorin,4305,10996,2859,1843,,5951,1183,,71,224,5,yes,0.15940643538362023
5588,26595712,GhostApple,16367,8581,3837,1806,,1542,1417,,3,17,5,yes,0.15932360686852015
5589,9720334,itsgonnabemessy,7703,9976,6840,1724,,,1318,yes,0,0,1,yes,0.15929423604858264
5590,14278738,Cheezeisgone,4469,10934,8251,1697,,,1379,yes,0,0,4,yes,0.1591211761172447
5591,13487722,minnjae,9703,9565,3133,1831,,,1292,yes,0,0,4,yes,0.15906379272254906
5592,14198297,Saito but worse,6324,10321,,1867,yes,9439,1114,,1,2,0,,0.15893234433728712
5593,16765314,sami__,4398,10960,7685,1707,,5199,1203,,3,11,1,yes,0.15879081279492668
5594,16799786,Freqing,3438,11452,3730,1810,,6613,1168,,16,44,4,yes,0.15833139048245085
5595,13080428,Scraw,5580,10536,4751,1775,,,1354,yes,0,0,19,yes,0.15825996565899095
5596,13133907,Gigatn,4061,11110,6721,1726,,,1390,yes,0,0,9,yes,0.15817565686403945
5597,12659448,CyriS-,7328,10063,,1858,yes,4738,1217,,1,4,0,,0.15796474769790064
5598,25317000,qoofbop,3290,11541,6509,1731,,6582,1169,,6,27,1,yes,0.15793992297534684
5599,2374880,Ducks,8822,9732,,1846,yes,3424,1270,,2,4,0,,0.15781565144934784
5600,9634978,CPU_Cartel,14358,8842,1769,1903,,3994,1244,,30,102,33,yes,0.15762572327963542
5601,9555371,IMM0,6538,10265,,1865,yes,4310,1232,,6,18,0,,0.15759715105803634
5602,13548845,SlicedAvocado,8268,9850,3997,1801,,,1310,yes,0,0,4,yes,0.157590735465974
5603,14597369,-Kayen,4333,10982,3237,1827,,9106,1120,,2,6,17,yes,0.15755370360888923
5604,5590317,7ambda,18277,8373,1925,1892,,,1220,yes,0,0,78,yes,0.1575249375501613
5605,119933,Kert,8081,9891,3941,1803,,3159,1284,,6,23,3,yes,0.1575094872825965
5606,27461741,miko yo,17935,8409,1380,1935,,,1222,yes,0,0,6,yes,0.1573471514957555
5607,5101306,Quinten,6435,10293,3529,1817,,4764,1217,,4,8,1,yes,0.15717260168448277
5608,15145155,ielia,18628,8336,,1791,yes,1719,1396,,26,95,0,,0.1571104093956401
5609,15858332,Stecki,3278,11545,,1908,yes,7383,1152,,23,64,0,,0.1569585806955886
5610,22043103,HELLHOLE,9433,9613,3273,1826,,,1295,yes,0,0,10,yes,0.15695175979475434
5611,3204246,teashoe,8862,9725,4813,1774,,2620,1318,,1,1,1,yes,0.15694920022318462
5612,36025860,Nye Halation,34113,7190,1483,1925,,1576,1412,,2,11,18,yes,0.156931689895846
5613,8125731,GreLyy_,6791,10201,4195,1794,,5299,1200,,1,3,1,yes,0.1567655668827067
5614,17488103,WEED CAT,5599,10530,8307,1696,,5923,1184,,1,2,1,yes,0.1566000779076794
5615,15486095,Pxscadito,8352,9833,,1850,yes,5814,1186,,1,1,0,,0.15631695041976082
5616,11346868,Cloofers,4812,10803,4807,1774,,4528,1224,,12,33,2,yes,0.15619920284565256
5617,15202380,- Harehi -,5451,10577,8583,1691,,3885,1249,,4,16,1,yes,0.1561639433481614
5618,11339405,GDcheerios,10034,9509,3086,1833,,,1288,yes,0,0,10,yes,0.15614408812172698
5619,35233559,gcm1,7000,10148,5324,1760,,,1328,yes,0,0,3,yes,0.15591257325235663
5620,19176750,im a magic girl,7597,10003,3173,1829,,4028,1243,,4,9,21,yes,0.15564033785618722
5621,12237414,choco cookie,6405,10299,4572,1781,,,1338,yes,0,0,11,yes,0.155638560260205
5622,7941208,ogey rrat,5691,10502,6290,1736,,,1352,yes,0,0,4,yes,0.15562910187211265
5623,1235015,Mitalun,21164,8093,2633,1853,,1729,1395,,18,77,6,yes,0.15535380394023152
5624,697783,JappyBabes,11209,9301,,1830,yes,1523,1419,,1,1,0,,0.15510211070636526
5625,10732832,nairuzu,7475,10029,,1857,yes,3689,1257,,14,46,0,,0.15508593817708088
5626,10762622,Tashigi,4584,10893,7621,1708,,4541,1223,,12,28,1,yes,0.15499276412824797
5627,9107542,YuiYui,3592,11360,,1902,yes,7375,1153,,9,29,0,,0.15485947163556918
5628,10559833,PowerAge,5694,10502,4241,1792,,3488,1267,,4,18,19,yes,0.15471507596740292
5629,2811909,Cococanbork,9079,9678,1885,1895,,5852,1185,,7,15,11,yes,0.15450276258981088
5630,3738010,Tazkiz,2699,11922,3383,1821,,9089,1120,,12,28,14,yes,0.1544019372661417
5631,6736010,Adarchi,9169,9661,,1844,yes,3662,1258,,1,1,0,,0.15426194915018374
5632,33496954,kirishima114514,5082,10708,7194,1716,,,1365,yes,0,0,4,yes,0.15418823671872692
5633,17505130,OSUSHALLAH ARC,4159,11067,8138,1699,,,1387,yes,0,0,5,yes,0.15415978110747086
5634,15375044,Naimicles,5542,10550,4496,1783,,,1355,yes,0,0,160,,0.15377140099960418
5635,5978907,Ezipie,10518,9417,,1834,yes,2815,1306,,15,44,0,,0.15355898282410502
5636,2927048,EEEEEEEEEEEEEEE,8012,9906,,1853,yes,3753,1254,,3,8,0,,0.15351702482288218
5637,20384619,[Twist],7548,10015,,1857,yes,4066,1242,,2,8,0,,0.15349590262722085
5638,11118720,36R,4372,10969,,1889,yes,7778,1144,,3,9,0,,0.15348065693454854
5639,4502238,zelda101,6068,10398,6540,1730,,2823,1305,,6,21,4,yes,0.15329113648541592
5640,23182890,BoTeus,9666,9573,3214,1828,,,1292,yes,0,0,4,yes,0.15322113848878952
5641,34654247,knaa,8667,9766,4739,1776,,,1304,yes,0,0,1,yes,0.15318931737998345
5642,7306698,1103,7334,10061,1481,1925,,9479,1113,,19,54,26,,0.15313938809188837
5643,6362553,Syre,8034,9901,,1852,yes,4114,1240,,2,4,0,,0.15268572330206964
5644,9915026,rootxh4rt,3281,11545,5474,1756,,9742,1109,,2,4,4,yes,0.152595080342735
5645,12421343,D011,7104,10123,6082,1741,,,1327,yes,0,0,2,yes,0.1525200570291213
5646,21143556,J4C0B3Y,5544,10549,5425,1757,,,1355,yes,0,0,8,yes,0.15180242178872397
5647,12407826,VoiduNeedus,12260,9135,2667,1851,,,1265,yes,0,0,35,yes,0.15173354445146195
5648,21074973,FilsDeFanta,5559,10542,3634,1813,,4773,1216,,4,11,12,yes,0.1516778995256862
5649,6381153,ItsWinter,6095,10391,8751,1688,,3709,1256,,4,7,1,yes,0.15153246407243842
5650,7459368,Dmitri,14657,8801,2351,1868,,,1245,yes,0,0,54,yes,0.15148535874267102
5651,15352147,Nakili,9694,9566,3216,1828,,,1292,yes,0,0,4,yes,0.15135095148528865
5652,13955247,Michael0509,7192,10099,5944,1744,,,1325,yes,0,0,2,yes,0.15132978428703825
5653,14826391,Stxrmy,6822,10194,,1863,yes,6341,1175,,2,3,0,,0.15117801588467214
5654,34022458,fery,4809,10804,5339,1759,,,1371,yes,0,0,19,yes,0.151120074642613
5655,35392467,Daziaq,18424,8359,1675,1909,,,1219,yes,0,0,14,yes,0.15109829012442397
5656,8948585,InfinityJelly,7526,10019,3721,1810,,3348,1274,,3,9,17,yes,0.15103751780539326
5657,3440388,houjuu,6263,10337,,1868,yes,5908,1184,,2,5,0,,0.1508176746216253
5658,12157809,Resident Cat,7883,9936,3886,1804,,,1315,yes,0,0,13,yes,0.1507530862446916
5659,18866647,Snep,2843,11812,7418,1711,,,1430,yes,0,0,21,yes,0.15068759716040564
5660,17958667,FelixSosa,4410,10954,7958,1702,,4451,1227,,27,95,1,yes,0.15049901162880236
5661,8460976,DESERTEZ,8795,9737,3641,1813,,,1303,yes,0,0,6,yes,0.15047857636079667
5662,10053936,FietsAapje,3160,11613,,1910,yes,8734,1126,,9,23,0,,0.15019421735740485
5663,14617228,Ch3mson,6827,10192,,1863,yes,8146,1138,,1,2,0,,0.14999352824169723
5664,15189392,StalkerHUN,6837,10190,,1863,yes,4245,1235,,5,17,0,,0.14995467587654995
5665,1625740,benjacala,12112,9161,,1825,yes,2277,1341,,2,8,0,,0.14985639237266826
5666,15525343,amane nor,3770,11266,5397,1758,,7889,1142,,2,4,4,yes,0.1497911992750542
5667,6141330,CapoeiraDoMorte,7284,10074,4306,1790,,3864,1250,,1,1,5,yes,0.14970363966656272
5668,4065138,Lee Jung Hyun,7292,10072,3369,1822,,3919,1247,,4,14,4,yes,0.14963108959134788
5669,17838957,Passters,6734,10216,4692,1777,,,1333,yes,0,0,7,yes,0.1496148762976309
5670,18351730,shoebill,12515,9095,2468,1862,,,1263,yes,0,0,9,yes,0.14928047088018492
5671,4335279,Trolloli,8444,9813,,1849,yes,3377,1273,,22,76,0,,0.1492654342164637
5672,24442298,niksx,8810,9734,2599,1855,,3696,1257,,7,25,3,yes,0.14921924155654387
5673,6618659,rendaru,7201,10097,,1860,yes,5646,1191,,2,3,0,,0.14898458986663024
5674,10657984,togibana,12923,9034,2564,1856,,,1259,yes,0,0,34,yes,0.1487069278434012
5675,30434616,Sploid,10664,9393,3027,1835,,,1281,yes,0,0,294,,0.14854610385975986
5676,6484757,JUZO,8987,9696,,1845,yes,3305,1276,,1,8,0,,0.14826315986789457
5677,11351901,makemymind,10271,9462,,1836,yes,2880,1302,,3,12,0,,0.14813563177861983
5678,13791483,farawaywithyou,8906,9713,4434,1786,,,1301,yes,0,0,1,yes,0.14765777076402686
5679,15734955,jjjjj_gura,10421,9433,2937,1839,,,1283,yes,0,0,5,yes,0.14753505302157005
5680,13707766,vulkan enjoyer,7754,9966,,1855,yes,9197,1118,,1,1,0,,0.14731289983335316
5681,6884491,Nitricity,8966,9701,4342,1789,,,1300,yes,0,0,1,yes,0.14720386726061319
5682,9101605,Asa3,11234,9295,2217,1876,,3850,1250,,45,166,16,yes,0.14719609601354755
5683,14778656,[ Re-AL ],7018,10144,,1861,yes,5375,1198,,2,4,0,,0.14705250589119653
5684,8660919,uume,8818,9733,4619,1780,,,1302,yes,0,0,1,yes,0.14699892989005015
5685,7309946,w1nEss,6962,10156,9997,1666,,,1329,yes,0,0,1,yes,0.146718575979604
5686,16902850,bulbulmaster420,8420,9818,,1849,yes,6074,1180,,1,1,0,,0.14665779191125522
5687,10254842,darkmmon,6220,10353,,1869,yes,4575,1222,,8,22,0,,0.14652871158968458
5688,13765127,iSniper,9530,9595,3313,1824,,,1294,yes,0,0,8,yes,0.14645968438560072
5689,16790203,krencior__,4625,10871,3221,1828,,8226,1136,,3,7,1,yes,0.14642111892852586
5690,3734954,Elzbieta,9718,9562,,1840,yes,3049,1291,,1,2,0,,0.14637773259746084
5691,9943278,frillume,9003,9692,3434,1819,,,1300,yes,0,0,22,yes,0.14619797153350145
5692,9103105,- Kronnos -,5375,10603,6744,1726,,8558,1130,,1,2,1,yes,0.14619362191661722
5693,3460534,Danii_,6733,10216,1952,1891,,7561,1149,,8,23,11,yes,0.1459319457545788
5694,29676811,danib0k,5195,10663,5972,1743,,,1362,yes,0,0,7,yes,0.1456455373286551
5695,5779181,gilmat,5501,10561,5120,1765,,3429,1270,,6,24,6,yes,0.14540562754000178
5696,2748187,Danidesu,2948,11753,3719,1810,,7418,1151,,19,40,24,yes,0.1453634172763953
5697,11262921,Pollo Loco,7320,10065,,1858,yes,4392,1229,,3,7,0,,0.14536294786091053
5698,18067392,bleph,9398,9617,3392,1821,,,1295,yes,0,0,5,yes,0.1452049384882722
5699,6415821,SepticChild,4807,10804,5725,1749,,,1371,yes,0,0,12,yes,0.14500914219377845
5700,5299539,ThaBooVX,4526,10914,3973,1801,,5186,1204,,2,9,75,yes,0.14486309964894023
5701,6560983,mrpepu181,9942,9525,3199,1828,,,1289,yes,0,0,38,yes,0.14482535003723795
5702,34305682,shosinsya,17034,8508,1823,1899,,4711,1218,,1,2,41,yes,0.1446429761421821
5703,5128334,Deafilamor,8410,9821,,1850,yes,4108,1240,,1,3,0,,0.14458966971864606
5704,3914271,maot,11494,9252,2677,1851,,,1272,yes,0,0,7,yes,0.14448244594402496
5705,10568168,dem1nez,4717,10837,2163,1879,,9129,1120,,12,42,17,yes,0.14443780484281477
5706,22096000,Ztocker,8484,9805,,1849,yes,5936,1183,,1,1,0,,0.14436886957365153
5707,9230456,Choko,8378,9828,3920,1803,,2248,1344,,1,1,18,yes,0.1442622215848641
5708,13803164,- rat,5989,10417,3103,1832,,7160,1157,,3,5,10,yes,0.14414152002053732
5709,3074650,ChristieBell,8938,9706,,1845,yes,3501,1266,,2,4,0,,0.14398494696920747
5710,6654455,Prosal,4358,10975,2437,1863,,8680,1127,,12,37,20,yes,0.14386426294356622
5711,14466424,ionn,2731,11896,,1918,yes,9067,1121,,13,48,0,,0.1438128485513529
5712,18728357,WinfoStona,8281,9847,6592,1729,,2600,1320,,5,17,2,yes,0.14372044878270562
5713,11753154,Skybee,3050,11680,4460,1785,,9333,1116,,3,9,4,yes,0.14346095450271779
5714,35344595,Mordk,5569,10538,3672,1812,,4431,1227,,10,45,6,yes,0.14310358294987297
5715,12859570,Cthuluzero,5596,10531,,1875,yes,6773,1165,,1,6,0,,0.14286014639543249
5716,30284920,Bochi the osu,5661,10511,2604,1854,,6234,1176,,15,53,25,yes,0.14276991866707772
5717,6648263,Electovoid,9490,9603,,1841,yes,3132,1286,,9,32,0,,0.142562900589617
5718,16335316,imtiredfromthis,10482,9423,3072,1833,,,1283,yes,0,0,30,,0.14237472769938891
5719,20903405,misore,9678,9569,3286,1825,,,1292,yes,0,0,22,yes,0.14234850449848474
5720,14175644,TimeNow_,7537,10017,5620,1752,,,1320,yes,0,0,2,yes,0.14227408809640904
5721,17025950,Noelle Holiday,7399,10048,3445,1819,,5809,1187,,1,2,6,yes,0.1422701222117415
5722,18160863,geckoh,6874,10180,,1862,yes,4848,1213,,3,7,0,,0.14189643162652538
5723,9814507,Karetsi,6875,10180,4263,1791,,,1330,yes,0,0,22,yes,0.14177783563105692
5724,5621203,Nit,7677,9984,3848,1805,,,1318,yes,0,0,94,yes,0.14165779882473048
5725,15242603,9mi9,26147,7681,1053,1970,,2959,1298,,10,28,9,yes,0.1415422408306912
5726,17493320,Sorasaki Hina,12123,9160,2712,1849,,,1266,yes,0,0,20,yes,0.14121583087224737
5727,15415813,Janeru,9917,9529,3238,1827,,,1289,yes,0,0,13,yes,0.14065703491785558
5728,17156265,revokr,6241,10347,,1868,yes,8051,1139,,1,3,0,,0.14037956891603004
5729,16679145,Strinova,10790,9372,3319,1824,,2855,1304,,66,263,2,yes,0.14022150540320075
5730,38539426,FBlooming,15867,8643,2083,1883,,,1236,yes,0,0,17,yes,0.14017507664050527
5731,18109253,- Joey,8267,9850,,1851,yes,7100,1158,,1,1,0,,0.14013400696360756
5732,17905291,SummerSide05,7417,10043,4389,1787,,,1322,yes,0,0,7,yes,0.13995974486312074
5733,10484034,DepressedLife,9999,9516,3842,1806,,2825,1305,,12,48,3,yes,0.13993479285681784
5734,8757256,kjeks,8991,9695,,1845,yes,3820,1252,,1,2,0,,0.1397205433268068
5735,11524456,Henning Jasorka,5091,10706,4732,1776,,4125,1239,,5,24,5,yes,0.13961926383564727
5736,8099769,b3d,6608,10246,4191,1794,,5225,1203,,1,2,5,yes,0.1395099950388096
5737,7233153,- Tanakimaru -,13982,8889,,1814,yes,2254,1344,,23,62,0,,0.13948536994754912
5738,33015746,Pont4,1870,12651,9402,1675,,,1478,yes,0,0,25,yes,0.139352388269673
5739,15334533,Daldor,2292,12220,3955,1802,,8624,1128,,9,43,18,yes,0.1390339757479147
5740,8124223,Ullei,8744,9748,,1847,yes,3349,1274,,31,123,0,,0.13896530997178988
5741,8183049,UrQty2,3275,11547,3781,1808,,7053,1159,,10,44,8,yes,0.13859993696114964
5742,6173856,Astris,5267,10635,1893,1895,,6648,1168,,40,129,3,yes,0.1383796036087059
5743,24826059,hAg1,16779,8538,2155,1879,,,1230,yes,0,0,62,,0.13837583550056096
5744,12557794,she beats me,2961,11737,7603,1708,,4202,1237,,1,5,9,yes,0.13819181612684794
5745,8361849,Nigiri,6409,10298,4129,1796,,4255,1234,,1,2,22,yes,0.1381596148934444
5746,18327624,Aa077,3067,11669,8550,1691,,,1422,yes,0,0,10,yes,0.1381375363558004
5747,6747917,S Cantoniensis,4404,10958,,1889,yes,6186,1177,,11,33,0,,0.13803463800673893
5748,10167542,vernonlim,8801,9736,,1846,yes,3356,1274,,12,50,0,,0.13790039703929874
5749,12716671,Faugon,17662,8439,1926,1892,,,1224,yes,0,0,23,yes,0.13788825905403862
5750,9819240,NN4,5777,10476,,1873,yes,6584,1169,,2,6,0,,0.13785999187748013
5751,13359670,juckport,7029,10142,2266,1874,,7500,1150,,3,7,5,yes,0.1372999094630111
5752,16129717,TomatoesGoBoom,9370,9622,,1842,yes,3194,1283,,20,62,0,,0.1370075300295892
5753,8540806,Guam,7181,10102,2684,1851,,5837,1186,,2,5,2,yes,0.1369105292641476
5754,10487020,Fractured,11023,9333,2875,1842,,,1277,yes,0,0,7,yes,0.1368742368231232
5755,6763434,Neina,6484,10278,,1866,yes,5565,1193,,3,6,0,,0.13675085557935973
5756,3806724,munchychips,8101,9885,,1852,yes,4576,1222,,2,3,0,,0.13667492765256756
5757,21870555,seven17500,7263,10080,4942,1770,,,1324,yes,0,0,4,yes,0.13667185586888503
5758,16088176,centthegod,21458,8067,734,2013,,5749,1188,,3,13,9,yes,0.1366123664870919
5759,15196733,pessi555,24795,7781,1479,1925,,,1182,yes,0,0,50,,0.13649476442263392
5760,20282255,Phuwit,7405,10046,4131,1796,,,1322,yes,0,0,19,yes,0.13631662834102637
5761,15762494,ilikeyuri,11558,9243,,1828,yes,2404,1333,,3,5,0,,0.13627359417709212
5762,21622646,Scaryz,10491,9422,1441,1929,,6381,1173,,9,34,10,yes,0.1359749569301879
5763,20865714,Navalus,4743,10830,,1885,yes,8791,1125,,3,6,0,,0.13581594196102537
5764,13227297,phonetical,18012,8402,1735,1905,,,1222,yes,0,0,12,yes,0.13563316654433905
5765,12713821,snowfort,5065,10714,1630,1914,,8645,1128,,15,43,4,yes,0.13509785584401374
5766,18583447,Tytek,8590,9785,3690,1811,,,1305,yes,0,0,23,yes,0.1349723568525879
5767,1842742,fufu,6048,10404,,1870,yes,6716,1166,,2,5,0,,0.13484614079707968
5768,34120365,pNode,8757,9745,3935,1803,,,1303,yes,0,0,4,yes,0.13451775557288942
5769,22159265,- Kombo -,2861,11802,7121,1717,,,1429,yes,0,0,37,yes,0.13428775019778333
5770,10201439,Lilli,18197,8382,1959,1890,,,1220,yes,0,0,37,yes,0.1341723898666794
5771,12860807,Voxel,8488,9804,5705,1750,,,1307,yes,0,0,1,yes,0.13409243298506196
5772,17224381,-buhn,3293,11540,9188,1679,,,1414,yes,0,0,7,yes,0.13408189841003965
5773,14263956,AgentKree,7002,10148,,1861,yes,8262,1135,,1,2,0,,0.13404823457785167
5774,31381766,7Wander,9903,9531,3291,1825,,,1289,yes,0,0,13,yes,0.1339841409090504
5775,11883340,HeteroPedro,16453,8573,2138,1880,,,1232,yes,0,0,30,yes,0.13377972138428101
5776,14364171,dyson,8913,9712,4776,1775,,,1301,yes,0,0,1,yes,0.13367559074284927
5777,4636461,ur mum,7603,10002,4554,1782,,,1319,yes,0,0,5,yes,0.13358235310715283
5778,15809466,Ferco,7571,10010,3371,1822,,6421,1173,,1,2,2,yes,0.1335322148881559
5779,21168873,Is1x,7165,10104,,1860,yes,7773,1145,,1,2,0,,0.132970170079178
5780,1023420,Commy,10194,9478,,1837,yes,2951,1298,,1,3,0,,0.13266509891874423
5781,6123557,Molo,6212,10356,,1869,yes,8401,1133,,2,3,0,,0.13261312202138525
5782,9528903,[ Mere ],16023,8625,,1803,yes,2059,1361,,26,115,0,,0.13250671833953842
5783,11791503,_Xed,7985,9915,,1853,yes,9027,1121,,1,1,0,,0.1324992844075782
5784,8968500,NAKS,5658,10511,,1874,yes,5762,1188,,3,11,0,,0.13241095868402183
5785,11226715,raritochka,17864,8416,4081,1798,,1623,1406,,19,73,6,yes,0.1322721726801774
5786,11645855,Verdigris,14495,8821,,1811,yes,2139,1354,,7,24,0,,0.13224440247036157
5787,15860861,TommeX,4786,10809,6144,1739,,2896,1301,,3,11,13,yes,0.13216671560176266
5788,8439027,meeb,8674,9764,,1847,yes,3874,1249,,2,4,0,,0.13195268387574466
5789,12656508,eximxi,6367,10312,,1867,yes,8016,1140,,1,3,0,,0.13193469355384815
5790,12744303,SleepyAniki,9664,9573,3453,1819,,,1292,yes,0,0,3,yes,0.13186210232246076
5791,4887814,Fuwzie,11927,9187,,1826,yes,2584,1320,,5,19,0,,0.13179746239762266
5792,1639250,Hicool,6792,10201,,1863,yes,5119,1206,,2,7,0,,0.13172934012459125
5793,22201438,voidynator,6125,10381,5117,1765,,,1343,yes,0,0,9,yes,0.13124133553679454
5794,1125647,Sakurai Miyo,6051,10403,7015,1720,,,1345,yes,0,0,3,yes,0.13117654732875142
5795,19617573,Sepiol,8895,9716,3601,1814,,,1301,yes,0,0,25,yes,0.13110425213521174
5796,11342324,StellarOW,4105,11091,3590,1815,,6632,1168,,9,23,6,yes,0.13102240614925437
5797,14373675,epixgamer,8027,9902,,1853,yes,8833,1125,,1,1,0,,0.13102192713323985
5798,11520201,Mapet,13155,9002,2077,1883,,7824,1144,,1,2,36,yes,0.1309699955905148
5799,13283902,gahbxa,12445,9107,2726,1848,,,1263,yes,0,0,29,,0.13094214241891824
5800,10728481,Graffitist,7574,10010,5809,1747,,,1319,yes,0,0,2,yes,0.13045914814998072
5801,11625767,Diamaku,8756,9746,5204,1763,,,1303,yes,0,0,1,yes,0.1304302078262291
5802,15415571,Bacmi,10208,9475,3229,1827,,,1286,yes,0,0,43,,0.13039474048371832
5803,10212942,Katharsis,7557,10014,1639,1913,,6466,1172,,31,118,6,yes,0.130173109694431
5804,7588992,hjkjhsghgjknkk,5410,10591,,1877,yes,5034,1209,,25,80,0,,0.13014866622969265
5805,12243792,Rinat,10785,9374,2690,1850,,7851,1143,,1,1,35,yes,0.13011952590627662
5806,10850278,CakeStuff,6511,10272,,1866,yes,4479,1225,,8,29,0,,0.13002111440937528
5807,11874644,Arqued,8659,9769,,1848,yes,3916,1247,,1,4,0,,0.12993214868059
5808,18839185,Kirbo,2355,12176,6965,1721,,9077,1121,,2,5,6,yes,0.12985586302402366
5809,36881804,cubb,9144,9665,3583,1815,,,1298,yes,0,0,12,yes,0.1296258161274106
5810,8191845,Stage,11165,9310,,1830,yes,2814,1306,,9,37,0,,0.1295902498367032
5811,6528275,Haralil,8103,9884,,1852,yes,4402,1229,,1,4,0,,0.1294335865025201
5812,11522758,-Washed up-,9562,9590,3414,1820,,,1293,yes,0,0,14,yes,0.12940658450049963
5813,11622287,_Rel_,2646,11960,3949,1802,,8370,1133,,7,24,54,yes,0.12924318306755844
5814,13709605,Suzumiya,3096,11649,7238,1715,,5484,1195,,1,4,7,yes,0.12905139056633014
5815,20066159,- Sr Paiku -,7788,9959,,1855,yes,5198,1203,,2,3,0,,0.12893665621368117
5816,4056694,Marcin DziDT,9856,9539,,1839,yes,3191,1283,,1,2,0,,0.1289014313401322
5817,11183809,Ascinei,8743,9749,3050,1834,,5968,1183,,1,2,32,,0.12887781219114103
5818,16018790,taronado,3990,11151,,1895,yes,7635,1147,,7,19,0,,0.1287409073638166
5819,27385289,romeo tempest,6645,10236,7468,1711,,,1334,yes,0,0,2,yes,0.12837664576724264
5820,6633574,Shiho desu,5939,10431,4088,1798,,4928,1212,,4,9,3,yes,0.12825521110631144
5821,12623324,dskylh,7715,9973,4215,1793,,,1317,yes,0,0,10,yes,0.12804902198287477
5822,10792516,Eyeonized,7625,9996,5096,1766,,,1319,yes,0,0,3,yes,0.12800265288530674
5823,21515670,redgumm,7555,10014,5901,1745,,,1320,yes,0,0,2,yes,0.12797625110024735
5824,15512616,Satrbucks,7304,10070,4120,1796,,,1324,yes,0,0,41,,0.12784561639962957
5825,20758324,4lef,10765,9378,3055,1834,,,1280,yes,0,0,10,yes,0.127595816218707
5826,7839596,Xydiap,5148,10682,,1880,yes,8088,1139,,4,6,0,,0.12743608794446715
5827,11889106,Gaites,14184,8865,2375,1867,,,1249,yes,0,0,14,yes,0.12741227886793244
5828,11629570,everstagnating,10025,9511,2579,1856,,3680,1258,,10,27,5,yes,0.12712141479296904
5829,11476355,barny228,3301,11539,7022,1720,,8529,1130,,3,11,1,yes,0.12687317777781493
5830,11688893,hakashii,14437,8831,2374,1867,,,1247,yes,0,0,17,yes,0.12671857426328376
5831,11915154,i hate osu,4867,10778,5004,1768,,4785,1216,,2,3,11,yes,0.12666281152175984
5832,11829900,Angeles,8811,9734,,1846,yes,3836,1251,,1,4,0,,0.12661844960366359
5833,14836949,Yellow Guy 5,9646,9575,3619,1814,,,1292,yes,0,0,2,yes,0.12643865055322456
5834,8888951,360,7577,10009,,1856,yes,6905,1162,,1,2,0,,0.1262121895223971
5835,17545448,refi_,7385,10051,4205,1793,,,1322,yes,0,0,19,yes,0.1260455892085909
5836,7485526,Gwaltosz,9784,9552,,1840,yes,3430,1270,,1,1,0,,0.12581137185818775
5837,3619284,Menty,9282,9638,,1843,yes,3276,1278,,57,232,0,,0.1258079572318707
5838,5958063,eerie,4778,10813,4069,1798,,4440,1227,,29,86,22,yes,0.12555323400706897
5839,17018032,M4rti_,4866,10778,,1883,yes,6749,1165,,4,13,0,,0.12519505040605833
5840,9360417,qqqq,6546,10263,,1865,yes,4759,1217,,7,16,0,,0.12490412073321115
5841,13641163,parhelia,7804,9953,,1854,yes,4189,1237,,1,9,0,,0.1247636088514083
5842,4115537,Krosis,8338,9837,,1850,yes,4545,1223,,1,3,0,,0.12476188442386119
5843,3857985,Yel,8986,9696,4890,1772,,,1300,yes,0,0,1,yes,0.12471339494128403
5844,17150996,Crooked,8013,9906,,1853,yes,4975,1210,,1,3,0,,0.12427918291453895
5845,15556878,DiiMeX,6952,10159,,1862,yes,4814,1214,,2,9,0,,0.12424195800598961
5846,7365196,Nos_If,19415,8256,1330,1939,,,1213,yes,0,0,6,yes,0.12388940330449433
5847,9300826,Endnix,17568,8448,1853,1897,,3503,1266,,18,78,39,yes,0.12384253838923556
5848,8701569,Alfredo--,5050,10721,6451,1732,,,1365,yes,0,0,7,yes,0.12382760916949934
5849,9632125,Ravac5,6980,10152,4181,1794,,5021,1209,,1,1,12,yes,0.12380586608614108
5850,7694786,carts,10395,9438,3182,1829,,,1284,yes,0,0,8,yes,0.1238010750927366
5851,33748469,BErzukai,8489,9804,3825,1806,,,1307,yes,0,0,17,yes,0.12377269712242076
5852,16149159,hippocripp,3427,11457,3274,1826,,8161,1137,,15,41,8,yes,0.12371719647669593
5853,34146044,meitynator,10054,9504,,1838,yes,3110,1288,,1,1,0,,0.12349606419194083
5854,15207748,atisuma,4665,10856,4403,1786,,4898,1212,,1,6,40,yes,0.12339658511101134
5855,18508444,zPeluca,10302,9456,3240,1827,,,1285,yes,0,0,11,yes,0.12313537729100442
5856,19957490,Leeoch,5612,10526,3632,1813,,5770,1188,,3,7,27,yes,0.12293880548397744
5857,1661227,Satellite,10449,9429,5241,1762,,2131,1355,,3,8,3,yes,0.1228788419788474
5858,23453797,CG14,8468,9808,3253,1827,,4146,1238,,1,5,3,yes,0.12284504637183741
5859,5167225,[-Ascended-],8786,9739,,1847,yes,5904,1184,,1,1,0,,0.12275577327389156
5860,10614643,domiarts,7011,10146,,1861,yes,5940,1183,,1,4,0,,0.12270065758840534
5861,14466404,iSuniz,7835,9947,,1854,yes,6332,1175,,1,2,0,,0.12263993957123791
5862,10339839,xydzina,7433,10039,,1857,yes,7401,1152,,1,2,0,,0.12254956587376326
5863,28234504,Snacey,8523,9798,,1849,yes,4371,1229,,1,3,0,,0.12244986714767107
5864,10590812,jihoonn,8916,9711,3832,1806,,3086,1289,,6,15,8,yes,0.12242270966769805
5865,5069420,Wizzt,9429,9613,4231,1793,,,1295,yes,0,0,1,yes,0.12222846238273648
5866,3245206,Ascaveth,15324,8715,2333,1869,,,1240,yes,0,0,28,yes,0.12221140845041337
5867,22744236,Rumiyen,12270,9133,6172,1739,,2085,1359,,3,11,1,yes,0.12220807641547544
5868,14932209,skitsu,4134,11079,6958,1721,,,1388,yes,0,0,10,yes,0.12212889619098949
5869,10501992,DaH9_TTpo2007,7382,10052,,1858,yes,7574,1149,,1,2,0,,0.12206753596564243
5870,20544827,SONIX871,10989,9337,3097,1832,,,1277,yes,0,0,58,,0.12203939675672862
5871,9674143,Defex,12612,9080,,1821,yes,2607,1319,,41,174,0,,0.12201700311328195
5872,10949152,Johannes,4187,11058,3264,1826,,8720,1127,,4,11,26,yes,0.12188599711255657
5873,29316100,OweQ1337,7579,10008,8904,1685,,,1319,yes,0,0,1,yes,0.12183970620216866
5874,12431599,MehlsackX,30291,7409,,1748,yes,1241,1463,,84,371,0,,0.12181716068374426
5875,10049665,ckhrix,6829,10192,5282,1761,,,1331,yes,0,0,5,yes,0.12151211998717176
5876,15793734,APTEM,11565,9242,5704,1750,,2488,1327,,27,86,1,yes,0.1212910142646497
5877,15841801,Chakerski,4712,10840,7727,1706,,,1373,yes,0,0,5,yes,0.12128884039475496
5878,3318668,Fayth,9060,9681,,1844,yes,3385,1272,,20,77,0,,0.12116125319965461
5879,3095685,wohooooooo,6462,10283,,1866,yes,4522,1224,,14,42,0,,0.12110688882070945
5880,11236555,ordinary,3915,11188,7356,1713,,6376,1174,,6,16,1,yes,0.12102022486309405
5881,16716351,Natrixx,8773,9742,2626,1853,,9348,1115,,1,2,10,yes,0.121010449168679
5882,9828202,Joaco,6466,10282,2222,1876,,9273,1117,,3,9,9,yes,0.12084926281883202
5883,10665622,bartez0,6719,10220,3961,1802,,5078,1207,,1,3,9,yes,0.12075114688141886
5884,2262143,MoorE,7300,10070,,1859,yes,5530,1194,,2,4,0,,0.12064931010839527
5885,20741898,superr-,3573,11372,6907,1722,,,1404,yes,0,0,19,yes,0.1202135748348907
5886,11999234,Genom,9221,9650,3637,1813,,,1297,yes,0,0,11,yes,0.12003280431604721
5887,12740152,vergenussferkle,13984,8889,1869,1896,,5717,1189,,3,9,91,,0.11982783703228891
5888,13213052,Hirvaaad,12517,9095,2795,1845,,,1263,yes,0,0,39,,0.11980181073365935
5889,3974292,blourgh,10520,9417,2358,1868,,4382,1229,,7,22,14,yes,0.11922013813176802
5890,10354402,Gothem,9185,9658,4676,1778,,,1298,yes,0,0,1,yes,0.11921774973029753
5891,9300080,misaa,3752,11275,,1899,yes,9658,1110,,5,11,0,,0.11901267815190669
5892,18391582,aoma,5651,10515,4895,1771,,,1353,yes,0,0,34,yes,0.11874154083263852
5893,6393126,Desew,6784,10203,6763,1725,,2078,1360,,8,37,15,,0.11818070083577059
5894,10936276,Stalemated,4870,10777,7462,1711,,4582,1222,,1,1,4,yes,0.11806344145645034
5895,6333166,AlvaroYL,6781,10205,,1863,yes,7484,1150,,2,3,0,,0.1179777681574107
5896,15499869,KhoiH,8206,9862,1997,1888,,7082,1159,,4,15,10,yes,0.11776705630123652
5897,11356954,maeve,9342,9627,3577,1815,,,1296,yes,0,0,18,yes,0.11773840209420265
5898,7103897,Peruna,8936,9706,,1845,yes,4009,1244,,1,3,0,,0.11770533514436077
5899,12634710,Kexrus,5675,10506,3491,1818,,7148,1157,,3,6,1,yes,0.11767524704087687
5900,4529885,Kotonashi,13268,8983,4640,1779,,2184,1350,,14,50,2,yes,0.11762494473044441
5901,4586416,Destino,5492,10564,4343,1788,,3747,1254,,6,18,57,yes,0.11759291311338005
5902,13648653,GSDark,3185,11598,,1909,yes,9952,1106,,5,18,0,,0.11759161711582894
5903,10500541,FaintGun,9609,9581,,1841,yes,3261,1278,,17,65,0,,0.1175272971407938
5904,25300323,_-Astra-_,6616,10245,4599,1780,,,1335,yes,0,0,19,yes,0.11747272727115717
5905,9588826,-forestguy-,6007,10412,3202,1828,,7303,1154,,2,6,29,yes,0.11736442239740519
5906,4674054,byfar,3795,11256,,1899,yes,8504,1131,,4,17,0,,0.11728599711918442
5907,17273090,AshJAM,7106,10123,,1860,yes,5487,1195,,3,5,0,,0.117170788581413
5908,14471463,Deleted_User401,8152,9874,4043,1799,,,1311,yes,0,0,14,yes,0.11716657195130403
5909,10862447,icoudentthink,7356,10057,,1858,yes,7841,1143,,1,2,0,,0.11701944706618053
5910,14850852,Melodous_,7297,10071,4940,1770,,,1324,yes,0,0,5,yes,0.1168416587831558
5911,11803452,Sylis12,7799,9956,5773,1748,,,1316,yes,0,0,2,yes,0.11634115786470718
5912,4198283,Snowslide,6996,10148,,1861,yes,4762,1217,,6,11,0,,0.11628094291760321
5913,6606746,Iofjnarbosq,12990,9025,1105,1963,,8681,1127,,32,95,26,yes,0.11623849539092801
5914,25315485,JuKimrui,9035,9686,3836,1806,,,1300,yes,0,0,6,yes,0.11616790530809477
5915,11238108,THE IDOLMASTER,2535,12028,,1922,yes,9367,1115,,78,238,0,,0.11577098985598583
5916,28930794,Bluegaytion,5201,10662,5138,1764,,,1362,yes,0,0,39,yes,0.11531822320181115
5917,26515818,brainshocked,8048,9899,4614,1780,,,1313,yes,0,0,4,yes,0.11503007218150313
5918,3687318,Wonder,7581,10007,,1856,yes,4138,1239,,5,22,0,,0.11500009244843853
5919,11865105,Sentha,4533,10914,6573,1729,,,1377,yes,0,0,10,yes,0.1149997536081081
5920,5184445,Fairy Peak,6264,10337,,1868,yes,5508,1194,,3,10,0,,0.11489315570777134
5921,9377682,srajo,5558,10542,,1875,yes,8188,1137,,3,5,0,,0.11489237945844016
5922,14672586,MrCookis,3868,11211,7665,1707,,5550,1193,,1,2,5,yes,0.11488501075632562
5923,4464845,Aimseky,6682,10229,,1864,yes,4426,1227,,16,58,0,,0.11485667873100888
5924,12500084,empi-,5269,10634,,1878,yes,5815,1186,,8,22,0,,0.11466314212089643
5925,11795868,Ecifircas,7109,10122,3732,1810,,7414,1151,,1,2,3,yes,0.11463631536606655
5926,10021516,MarkGS,7125,10118,4230,1793,,4326,1231,,5,12,1,yes,0.1142480467980489
5927,2583259,Swung,10601,9402,,1834,yes,3018,1293,,4,12,0,,0.11407501968985212
5928,3063460,Qualli,9296,9636,,1843,yes,3641,1260,,2,4,0,,0.1140052698624042
5929,14141788,METKIY_STRELOK,8368,9829,3250,1827,,9383,1115,,1,1,4,yes,0.1137206769270826
5930,19458275,KevMega,15598,8679,2385,1866,,,1238,yes,0,0,48,yes,0.11349339640091423
5931,9060966,Puskevit,7208,10096,5524,1754,,2212,1347,,2,10,19,yes,0.11345133165362531
5932,22204617,bexysz,6566,10257,5008,1768,,,1336,yes,0,0,9,yes,0.11318802223748012
5933,11926678,fizzest,8092,9888,,1852,yes,6046,1181,,1,2,0,,0.11291366655073011
5934,10685608,stealfth,12086,9165,,1825,yes,2749,1309,,38,136,0,,0.11285947631075277
5935,22054138,Mizan,16752,8540,,1799,yes,2007,1367,,10,39,0,,0.11271680070505952
5936,20718798,Drmz_,8082,9891,4882,1772,,,1312,yes,0,0,3,yes,0.11265700071992511
5937,5894953,Asion,6909,10169,7350,1713,,,1330,yes,0,0,2,yes,0.11263821256177878
5938,4418644,Sogari,11141,9313,,1830,yes,2871,1303,,4,11,0,,0.11250335486266298
5939,14773345,I use HDDT,5080,10710,8073,1700,,,1365,yes,0,0,4,yes,0.11217753550385945
5940,3096229,zodiaack,13892,8901,2852,1843,,2383,1335,,1,4,10,yes,0.11184880269809347
5941,19951508,zitn,8877,9721,,1846,yes,6190,1177,,1,1,0,,0.11143267985475573
5942,13483559,ZeMiRiTE,4230,11033,8200,1698,,,1385,yes,0,0,6,yes,0.11114053908457555
5943,4369636,Hiagg,4048,11120,6526,1730,,,1390,yes,0,0,17,yes,0.11109410069740122
5944,11895985,Aim Game,3944,11172,2153,1880,,8399,1133,,23,70,2,yes,0.11105643384158564
5945,15672460,Galactic Shift,8712,9755,2900,1841,,5946,1183,,1,2,2,yes,0.11104212100674044
5946,2506715,-Deity-,8608,9781,,1848,yes,3740,1255,,4,15,0,,0.1110272137310252
5947,12688277,ChiefCFL,11245,9294,3501,1817,,2733,1310,,4,17,19,yes,0.11102182706599226
5948,14494010,MogenNotFound,10796,9371,1440,1929,,7346,1153,,17,70,17,yes,0.11076373388296698
5949,11846534,NxGD,7288,10073,2918,1840,,9957,1106,,1,2,2,yes,0.11044896782256813
5950,6707903,Pierse,9125,9669,,1844,yes,3811,1252,,1,4,0,,0.11042139942706193
5951,3297385,Terra,7499,10025,3758,1809,,5223,1203,,3,4,1,yes,0.11038463797943183
5952,25137003,Node09,6614,10245,,1865,yes,6991,1160,,1,4,0,,0.11014031978220035
5953,20266294,Sunreact,9218,9651,4030,1800,,,1297,yes,0,0,3,yes,0.10982824021643373
5954,19102700,Picul Rick,6016,10410,7513,1710,,,1346,yes,0,0,3,yes,0.10959881539118582
5955,3022974,DXM,4843,10785,6012,1742,,,1370,yes,0,0,13,yes,0.10951788782652294
5956,9135454,-Typhlo-,7339,10060,,1858,yes,4119,1240,,28,104,0,,0.10942664092659934
5957,6291674,Koodia,7592,10004,,1856,yes,5070,1207,,1,5,0,,0.1093792376680248
5958,9397439,amata,12621,9079,,1821,yes,2589,1320,,7,23,0,,0.10927767504846281
5959,17812615,Lorry,8679,9762,4428,1786,,,1304,yes,0,0,3,yes,0.10905343289610876
5960,21912586,legendyeay,22822,7946,1747,1904,,,1194,yes,0,0,101,,0.10886007817683269
5961,12115332,s e n,7386,10050,4972,1769,,,1322,yes,0,0,5,yes,0.10879854211819273
5962,16512269,Tsukimoon,7988,9914,4008,1800,,,1313,yes,0,0,66,yes,0.10864083882275381
5963,9419611,BoxTrox,4713,10839,,1885,yes,7928,1142,,7,10,0,,0.1086347326037494
5964,7198979,pogi,6000,10414,,1871,yes,5113,1206,,11,30,0,,0.10853110874391125
5965,12875343,AkakiKN,7769,9963,8849,1686,,,1317,yes,0,0,1,yes,0.10836781618323602
5966,11919660,PAcuTeMHAduLIIA,7038,10140,,1861,yes,6269,1176,,3,4,0,,0.1083124673671352
5967,4681578,GRR SNARL GROWL,10470,9426,4537,1783,,2945,1299,,13,36,1,yes,0.1078446962757528
5968,8567991,sonic231,6144,10376,9207,1679,,,1343,yes,0,0,2,yes,0.10772025709847868
5969,18180293,Spotcicle,8191,9864,2169,1879,,5941,1183,,4,14,5,yes,0.10763786466393627
5970,5799627,v4rch,3670,11320,4651,1778,,5071,1207,,12,35,28,yes,0.1074914008613875
5971,11732947,Prawidlowy,10085,9498,2179,1878,,5267,1201,,17,69,26,yes,0.10736714043021667
5972,8576853,Timberly,7454,10035,9994,1666,,,1321,yes,0,0,1,yes,0.10714747496631663
5973,17649736,ecalos,9195,9657,3898,1804,,,1298,yes,0,0,5,yes,0.10706513053002165
5974,17593996,Holabanana,19829,8216,1881,1895,,,1211,yes,0,0,31,yes,0.10700160330822978
5975,15131035,Jzu,5536,10551,7340,1713,,,1355,yes,0,0,4,yes,0.10696618224164162
5976,16106689,chocominty,7485,10026,9863,1668,,,1321,yes,0,0,1,yes,0.10695352753275408
5977,5324987,Chocosticks,45324,6654,,1710,yes,882,1542,,24,111,0,,0.10689609544400713
5978,12419257,Egao,7693,9979,,1855,yes,4092,1240,,11,32,0,,0.1065971463064114
5979,26095913,MEGA_BULDOZER03,10498,9420,3308,1824,,,1283,yes,0,0,47,yes,0.10653455180711982
5980,19869325,Ahrilngmalakas,6340,10316,5227,1762,,,1340,yes,0,0,9,yes,0.10652838580462592
5981,19952951,Rekked,7450,10036,5190,1763,,,1321,yes,0,0,4,yes,0.10652638276197096
5982,7518843,DeZpair,8366,9830,,1850,yes,3984,1245,,3,11,0,,0.10650984527331492
5983,8832233,ppengy,9882,9535,3465,1818,,,1289,yes,0,0,42,yes,0.10646555918744367
5984,8249686,Texyle,9462,9607,3668,1812,,3168,1284,,1,3,12,yes,0.10634555306200646
5985,21180640,Hayakou,4144,11073,9104,1681,,4842,1214,,1,1,4,yes,0.10633287865233129
5986,11921527,[ - Kev - ],4400,10960,6412,1733,,,1381,yes,0,0,14,yes,0.10632421779203455
5987,10057642,ruchimiru,20682,8134,1843,1898,,,1206,yes,0,0,38,yes,0.10622987875149531
5988,6884761,Lissaru,11270,9290,2915,1840,,,1275,yes,0,0,4,yes,0.10557241856200891
5989,4073754,nat,11110,9317,3605,1814,,2766,1308,,5,22,18,yes,0.10542209140603034
5990,5634887,ireach,7890,9935,8588,1691,,,1315,yes,0,0,1,yes,0.10521260155664103
5991,14391105,MeowXDDD,8955,9702,3733,1810,,3532,1264,,3,10,2,yes,0.10520548784572638
5992,5066908,N2U,10464,9427,,1835,yes,3116,1287,,2,9,0,,0.10494912851363923
5993,16386550,W0rstPassPlayer,2906,11773,9708,1670,,,1428,yes,0,0,9,yes,0.10492413120104577
5994,5713791,Aosek,10663,9393,2323,1870,,9853,1107,,1,2,13,yes,0.1047173924964673
5995,2678812,Amanda,11117,9316,,1831,yes,2907,1301,,3,8,0,,0.10464881709435328
5996,13808283,Vierre Cloud,11037,9329,3172,1829,,,1277,yes,0,0,23,yes,0.10443674965281119
5997,14201832,KataVin,10611,9400,3288,1825,,,1281,yes,0,0,18,yes,0.10435052719767907
5998,12676082,FliZerix,26813,7633,1550,1919,,,1171,yes,0,0,224,yes,0.10399554762616708
5999,12601090,Celestialer,4257,11019,,1891,yes,6955,1161,,9,37,0,,0.1038338216907485
6000,20960532,Yotsuya Miko,21851,8034,1544,1920,,,1200,yes,0,0,14,yes,0.10371248330369653
6001,13480282,Bryaby,4887,10772,6232,1737,,,1369,yes,0,0,11,yes,0.10344490509700782
6002,19135340,5c0p3d,7217,10092,3984,1801,,8160,1137,,1,1,10,yes,0.10341261171595534
6003,11297583,mihyang,6530,10267,6163,1739,,,1336,yes,0,0,4,yes,0.10336227854846963
6004,10304296,mvrrko,3745,11279,6062,1741,,5372,1198,,3,5,9,yes,0.10330854849958969
6005,12055929,kinchin,3268,11551,7029,1719,,,1414,yes,0,0,34,yes,0.10289134817170226
6006,17130840,rikka,11986,9178,2828,1844,,,1268,yes,0,0,7,yes,0.10288152667134237
6007,18120010,RelowDust,5131,10688,9161,1680,,5871,1185,,2,5,1,yes,0.10273083813870232
6008,14505580,cuna,6362,10313,,1867,yes,6981,1161,,1,5,0,,0.1022759649513395
6009,16345536,[Dalbee],9122,9669,3995,1801,,,1298,yes,0,0,5,yes,0.10177692012200254
6010,8582481,Worldstaar,8675,9764,,1847,yes,3810,1252,,4,15,0,,0.10131068899880497
6011,17357412,[-Dany-],9106,9672,,1844,yes,5851,1185,,1,1,0,,0.10124505034219926
6012,17725629,kohlrubenwinter,9038,9686,,1845,yes,6112,1179,,1,1,0,,0.10118774445904537
6013,23605412,Khidir Karawita,12992,9025,1805,1901,,5553,1193,,1,1,3,yes,0.10105694006445408
6014,5200499,ExImperia,5358,10607,,1877,yes,5593,1192,,9,44,0,,0.1010292183115718
6015,11239237,Still in Love-,6657,10234,,1864,yes,7178,1157,,1,4,0,,0.10090682597914388
6016,9389213,minecrafter,3497,11414,,1904,yes,8381,1133,,11,39,0,,0.10086002551724316
6017,6167983,Xlyana,4304,10996,,1890,yes,8107,1138,,7,14,0,,0.1008468773069755
6018,909745,Takaichi,9738,9559,,1840,yes,3346,1274,,33,150,0,,0.10083018086643236
6019,9531903,FrenZ,3582,11365,,1902,yes,9070,1121,,8,20,0,,0.10080151780448887
6020,30801012,Tw1zen,6135,10380,6682,1727,,,1343,yes,0,0,4,yes,0.10076224785961796
6021,18381679,gilbertboys,8393,9825,,1850,yes,5802,1187,,1,2,0,,0.10070066357298316
6022,5286218,Yorocchi,5633,10519,9868,1668,,4001,1244,,11,57,1,yes,0.10063241621598468
6023,8929490,Popstar69,10205,9476,,1837,yes,3244,1279,,2,8,0,,0.10054119164885073
6024,10059676,tupoy bezdar,8058,9896,5745,1749,,,1312,yes,0,0,2,yes,0.10041835307417765
6025,4453555,Gbomb2215,6426,10296,,1866,yes,6449,1172,,3,6,0,,0.10029147370636407
6026,12849730,Miinn_,5027,10730,6184,1738,,3184,1283,,7,26,11,yes,0.10028388321046161
6027,11376203,FaoW,17615,8443,1855,1897,,5019,1209,,1,2,25,yes,0.09996978274800994
6028,5570153,Unknowhn,9480,9605,3747,1809,,,1294,yes,0,0,8,yes,0.09974879037575032
6029,12601823,Gage,1795,12744,6322,1735,,9683,1110,,7,14,8,yes,0.09939968657721837
6030,36963238,09X,11809,9202,2661,1852,,,1269,yes,0,0,3,yes,0.09924350921665086
6031,32506052,Mdar,3155,11616,6557,1729,,8823,1125,,1,1,23,,0.09915347438364103
6032,7329177,SIMONETRAPANI,13832,8909,,1815,yes,2510,1326,,24,81,0,,0.09904541276516482
6033,4508048,LaKnox,8959,9702,,1845,yes,3638,1260,,10,26,0,,0.09902585393274954
6034,14568062,s-illy,7524,10019,6595,1729,,,1320,yes,0,0,2,yes,0.09900850117437321
6035,10383440,ChaeY_Milk,4476,10932,,1888,yes,7380,1152,,8,19,0,,0.09858141231960527
6036,15838971,Jude-,9600,9583,4558,1782,,,1293,yes,0,0,1,yes,0.09836002129409879
6037,10617908,Acreams,7251,10083,3130,1831,,8116,1138,,1,3,5,yes,0.0983395446219889
6038,27483211,Alamacabra,10384,9441,1792,1901,,7987,1141,,8,24,63,yes,0.09828926632715385
6039,10820190,Dakser,13454,8956,,1816,yes,2581,1320,,28,138,0,,0.09826627423765771
6040,22368895,Zai,9710,9564,4400,1787,,,1291,yes,0,0,1,yes,0.09812784123981323
6041,17068480,-pink-,9639,9576,,1840,yes,3631,1260,,1,4,0,,0.09809136986839984
6042,15903451,pkm900,20526,8148,1844,1898,,3254,1279,,2,6,32,yes,0.09798152645974363
6043,11109332,AwesomeAldine,10050,9505,1525,1922,,6220,1177,,7,34,6,yes,0.0979719868067247
6044,18750748,Shogeki,10126,9490,,1837,yes,3263,1278,,44,142,0,,0.09776239573539036
6045,9213524,MattyGee,7120,10119,,1860,yes,7374,1153,,1,3,0,,0.09774065098110393
6046,660311,Kiwisama,5833,10457,3186,1829,,7663,1147,,3,7,6,yes,0.0977111232414872
6047,2977954,Tim Scam,10597,9403,,1834,yes,3076,1290,,1,3,0,,0.0975475073198813
6048,22871068,JMBDragon1,10863,9358,3270,1826,,,1279,yes,0,0,15,yes,0.09753515629369444
6049,21063408,townes,10394,9439,1411,1932,,8408,1132,,14,37,15,yes,0.09697750029122396
6050,13232288,jomapisa,9182,9659,,1844,yes,5846,1185,,1,1,0,,0.09668603602161134
6051,8707087,datveno,4117,11087,3232,1827,,8460,1131,,9,21,25,yes,0.09660615031632253
6052,15475154,AlvaroS046,7152,10109,4160,1795,,7314,1154,,1,1,10,yes,0.09630988401451171
6053,18415252,SiroTTTTT,5845,10454,4948,1770,,7451,1151,,1,3,2,yes,0.09574717724310364
6054,8087710,Kioku,4766,10820,,1884,yes,7228,1156,,4,16,0,,0.0957079354119692
6055,21776622,KLMNAT,7541,10017,4765,1775,,,1320,yes,0,0,7,yes,0.09569808142242824
6056,17185283,Their Bozo,7483,10027,6736,1726,,,1321,yes,0,0,2,yes,0.09556416102235946
6057,6023950,Kumatetsu,5972,10422,2537,1858,,7083,1159,,6,18,4,yes,0.09525858614747176
6058,7351881,UltraBeran,6211,10356,4959,1769,,,1342,yes,0,0,21,,0.09484753396893178
6059,33921615,AAAAAA967,7957,9918,8801,1687,,,1314,yes,0,0,1,yes,0.09469741780198004
6060,13608111,Ostikowy,4756,10823,5408,1757,,3898,1249,,1,2,34,,0.09468232180369271
6061,21122087,Distant,4418,10953,7140,1717,,,1380,yes,0,0,9,yes,0.09465312856879465
6062,25889638,ugly g0d,4573,10898,6270,1736,,,1377,yes,0,0,16,yes,0.09448387119780743
6063,3664087,Bot,8874,9722,,1846,yes,7249,1155,,1,1,0,,0.09436310516995801
6064,17370899,Rio Tsukatsuki,10019,9512,3644,1813,,,1288,yes,0,0,5,yes,0.09418944139012647
6065,6662773,Keenzo,6271,10335,4711,1776,,,1341,yes,0,0,56,,0.0940436209798477
6066,24872087,j0suk8,9896,9532,3570,1815,,,1289,yes,0,0,42,yes,0.09381468424372527
6067,14948784,mhum,8904,9714,,1846,yes,7137,1158,,1,1,0,,0.09358756059033947
6068,11498482,sayumujina_,11352,9280,3125,1831,,,1274,yes,0,0,10,yes,0.09335597604976051
6069,16080763,Nescauu,11449,9260,2884,1842,,,1273,yes,0,0,3,yes,0.09326151415261283
6070,13474939,Nepp0,8816,9733,3877,1804,,,1302,yes,0,0,34,yes,0.09290249621879483
6071,24429788,V I R I S A,7089,10129,2936,1839,,9843,1108,,2,3,5,yes,0.0927772123747605
6072,3244820,qqale1,12132,9158,,1824,yes,2610,1319,,1,6,0,,0.09276023415449167
6073,17246841,MarkoXDDD,9959,9523,3572,1815,,,1289,yes,0,0,29,yes,0.09269006190295286
6074,17360485,Shaiden Rogue,14689,8797,2544,1857,,,1245,yes,0,0,26,,0.09264625066712869
6075,11921788,max667,8024,9903,,1853,yes,4594,1222,,2,7,0,,0.09246507652037542
6076,8114571,fragrances,7378,10052,1741,1905,,8896,1124,,4,15,6,yes,0.09242122508413642
6077,20299701,goga89,5060,10717,9851,1668,,,1365,yes,0,0,3,yes,0.0921858131110751
6078,9850616,Zizian,7996,9910,4550,1782,,,1313,yes,0,0,7,yes,0.09209078621494365
6079,6621540,Seguri,9313,9631,,1843,yes,3661,1258,,3,10,0,,0.09199112124602768
6080,5735327,kevjn,8121,9880,,1852,yes,6727,1166,,1,2,0,,0.09188694024786394
6081,13519117,pdpd123,16138,8609,2431,1863,,,1234,yes,0,0,80,yes,0.09186465395637686
6082,14537306,7 digit skills,4555,10903,,1887,yes,8973,1122,,2,9,0,,0.0917545014237035
6083,12154383,Ivanok,10610,9401,3359,1822,,,1281,yes,0,0,9,yes,0.09171150863056675
6084,31313575,PandatheFur,14545,8814,2545,1857,,,1246,yes,0,0,21,yes,0.09139251614335925
6085,5897889,-Rushi-,8271,9849,8897,1685,,2180,1350,,2,12,3,yes,0.09120483412176944
6086,11752167,fiyo,9138,9666,,1844,yes,6302,1175,,1,1,0,,0.09112956721984529
6087,13055978,Po1SoN3SS,14386,8838,2332,1869,,3637,1260,,69,221,28,yes,0.09106267229584707
6088,8939857,ponbot,9447,9610,,1842,yes,3852,1250,,1,4,0,,0.09105132149783236
6089,11523326,-pineapple-,6531,10266,,1865,yes,4808,1215,,12,50,0,,0.09091258539300298
6090,8321943,OnniS6,13934,8896,2747,1847,,,1251,yes,0,0,96,yes,0.09085381368948925
6091,13088536,- BankSLZ -,8960,9702,4050,1799,,,1301,yes,0,0,8,yes,0.09080885790772747
6092,8645257,Kurisu,6233,10350,,1868,yes,5045,1208,,14,49,0,,0.09074043940030349
6093,11933573,Txmas,9686,9567,3358,1822,,3574,1262,,6,12,11,yes,0.09055752358935652
6094,16628019,DrSkillIssue,9332,9628,3829,1806,,,1296,yes,0,0,11,yes,0.09047432649427523
6095,13050074,faze-dank,9653,9574,3808,1807,,,1292,yes,0,0,6,yes,0.09046819666152132
6096,10662216,OtroPelotudoMas,7760,9965,4237,1792,,,1317,yes,0,0,42,yes,0.09017006505850676
6097,2485920,twenty,12103,9162,8578,1691,,1615,1407,,2,8,2,yes,0.08987257655848147
6098,9748303,Mattay,2687,11929,9306,1677,,4290,1233,,5,13,7,yes,0.08980489608227171
6099,13799103,ICallHerMommy,7272,10078,1647,1912,,6347,1174,,33,117,3,yes,0.08971502523194719
6100,13826244,aiyern,11879,9193,3052,1834,,,1269,yes,0,0,16,yes,0.08909727417515352
6101,7145125,PhxR,7765,9964,9742,1670,,,1317,yes,0,0,1,yes,0.08887484916201724
6102,23764542,luneteo,11892,9191,2720,1849,,,1269,yes,0,0,3,yes,0.0888253322092613
6103,16140136,IAsura,8193,9864,,1851,yes,3963,1246,,29,79,0,,0.08841981398236755
6104,11757852,Kinor,6265,10336,3180,1829,,6155,1178,,5,14,10,yes,0.08831410096295392
6105,28694940,Sumi Yoshizawa,11529,9247,2962,1838,,,1272,yes,0,0,4,yes,0.08800366337536103
6106,11710802,triesty,10852,9360,3331,1823,,,1279,yes,0,0,21,yes,0.08791872990214038
6107,24553712,HRemm,8749,9747,4018,1800,,,1303,yes,0,0,18,yes,0.08786262824153505
6108,6360283,User XXII,8644,9772,,1848,yes,4159,1238,,2,8,0,,0.0878581434516574
6109,19399133,Jperm,7040,10139,,1861,yes,7908,1142,,1,3,0,,0.08784491418546406
6110,10864040,Heipharambe,3763,11268,3489,1818,,9889,1107,,3,13,2,yes,0.08767238563906421
6111,15139660,Sunbun03,8309,9842,4325,1789,,,1309,yes,0,0,9,yes,0.087561222537308
6112,2987120,MyAngelSora,8199,9863,4245,1792,,,1311,yes,0,0,15,yes,0.08731373299249526
6113,6049656,jeesusmies,7973,9916,6171,1739,,,1314,yes,0,0,2,yes,0.08726933739870821
6114,3589423,Naxurin,12068,9167,,1825,yes,2675,1314,,2,6,0,,0.08721133878418083
6115,6744452,Koppe,5970,10423,,1871,yes,5562,1193,,7,23,0,,0.08709146356067071
6116,16317060,LotsOfBagel,7236,10086,,1859,yes,7422,1151,,2,3,0,,0.08702475244868982
6117,9239673,pseh,12167,9151,1694,1907,,7636,1147,,4,14,29,yes,0.08690394163373119
6118,9043058,-Inui Sana-,4615,10876,3211,1828,,6698,1167,,36,136,7,yes,0.08679558933310424
6119,7502434,Mozzarella,11488,9254,2917,1840,,,1272,yes,0,0,3,yes,0.08668479181219998
6120,15869987,jelq,5474,10569,6776,1725,,,1356,yes,0,0,6,yes,0.08654757562888299
6121,2281719,minuie,7748,9968,4922,1771,,4121,1240,,1,2,3,yes,0.08646409250853555
6122,9548970,TRBananaman,6209,10358,7733,1706,,,1342,yes,0,0,3,yes,0.08624353236326773
6123,10165383,mavis9nixon,16157,8607,,1802,yes,2209,1347,,18,74,0,,0.0861092934748327
6124,11960249,Seijaru,9013,9690,,1845,yes,3842,1251,,4,12,0,,0.0859359245795728
6125,4356955,Somu,6513,10271,4963,1769,,,1337,yes,0,0,17,yes,0.08568497425890964
6126,25828470,stackima,4877,10776,6141,1739,,,1369,yes,0,0,15,yes,0.08563132089153136
6127,20752007,Meyomi,6261,10338,,1868,yes,7598,1148,,1,5,0,,0.08562844886009174
6128,14172143,a1396366rhc,3562,11379,9040,1682,,,1405,yes,0,0,8,yes,0.08556752157255992
6129,20262926,silly kitty,7141,10111,4719,1776,,,1326,yes,0,0,14,yes,0.08548792474935792
6130,10472893,Katsushige,9547,9591,,1841,yes,3670,1258,,3,8,0,,0.08539884280100592
6131,16202447,Greeny111,11459,9258,3059,1834,,,1273,yes,0,0,5,yes,0.08538867463372916
6132,34790095,sikorsky_h5,8168,9871,8519,1692,,,1311,yes,0,0,1,yes,0.08513785316732725
6133,18656227,TeddeMedT,10983,9338,3328,1823,,,1278,yes,0,0,40,yes,0.08455079893770945
6134,11705341,-Line-,15131,8742,1922,1893,,,1241,yes,0,0,4,yes,0.08453480453829476
6135,11573657,takuan,12053,9169,1309,1941,,6616,1168,,10,45,8,yes,0.08450400193256624
6136,13343696,MmmushroomTz,8718,9754,,1847,yes,8616,1128,,1,1,0,,0.08441065116561342
6137,15865757,emilio12l,6045,10404,6240,1737,,,1345,yes,0,0,6,yes,0.08397570175385824
6138,21622033,Cangrani,7149,10109,5478,1756,,7640,1147,,1,1,2,yes,0.0838036725301409
6139,11024425,Ulzzang Boy,7034,10141,,1861,yes,6971,1161,,1,4,0,,0.08370515236126225
6140,13117348,Rez,10800,9371,2951,1838,,4232,1235,,2,5,24,yes,0.08353923836578583
6141,17449596,Cerelydra,15517,8691,,1806,yes,2347,1337,,28,104,0,,0.08338933432193867
6142,15090637,Skopje,9479,9605,3895,1804,,,1294,yes,0,0,8,yes,0.08337753163260675
6143,8619107,Kusmic,3403,11475,6224,1737,,4633,1221,,1,6,25,yes,0.08312546962456681
6144,10564410,_extrapotato,7817,9951,4606,1780,,,1316,yes,0,0,9,yes,0.08294930069141002
6145,2120824,dekay,15991,8628,3857,1805,,2086,1359,,26,87,11,yes,0.08286910881036769
6146,5964035,Miracle,6146,10376,,1869,yes,5366,1198,,9,29,0,,0.08284873405409768
6147,6033536,Kuribayashi,6136,10380,,1869,yes,5488,1195,,8,23,0,,0.0827886225790915
6148,7627013,Trigonoculus,12348,9122,,1823,yes,2684,1314,,2,8,0,,0.08267568327662038
6149,17683654,CLN-727,10629,9398,,1834,yes,3236,1280,,5,14,0,,0.08247527781833139
6150,4174825,Mind,9826,9545,,1839,yes,3598,1261,,3,7,0,,0.08231747861701914
6151,7301672,VowsTheFool,7901,9932,4268,1791,,3447,1269,,4,7,14,yes,0.08228463719058364
6152,9272314,Lizzo Music,9243,9647,,1843,yes,6461,1172,,1,1,0,,0.08199110704341149
6153,7946003,Duts,3994,11148,7999,1701,,,1392,yes,0,0,9,yes,0.08191179919505837
6154,5394938,Pigssaymoo,4967,10747,,1882,yes,6383,1173,,14,40,0,,0.0816686579244105
6155,11558742,JAKUB FORTNITE,5621,10523,5602,1752,,,1353,yes,0,0,15,yes,0.08164941891982253
6156,11221925,hajes,10218,9473,4059,1799,,,1286,yes,0,0,1,yes,0.08163551096929623
6157,14629123,zaki,8131,9879,3497,1817,,6733,1166,,1,2,24,yes,0.08160575992418359
6158,12459068,Nigel,5008,10734,6415,1733,,,1366,yes,0,0,11,yes,0.08147563987665268
6159,35455334,Pioye_,10133,9489,3599,1814,,,1287,yes,0,0,28,yes,0.08147508898683604
6160,4701248,AZN-,7962,9918,,1853,yes,6117,1179,,1,3,0,,0.08140683725160383
6161,16708940,PiggyChop,9137,9666,4429,1786,,,1298,yes,0,0,3,yes,0.08138546548454577
6162,9632132,ScholasticOG,6978,10152,3850,1805,,7185,1156,,1,2,33,yes,0.08133402405756707
6163,12579786,bappoes,6478,10280,,1866,yes,6035,1181,,4,9,0,,0.08131320206539389
6164,8929394,Ariu,7655,9990,6936,1722,,3229,1280,,10,42,2,yes,0.08129922308831183
6165,17749313,bread yummy,11582,9240,2787,1846,,,1272,yes,0,0,2,yes,0.08124160113300098
6166,10040931,J P,6644,10237,,1864,yes,5023,1209,,11,29,0,,0.08106553552958506
6167,3061206,Lunage,13070,9013,2489,1861,,,1258,yes,0,0,4,yes,0.08089392549307584
6168,10390336,encate,5284,10629,5443,1756,,,1360,yes,0,0,34,yes,0.080807755250001
6169,14041220,applewood,12788,9053,2781,1846,,,1260,yes,0,0,8,yes,0.0807551674555791
6170,17537089,lovombo,12192,9146,2897,1841,,,1266,yes,0,0,6,yes,0.08033969119946732
6171,13876510,Ncho,9688,9567,3934,1803,,,1292,yes,0,0,5,yes,0.08028469458367278
6172,4710974,LosingCrayon,6929,10164,,1862,yes,5700,1189,,3,8,0,,0.08018321661628275
6173,9122645,Mifu,6932,10164,5230,1762,,,1330,yes,0,0,8,yes,0.0799962760364169
6174,7185916,Kchay91,6330,10320,5649,1751,,,1340,yes,0,0,8,yes,0.07993499225906439
6175,10647381,i cant aim dt,6469,10282,7396,1712,,,1337,yes,0,0,3,yes,0.0799106024598003
6176,16102396,-BruTus,7847,9944,9864,1668,,,1315,yes,0,0,1,yes,0.07989856229236927
6177,14702977,Pym,12106,9162,3110,1831,,,1267,yes,0,0,54,,0.07974808175797847
6178,10065568,LoonW,3396,11481,6533,1730,,7721,1146,,1,4,7,yes,0.0797044962855197
6179,8995080,anirrech,7881,9936,,1854,yes,7914,1142,,2,2,0,,0.07958113445008294
6180,9074108,Steckdose123,3192,11596,,1909,yes,9141,1120,,25,64,0,,0.07948107314738012
6181,12317685,xZyn17x,19101,8288,1948,1891,,,1215,yes,0,0,17,yes,0.07944828161300732
6182,10406967,Taradaki,8592,9784,2287,1873,,6650,1168,,4,9,5,yes,0.07925000758659906
6183,16067346,Locas1000,2735,11890,3819,1806,,9797,1108,,8,31,94,,0.07918161656204792
6184,7299737,KimBot,6762,10211,4055,1799,,9396,1115,,1,2,3,yes,0.07900770474057306
6185,15657824,Isanekkk,7536,10017,,1857,yes,9024,1121,,1,2,0,,0.07890956185672629
6186,11415099,Delou,7930,9925,,1853,yes,5605,1192,,1,4,0,,0.07885490175563035
6187,6373863,X rated,5212,10657,6920,1722,,3961,1246,,1,1,6,yes,0.07873458404351905
6188,20198397,Colgate Enjoyer,10509,9418,2289,1872,,5570,1193,,15,57,50,yes,0.07853992943035215
6189,6467693,Kebab De Poche,14846,8777,6745,1726,,2110,1357,,17,55,1,yes,0.07833495505291208
6190,18070510,Heroclim,6461,10284,4369,1788,,8514,1130,,2,3,1,yes,0.07831945672022059
6191,36680216,-Eiju-,8147,9876,8903,1685,,,1311,yes,0,0,1,yes,0.07822460601702427
6192,9977150,Niccy,10029,9511,3694,1811,,,1288,yes,0,0,14,yes,0.07820193717499727
6193,17914356,alien69420,4213,11042,5367,1759,,8283,1135,,2,6,3,yes,0.0781836180037844
6194,20064153,MiniShaawn,14961,8763,3552,1816,,2382,1335,,11,46,6,yes,0.07814701416024564
6195,20347829,drainsoup,5926,10435,6374,1734,,4238,1235,,1,1,5,yes,0.07804288004701584
6196,19820310,[Ronnie],10356,9445,3581,1815,,,1284,yes,0,0,14,yes,0.0775862936258737
6197,13180834,Astralinkk,11036,9329,3192,1829,,,1277,yes,0,0,2,yes,0.0774387305337168
6198,12345641,Kuzuha,5111,10700,,1880,yes,8227,1136,,3,9,0,,0.07734708932368894
6199,16876548,livesixpluto,7567,10010,7074,1719,,,1320,yes,0,0,2,yes,0.07725307490306593
6200,15382060,OOOooOOooO931,6832,10191,7896,1703,,3510,1266,,1,4,2,yes,0.07675270298127405
6201,6046092,rxbass1337,9298,9636,,1843,yes,3858,1250,,4,9,0,,0.07658144380111442
6202,22161251,Amaroq,8020,9904,9387,1676,,,1313,yes,0,0,1,yes,0.07649867242336508
6203,20979011,sunny bunny,11643,9229,2399,1866,,3733,1255,,4,12,3,yes,0.07630098485905659
6204,9037287,Zh_Jk,35963,7094,4019,1800,,1003,1511,,15,74,17,yes,0.07623133785251751
6205,19821746,solaire,12943,9032,2949,1838,,,1259,yes,0,0,34,yes,0.0760475970170977
6206,1794082,_YuriNee,15637,8674,,1805,yes,2242,1344,,8,25,0,,0.0758868834131277
6207,37637845,radagon993,10254,9465,3597,1814,,,1285,yes,0,0,39,yes,0.07558384000966113
6208,4342947,NANJO UMINEKO,8560,9791,4754,1775,,2715,1311,,3,11,17,yes,0.07548661967775387
6209,18313930,Zetler,7825,9949,4407,1786,,,1316,yes,0,0,21,yes,0.0752073039090357
6210,6254839,Biocode,7586,10006,,1856,yes,4601,1222,,8,20,0,,0.07513992125443351
6211,10493775,Delix,7087,10129,,1861,yes,7136,1158,,3,4,0,,0.07503669887827144
6212,11439592,plank,8114,9882,5434,1757,,,1312,yes,0,0,3,yes,0.07502639163966153
6213,15191304,Leex,4962,10748,5233,1762,,7920,1142,,1,3,5,yes,0.07482520605463217
6214,9306679,Yorunaga,11306,9286,3324,1823,,,1274,yes,0,0,122,,0.0747182361441845
6215,19322368,kilermafia13,6985,10150,3004,1836,,9882,1107,,2,4,14,yes,0.07453532837783375
6216,2649393,WardoX,11187,9305,,1830,yes,2682,1314,,1,1,0,,0.0744069142331008
6217,19387050,-Nearly-,7894,9934,,1854,yes,6502,1171,,1,3,0,,0.07381887206598073
6218,7587015,d-_-b,10506,9419,1625,1914,,9311,1116,,3,9,10,yes,0.07353979773594727
6219,12255049,luuNia_,7542,10016,5012,1768,,,1320,yes,0,0,7,yes,0.0734739390795209
6220,9651151,Miniministop,5471,10570,,1876,yes,7626,1147,,2,9,0,,0.07346475451530382
6221,22617290,iamtangerine,5192,10664,5870,1745,,,1362,yes,0,0,18,yes,0.07335366890392214
6222,12765209,Happster,6806,10199,,1863,yes,6000,1182,,2,8,0,,0.07334437060062377
6223,11955275,axopti,7599,10003,,1856,yes,9091,1120,,1,2,0,,0.0732123656720329
6224,14299935,Miraijk,7697,9978,5189,1763,,,1318,yes,0,0,5,yes,0.07312508860505479
6225,12652456,LAZER DANYA 700,4659,10858,,1886,yes,8103,1138,,4,14,0,,0.07311129462285809
6226,17383450,BABA-YAGA,5690,10503,,1874,yes,5590,1192,,19,69,0,,0.0731062897110488
6227,13710782,makkgmr,9889,9534,4777,1775,,,1289,yes,0,0,1,yes,0.07305718871359487
6228,11028972,_Aren,5688,10504,3306,1825,,6050,1181,,9,27,1,yes,0.07296086743541524
6229,21225796,eXistans,1991,12500,8311,1695,,5716,1189,,1,1,137,yes,0.0729053052228837
6230,11463070,jekalave,6219,10354,3333,1823,,7269,1155,,2,8,16,yes,0.07283650507119499
6231,11560783,SampIe,7645,9992,,1856,yes,4740,1217,,3,14,0,,0.0727318864875959
6232,17423941,-Micro,9900,9532,4226,1793,,,1289,yes,0,0,2,yes,0.07265502283161338
6233,199669,Frostmourne,15768,8657,,1804,yes,1853,1380,,1,6,0,,0.0725509194983047
6234,4513243,Trolleubyc,8297,9844,8694,1689,,,1309,yes,0,0,1,yes,0.07251842512551965
6235,17190084,[Nakiri Ayame],9839,9542,4887,1772,,,1290,yes,0,0,1,yes,0.07216305145736412
6236,15665844,Steve1697,8329,9839,,1850,yes,7038,1160,,1,2,0,,0.07192239898933114
6237,18227942,Dr Manhattan,9404,9616,3985,1801,,,1295,yes,0,0,10,yes,0.07175246763501096
6238,10711834,Tekutomodo,9575,9586,,1841,yes,5858,1185,,1,1,0,,0.07165168441741404
6239,8430283,Yumu,5031,10728,,1881,yes,8887,1124,,4,8,0,,0.07156497054950639
6240,24657559,tan-X,8328,9840,4354,1788,,,1309,yes,0,0,13,yes,0.07140309692732215
6241,25487387,imhistoric,11560,9242,3268,1826,,,1272,yes,0,0,17,yes,0.07132971808139911
6242,10242527,oax,14820,8780,2706,1849,,,1244,yes,0,0,71,,0.07116632663387601
6243,9368653,gomaez,9442,9610,4224,1793,,,1295,yes,0,0,4,yes,0.07110881347817709
6244,4712799,Miruku,12016,9175,,1825,yes,2981,1296,,3,18,0,,0.07088398031803217
6245,14406132,hvick226,11811,9202,,1826,yes,2791,1307,,1,4,0,,0.07074798392855272
6246,2488457,fripSide,9948,9524,4742,1776,,,1289,yes,0,0,1,yes,0.07074775208356207
6247,12444196,Wisenty,5407,10591,7556,1709,,,1358,yes,0,0,5,yes,0.07065466088067768
6248,16873960,Nennerce,17649,8440,1030,1972,,8580,1129,,20,73,34,yes,0.07063384269929357
6249,10456643,RainingDance,5974,10421,,1871,yes,7966,1141,,3,6,0,,0.07061326387547728
6250,11289457,Leks,6712,10222,,1864,yes,7234,1155,,2,5,0,,0.07030549337068898
6251,8503380,KRISSSSSCHHHHH,3294,11540,7927,1702,,4614,1221,,1,3,11,yes,0.06998662899806309
6252,8522809,Rub1nchik,7155,10108,4564,1781,,,1326,yes,0,0,58,yes,0.06995076277869895
6253,1832711,Applause,7522,10020,4743,1776,,4267,1234,,8,25,1,yes,0.06989733864447759
6254,16658220,JeffGamingYT,8766,9743,4527,1783,,,1303,yes,0,0,5,yes,0.0696252435132771
6255,8859799,constellation,8847,9728,,1846,yes,9075,1121,,1,1,0,,0.06960944011822086
6256,10809251,sukiyuu,8975,9699,2070,1884,,6724,1166,,6,20,8,yes,0.06951032193220805
6257,12798259,mumen rider,7948,9920,6597,1729,,,1314,yes,0,0,2,yes,0.06944322925676683
6258,4418390,HeartNo,9368,9622,3849,1805,,,1295,yes,0,0,90,yes,0.0691812280461057
6259,9326546,xavierr,7958,9918,,1853,yes,8142,1138,,1,2,0,,0.06908756614935446
6260,14436630,Sakuya Izayoi,5403,10594,5099,1766,,7810,1144,,3,6,1,yes,0.06905977119770304
6261,8688777,a hotdog,6453,10288,,1866,yes,5228,1203,,13,38,0,,0.06905534546552677
6262,18119331,fanatsanyan,8072,9893,5191,1763,,,1312,yes,0,0,4,yes,0.06849243484734105
6263,10584780,Hachune Miku,4297,11000,,1890,yes,8044,1140,,7,23,0,,0.06844203829636553
6264,18628006,xek,11526,9247,2657,1852,,7357,1153,,1,1,6,yes,0.06827118166967883
6265,14053835,Sagume Kishin,14050,8881,2129,1881,,,1250,yes,0,0,3,yes,0.0682087883927698
6266,4956254,- luminous -,9628,9578,,1841,yes,5903,1184,,1,1,0,,0.06803155446598773
6267,27067039,Gooser_,21115,8098,2076,1883,,,1204,yes,0,0,378,,0.06788646846954713
6268,3003839,Senjuro,6371,10311,8428,1694,,4205,1237,,10,35,1,yes,0.06788062710889042
6269,13531879,a bat,18183,8383,1199,1953,,7814,1144,,6,14,23,yes,0.06778114098597307
6270,9850229,AlasMO,3095,11649,6519,1730,,4927,1212,,2,4,47,yes,0.06755958451105917
6271,5052673,Zanik,19491,8249,,1787,yes,1945,1373,,13,60,0,,0.06753867961949472
6272,15977117,thepersonwhodie,5886,10446,,1872,yes,5420,1197,,33,118,0,,0.06745000753709199
6273,3737136,M a t t y,7121,10119,4750,1775,,,1326,yes,0,0,22,,0.06728254880512505
6274,11145645,Cheesetim21,9576,9586,,1841,yes,4660,1220,,1,2,0,,0.0672649278457354
6275,22055480,casesensitive,13961,8892,2696,1850,,,1250,yes,0,0,12,yes,0.06724962276901174
6276,587737,Zetera,16570,8558,2697,1850,,2573,1321,,2,9,10,yes,0.06722359704462297
6277,1646427,NekoFunfo,11043,9328,,1831,yes,3220,1281,,2,10,0,,0.06716000723287546
6278,14022785,todd pork,7268,10078,,1859,yes,6379,1174,,2,5,0,,0.06701631461519514
6279,18272294,Lee Yum,10130,9489,2471,1862,,9723,1109,,1,2,6,yes,0.06701197698922698
6280,9681634,Nexorous,12649,9074,3034,1835,,,1262,yes,0,0,19,yes,0.0669052060309007
6281,16026044,7oke,8259,9851,,1851,yes,7396,1152,,1,2,0,,0.06639853529008405
6282,12057206,Sonicrun,8391,9825,,1850,yes,5813,1187,,2,3,0,,0.0662876955276131
6283,10728046,Buzdygan,4521,10915,4047,1799,,5996,1182,,22,77,11,yes,0.06626044758469085
6284,21538702,xChocq,5218,10656,3692,1811,,8911,1123,,2,6,20,yes,0.06554150367697306
6285,11872975,Diebo_,11653,9228,3241,1827,,,1271,yes,0,0,9,yes,0.06531250167908847
6286,13818201,I AM MUSIC,5141,10684,6833,1724,,6301,1175,,1,3,3,yes,0.06518919424058131
6287,18217983,jtn00b,12211,9144,2758,1847,,3692,1257,,16,54,12,yes,0.06442394071666657
6288,12739639,licks,24374,7814,1472,1926,,,1184,yes,0,0,14,yes,0.06434885651625871
6289,19671996,Ensokia,8179,9868,2994,1837,,9430,1114,,1,2,2,yes,0.06413986727222995
6290,11745515,Dovekei,9115,9670,,1844,yes,4515,1224,,2,4,0,,0.06408894203349853
6291,4986310,I Emma I,9535,9594,,1841,yes,6460,1172,,1,1,0,,0.06392077306445067
6292,10394866,Mizurii 2,7560,10012,,1856,yes,4671,1220,,8,27,0,,0.06368287113303306
6293,23297527,No Life,7062,10135,5353,1759,,,1327,yes,0,0,8,yes,0.06346551532286651
6294,3556856,LwL,15997,8628,2282,1873,,,1235,yes,0,0,9,yes,0.06336943264241729
6295,19161909,Arhythmix,11200,9303,3282,1826,,,1275,yes,0,0,2,yes,0.06332603355846675
6296,28580233,Lizzyard,7547,10015,7467,1711,,,1320,yes,0,0,2,yes,0.06327523822484157
6297,8070832,Spynx,8052,9898,5699,1750,,,1313,yes,0,0,3,yes,0.06296709090585298
6298,19921271,Kiriya18,9561,9591,1695,1907,,8701,1127,,9,35,19,yes,0.06294850555789588
6299,16025162,ewisp,14159,8868,2806,1845,,2870,1303,,1,3,8,,0.06291986623797849
6300,2748328,Kaian,9329,9629,,1842,yes,5144,1205,,1,2,0,,0.06262877647293062
6301,19759215,Sfp,11157,9311,3415,1820,,,1276,yes,0,0,9,yes,0.06258469938725159
6302,10783239,Axeslayer,7444,10038,5539,1754,,,1321,yes,0,0,5,yes,0.06257639728516218
6303,8819496,mindmaster107,17933,8409,,1794,yes,2019,1366,,7,24,0,,0.06255155134150656
6304,10332253,Rozemyne,6331,10319,,1867,yes,6284,1175,,4,11,0,,0.06249781925909095
6305,7873602,TutriS,8409,9821,6083,1741,,,1308,yes,0,0,2,yes,0.06229331434187721
6306,17619475,camilya,7730,9970,6076,1741,,,1317,yes,0,0,3,yes,0.062257572132808636
6307,17271528,zJorge Aim,5771,10476,8749,1688,,6420,1173,,1,4,1,yes,0.06215153815916705
6308,25017115,Suntorne,9880,9535,3993,1801,,,1289,yes,0,0,6,yes,0.06206662993507688
6309,36298843,varriell,108412,5004,,1607,yes,437,1749,,13,63,0,,0.06198529878792858
6310,3318654,Fish-,15682,8669,,1805,yes,2367,1336,,7,36,0,,0.061984333052692006
6311,4423756,Destru,9000,9693,4153,1795,,,1300,yes,0,0,14,yes,0.06165514524176297
6312,14646275,Sparr0w_JP,8754,9746,4243,1792,,,1303,yes,0,0,15,yes,0.06128903876048439
6313,23394094,serenqity,8104,9884,9808,1669,,,1312,yes,0,0,1,yes,0.061208171391594596
6314,22038805,Katze04,8330,9839,9116,1681,,,1309,yes,0,0,1,yes,0.061056927129838096
6315,20751098,ciano,2584,12007,9823,1668,,,1441,yes,0,0,15,yes,0.0608486130421807
6316,15190227,Zedegar,9012,9690,4065,1798,,,1300,yes,0,0,31,yes,0.06073394378296812
6317,2987597,Calamityx7,9572,9587,,1841,yes,3736,1255,,9,30,0,,0.06067949916437877
6318,11170839,berb,8980,9697,,1845,yes,5076,1207,,1,3,0,,0.06052421465754472
6319,11153810,Anonymoose,5718,10495,5057,1767,,6438,1172,,1,3,6,yes,0.06045494452176399
6320,14888479,Yukari Yakumo,4245,11024,9445,1675,,7114,1158,,1,4,2,yes,0.06008119781029833
6321,17839714,qurryowo,4819,10798,8727,1688,,,1371,yes,0,0,5,yes,0.05983213792565262
6322,12757170,maciejk2,10414,9435,,1835,yes,3789,1253,,1,2,0,,0.05979543886457359
6323,14571477,PIANOAPOLOGIST6,5980,10418,,1871,yes,8238,1136,,2,6,0,,0.05977537981278486
6324,13471187,BlackHorse,7269,10078,4934,1770,,,1324,yes,0,0,13,yes,0.05973864391024855
6325,2267960,Choiharu,8577,9787,5908,1745,,,1305,yes,0,0,2,yes,0.059634161411643294
6326,7385724,ForksInTrees,4985,10740,4834,1773,,5261,1202,,9,32,5,yes,0.05922445228620138
6327,10979654,elim,3803,11252,7317,1713,,,1397,yes,0,0,20,yes,0.059123096521755736
6328,13537131,K0Jl9H,12350,9122,2848,1843,,5506,1195,,1,1,13,yes,0.05903120527338194
6329,2765201,R Y A N,7199,10098,,1860,yes,5043,1208,,7,22,0,,0.058914448038970196
6330,12246812,GabrielTr,9627,9578,,1841,yes,3710,1256,,16,53,0,,0.05888082189694416
6331,13643180,Wedge,3359,11500,8326,1695,,,1411,yes,0,0,16,yes,0.058816298434944125
6332,2165622,Agnes Digital,3565,11376,,1902,yes,8691,1127,,24,70,0,,0.05880546653078278
6333,5104632,Elektro,6380,10308,5383,1758,,,1339,yes,0,0,15,yes,0.05865010188967654
6334,14109662,Qawsh,6598,10249,6377,1734,,,1335,yes,0,0,5,yes,0.0585112764662713
6335,12489717,Aisn,6727,10218,,1864,yes,7521,1149,,2,5,0,,0.058350478129719996
6336,35758909,Ciari,4685,10850,7605,1708,,,1374,yes,0,0,8,yes,0.05800913991657802
6337,7236082,Vesta,9625,9578,3875,1804,,,1292,yes,0,0,51,yes,0.05788553520704044
6338,12195496,Zacatel,17373,8471,,1796,yes,2222,1346,,38,141,0,,0.05781302019169607
6339,10453489,netive,6327,10320,3589,1815,,9132,1120,,1,4,8,yes,0.057430493519093656
6340,14125461,4us1on,8183,9867,,1851,yes,5743,1189,,2,4,0,,0.057374793318423795
6341,13017880,morgun,6174,10368,5137,1764,,,1343,yes,0,0,41,yes,0.05730443852613187
6342,6779509,Real Daniel,11649,9229,3247,1827,,,1271,yes,0,0,5,yes,0.057256778584165766
6343,11675732,aszhes,7831,9948,,1854,yes,7156,1157,,1,3,0,,0.057150760496322756
6344,35557640,SebiHebi,6916,10168,8950,1684,,,1330,yes,0,0,2,yes,0.05698940263382263
6345,10663205,Orfanlaund,6314,10324,,1868,yes,9280,1117,,3,4,0,,0.05688226727665835
6346,9233457,LegenDarius13,8714,9755,,1847,yes,5107,1206,,1,4,0,,0.056840707808060525
6347,10712019,StormBrightNess,7431,10040,2831,1844,,6258,1176,,3,9,2,yes,0.05677938392059673
6348,18139230,Doener69,9692,9566,3451,1819,,4128,1239,,2,6,4,yes,0.05602780901401631
6349,11379592,Zavier,5556,10543,3596,1815,,6535,1170,,7,22,3,yes,0.055786883227959994
6350,17219661,-4EPHbILLI-,3701,11304,,1900,yes,8440,1132,,23,81,0,,0.05547965190941373
6351,17229617,White Gengar,3285,11544,6735,1726,,7523,1149,,10,33,2,yes,0.05546202249265875
6352,15273979,Kumeri,6473,10281,3806,1807,,7199,1156,,2,5,8,yes,0.05540618788150686
6353,13858369,Dild0Main,6486,10278,6391,1734,,5579,1193,,1,3,2,yes,0.0552572115441137
6354,9690571,Eliaasi,6489,10276,,1866,yes,5883,1185,,5,15,0,,0.05520908377345382
6355,6993804,NEET Alice,8940,9705,4326,1789,,,1301,yes,0,0,9,yes,0.05493188479057973
6356,14060579,RiSe,8320,9840,6390,1734,,,1309,yes,0,0,2,yes,0.05488330498074159
6357,5046915,KSTBAD,15906,8639,2053,1885,,,1236,yes,0,0,5,yes,0.054799203730485135
6358,14504091,BreadBoy_,7402,10047,4787,1774,,,1322,yes,0,0,18,yes,0.054730647099944796
6359,6886572,Fox Stevenson,8717,9754,9336,1677,,3213,1281,,4,17,1,yes,0.05462388709015704
6360,16161470,Goyato,8397,9824,,1850,yes,7548,1149,,1,2,0,,0.05457356753544179
6361,14869297,Ryuji,12389,9116,2990,1837,,,1264,yes,0,0,5,yes,0.054527231144336406
6362,33684761,3nxie,11367,9278,3367,1822,,,1274,yes,0,0,4,yes,0.05440428561362783
6363,3478000,HR sketos,7024,10143,,1861,yes,5177,1204,,7,25,0,,0.054102637265186715
6364,7044210,Natsuki Kaguya,6035,10406,,1870,yes,8308,1134,,3,6,0,,0.054043194540352446
6365,14910729,Zodi,7922,9926,4828,1773,,,1314,yes,0,0,9,yes,0.05365894558119012
6366,9307769,ODVB,4919,10762,,1882,yes,6743,1166,,21,60,0,,0.05338250321398763
6367,11242718,MicBoy5,22942,7934,1642,1912,,,1193,yes,0,0,15,yes,0.053330599546690005
6368,11789369,Haibane Renmei,9762,9555,5585,1753,,,1291,yes,0,0,1,yes,0.053216890783520154
6369,11832058,Aya Bunbunmaru,5979,10418,,1871,yes,7321,1154,,2,9,0,,0.053069310265046854
6370,6608177,-Ylide,8969,9701,,1845,yes,4673,1219,,1,5,0,,0.05297050102063963
6371,7601598,domplayer,8789,9738,,1847,yes,4690,1219,,3,6,0,,0.05277723217432524
6372,15389223,aniii,8808,9734,,1846,yes,6547,1170,,1,2,0,,0.052745843911776155
6373,13263768,Afordiumsx,2737,11889,8224,1697,,8518,1130,,1,1,18,yes,0.05263368180197142
6374,11041057,HolaComoEstas,11248,9293,4664,1778,,2548,1323,,4,12,6,yes,0.05261170191005083
6375,25785799,ctrli,6120,10384,5561,1753,,,1344,yes,0,0,16,yes,0.052522492869081616
6376,3016611,[ baka 3b ],3858,11215,8248,1697,,4899,1212,,1,7,5,yes,0.052484300715021956
6377,11421465,Verxina,10655,9394,6973,1721,,1940,1373,,3,8,4,yes,0.05240044682804881
6378,9506745,CatMan69,14194,8863,2379,1867,,,1249,yes,0,0,4,yes,0.052288892849388036
6379,15295555,Emilia Kyodai,17152,8496,1936,1892,,,1227,yes,0,0,6,yes,0.0522598182598043
6380,9447753,ramuu,6187,10365,,1869,yes,5865,1185,,6,25,0,,0.05221159115286381
6381,12602934,kittywake,3519,11401,7257,1714,,,1406,yes,0,0,37,yes,0.05182691709639364
6382,15441720,NEOBLAZER22,9308,9632,,1843,yes,3871,1249,,20,84,0,,0.051171444684503915
6383,14475963,collie,8526,9797,3082,1833,,6809,1164,,2,5,13,yes,0.05116308238117734
6384,17201929,Ramfie,9200,9655,,1843,yes,3913,1248,,20,82,0,,0.051131163789951466
6385,13307832,Ganove,6716,10220,,1864,yes,7224,1156,,2,6,0,,0.05071281046400311
6386,5171112,Terrible,8587,9786,4548,1782,,,1305,yes,0,0,9,yes,0.050703739313554375
6387,19615624,Crunchy--,8451,9812,4479,1784,,,1307,yes,0,0,13,yes,0.05064482215984778
6388,6757169,Jekel,6915,10168,,1862,yes,5378,1198,,7,21,0,,0.050228705318349304
6389,11921232,Uchinaga Aeri,4444,10944,6323,1735,,6056,1181,,1,3,8,yes,0.05014650318259696
6390,12525921,RainbowViolent,16789,8536,2306,1871,,,1230,yes,0,0,12,yes,0.050035167419409
6391,9792512,chrig,10893,9352,3640,1813,,,1278,yes,0,0,7,yes,0.05002027099891437
6392,22364261,subzoomer,8314,9841,4346,1788,,,1309,yes,0,0,38,yes,0.049912254223329316
6393,22666605,G8pple,8241,9857,9925,1667,,,1310,yes,0,0,1,yes,0.04961578721731735
6394,6664128,Retrofit,5518,10556,8014,1701,,5166,1204,,1,2,3,yes,0.049588903501600334
6395,11988090,Riisi,9234,9648,,1843,yes,8557,1130,,1,1,0,,0.04956695999453846
6396,19358755,Nikbon1,8891,9716,5660,1751,,,1301,yes,0,0,2,yes,0.04951920675102825
6397,13568350,Cvnt,8534,9795,,1849,yes,6066,1181,,1,3,0,,0.04936477947855519
6398,20549484,duprima,17631,8441,,1795,yes,2150,1352,,16,36,0,,0.049164567811248505
6399,32846283,XCT_0317,6717,10220,5417,1757,,,1333,yes,0,0,12,yes,0.04876799327602882
6400,28021530,Reevel,11155,9311,3525,1817,,,1276,yes,0,0,2,yes,0.04865999855116494
6401,16001294,MaZe Quania,8326,9840,4604,1780,,,1309,yes,0,0,11,yes,0.04864120483841057
6402,6796557,Samoyed,3665,11321,,1901,yes,8362,1133,,54,208,0,,0.04850083406576455
6403,9466301,aziril,8066,9893,5236,1762,,,1312,yes,0,0,5,yes,0.04845286916282954
6404,11743273,Circulo,9294,9636,,1843,yes,8372,1133,,1,1,0,,0.04830017646747205
6405,10818834,loucasmitoo,7850,9943,,1854,yes,6514,1171,,2,4,0,,0.048052962719910025
6406,15254495,Fieera,23025,7927,1132,1961,,5930,1184,,26,94,31,,0.0479743714927926
6407,10081218,Alan,5090,10706,5171,1763,,4598,1222,,2,8,21,yes,0.047856296040844175
6408,17023454,Plexo,7529,10019,4615,1780,,4248,1235,,6,19,3,yes,0.04767251445128194
6409,9539163,Barometz,4745,10829,7651,1707,,3130,1286,,8,32,11,yes,0.047666695275966474
6410,5296112,san-lotso,6416,10298,7936,1702,,2422,1332,,3,10,8,yes,0.047661620957507575
6411,14548572,HG-Gaming,12251,9136,8418,1694,,2199,1348,,11,49,2,yes,0.047261205990958594
6412,13827338,UrwoTeu,9295,9636,4455,1785,,,1296,yes,0,0,5,yes,0.047145991505447654
6413,4888952,Sayama Kaede,8580,9787,3092,1833,,7660,1147,,1,3,4,yes,0.04698723952910949
6414,15662099,Shinnya,7737,9970,4903,1771,,,1317,yes,0,0,11,yes,0.04692386115151906
6415,28985625,[Firefly],5705,10500,5679,1750,,,1352,yes,0,0,23,yes,0.04679238243634917
6416,10456246,PinkiePieQ,7963,9917,,1853,yes,5870,1185,,2,5,0,,0.04667265951507027
6417,20789838,inconn,9840,9542,,1839,yes,6428,1172,,1,1,0,,0.04662763486995486
6418,12571327,Tridecahedron,4821,10798,7606,1708,,,1371,yes,0,0,8,yes,0.046466623279630415
6419,15904908,Zarkyi,8427,9817,,1849,yes,4398,1229,,5,26,0,,0.04641615376046662
6420,36058141,SzybkaParowa69,18663,8333,2330,1869,,,1218,yes,0,0,53,yes,0.045989098349299457
6421,18540590,Purpect,14989,8759,2752,1847,,,1242,yes,0,0,28,yes,0.045941617589085104
6422,4798100,Sjizu,10499,9420,,1835,yes,4494,1225,,1,1,0,,0.04553571314148938
6423,16550280,IcyBunny,5889,10446,,1872,yes,7930,1142,,3,8,0,,0.045469326951637024
6424,12431039,WindImpulse,5879,10447,3427,1820,,8991,1122,,2,6,1,yes,0.0452072366137051
6425,9978880,AgarSanik,5064,10715,2861,1843,,7444,1151,,8,34,1,yes,0.04514036811843469
6426,7050137,kTN,9728,9561,,1840,yes,4549,1223,,2,3,0,,0.04510242124848164
6427,12482759,armpitlover69,10705,9386,3687,1811,,,1280,yes,0,0,145,yes,0.045101151893362966
6428,317494,Mikkuri,20616,8140,5545,1754,,1207,1470,,2,8,2,yes,0.04498779637222511
6429,13776087,I And a Stupid,12061,9168,2944,1839,,,1267,yes,0,0,2,yes,0.0448206982347827
6430,32835998,kairazhel,16289,8592,2588,1855,,,1233,yes,0,0,39,yes,0.044603439312557336
6431,8473665,don_chan,5477,10568,,1876,yes,8319,1134,,3,9,0,,0.044392908248665264
6432,7777886,Kiyoflame,8414,9820,9867,1668,,3332,1275,,1,4,1,yes,0.04419991794812342
6433,14364661,aquaria_,6506,10273,,1866,yes,5639,1191,,8,29,0,,0.044094947726344036
6434,8002409,Pioter00000,8122,9880,5943,1744,,,1312,yes,0,0,3,yes,0.043990109243143144
6435,12360211,Caitywolfy,9768,9554,,1840,yes,6843,1163,,1,1,0,,0.04384466150354667
6436,11628466,utta,10230,9471,3963,1802,,,1286,yes,0,0,8,yes,0.04362087597859609
6437,11209059,akyito,7525,10019,,1857,yes,7208,1156,,1,4,0,,0.04352006380956733
6438,10701418,itay,7886,9936,,1854,yes,5028,1209,,4,13,0,,0.04339494982178119
6439,12379394,ShyBus,6769,10208,,1863,yes,5262,1202,,13,57,0,,0.04336143001034837
6440,7223737,Euclid,10441,9430,3859,1805,,,1283,yes,0,0,8,yes,0.04301729912370182
6441,7600494,Norbi Gierczak,8348,9835,,1850,yes,4556,1223,,6,19,0,,0.04286207782261435
6442,13732315,leobuu,8861,9725,5849,1746,,,1302,yes,0,0,2,yes,0.04271967614804979
6443,3825470,K22,5370,10605,6445,1732,,,1358,yes,0,0,12,yes,0.04270132761053991
6444,2197711,Sonoda-Umi,6228,10352,8680,1689,,3071,1290,,4,13,4,yes,0.04268593784559182
6445,11251782,SirChatterALot,13396,8965,,1817,yes,2800,1306,,7,16,0,,0.04243156319237458
6446,14514262,Djn,3720,11292,5229,1762,,7795,1144,,5,10,8,yes,0.04236604801059471
6447,20656018,Risun,8702,9758,8747,1688,,,1304,yes,0,0,1,yes,0.04230252230841572
6448,18235797,staupid,5689,10503,5676,1750,,,1352,yes,0,0,26,yes,0.04217580599660023
6449,2906436,Lako,6878,10179,,1862,yes,5630,1191,,7,18,0,,0.04205621344226482
6450,13013147,BurgerKing,14635,8804,1458,1927,,5424,1197,,25,78,8,yes,0.04172780947969007
6451,18029220,FlancyE,5729,10492,5754,1748,,,1351,yes,0,0,21,yes,0.04172328525243843
6452,13738039,Extrald,4362,10974,6663,1727,,5472,1195,,1,1,15,yes,0.04170083151404623
6453,15169389,Fewze,8394,9825,,1850,yes,6551,1170,,2,3,0,,0.04161529280555881
6454,16981167,jan1,13793,8913,3029,1835,,,1252,yes,0,0,57,,0.04159240582286526
6455,14070682,RNG Lord,8611,9781,9117,1681,,,1305,yes,0,0,1,yes,0.0414084465883596
6456,12116225,zyronl,8565,9789,,1848,yes,5621,1191,,1,4,0,,0.04129325990694524
6457,13941884,taume,7779,9960,,1855,yes,5695,1190,,3,7,0,,0.04128033978108661
6458,23740374,arctice,36422,7070,2504,1860,,1435,1431,,19,81,7,yes,0.040956605657213596
6459,21744112,bubuo,12662,9072,,1821,yes,3055,1291,,15,46,0,,0.04093170093231768
6460,19584481,[verty],9527,9596,,1841,yes,7950,1141,,1,1,0,,0.04085460566063856
6461,12127031,Everent,9246,9647,,1843,yes,5993,1182,,1,2,0,,0.04071927907696532
6462,7304618,MyScoreSucks,11115,9316,3682,1812,,,1276,yes,0,0,2,yes,0.040698502850690134
6463,11966170,Hyytis,5573,10537,5788,1747,,,1354,yes,0,0,24,yes,0.04064627353446157
6464,13811573,anxiwia,7259,10080,,1859,yes,5548,1193,,6,13,0,,0.04061459519338431
6465,11444590,-Norlax-,11438,9262,3485,1818,,,1273,yes,0,0,5,yes,0.04060645726218386
6466,4663479,HenBurgaaa,16006,8627,,1803,yes,1574,1413,,1,3,0,,0.04056141650040418
6467,13484344,Nakano,5685,10504,9724,1670,,3401,1271,,10,32,3,yes,0.04043455395343203
6468,24948698,Artackni,11150,9311,3646,1813,,,1276,yes,0,0,4,yes,0.04013969293467083
6469,6366060,-zilva-,49969,6471,,1700,yes,877,1543,,19,72,0,,0.04011366115978532
6470,11474963,2sleepi,9923,9527,5707,1750,,,1289,yes,0,0,1,yes,0.040060265686046675
6471,12606578,_kola,5557,10543,,1875,yes,6676,1167,,12,27,0,,0.040035258345475666
6472,16994138,Milos_179,8720,9754,6119,1740,,,1304,yes,0,0,2,yes,0.0400256651341834
6473,33197964,ss350sp,9202,9654,5477,1756,,,1297,yes,0,0,2,yes,0.03997811026063604
6474,7779302,RizUwU,4473,10932,7097,1718,,4333,1231,,1,1,12,yes,0.039900823565588675
6475,7594544,maqueroon,10537,9414,,1834,yes,3714,1256,,3,6,0,,0.03980734182189155
6476,20103755,Luxor290,4899,10768,6510,1731,,8948,1123,,2,6,1,yes,0.039670432361682745
6477,17842988,hikAru,7917,9928,,1853,yes,9627,1111,,1,2,0,,0.039661038267457815
6478,10968596,Kikoro,9940,9525,,1839,yes,6499,1171,,1,1,0,,0.039650504307719714
6479,17073008,-396,11287,9288,2417,1864,,7263,1155,,3,5,15,yes,0.03962796471273092
6480,13731001,AiNERiS,6524,10268,5527,1754,,,1336,yes,0,0,14,yes,0.03924966421766915
6481,11100809,Koga,9995,9516,,1838,yes,6352,1174,,1,1,0,,0.039204749225422456
6482,14860270,Prevozmogatel,6177,10367,9163,1680,,4388,1229,,58,200,1,yes,0.03918452767972726
6483,2796962,Principe,12099,9163,,1825,yes,2778,1307,,1,2,0,,0.03913962492230533
6484,20062634,kigsters,5396,10597,8987,1683,,,1358,yes,0,0,4,yes,0.039051527930473284
6485,14797218,Swaks,9089,9676,,1844,yes,4790,1215,,1,5,0,,0.03898164078645519
6486,8984751,Magatsu Izanagi,7344,10059,,1858,yes,8874,1124,,1,3,0,,0.03886635384315515
6487,35496240,forsen rwda,7681,9983,7893,1703,,,1318,yes,0,0,2,yes,0.03862303213431939
6488,1347004,kotomori_,10324,9452,3883,1804,,3407,1271,,29,118,14,yes,0.03860103628510929
6489,6489078,Rayzent,8917,9711,,1846,yes,4608,1221,,3,8,0,,0.038463554098207606
6490,9501611,MENDES,7810,9951,3219,1828,,4849,1213,,55,203,3,yes,0.038159341362452984
6491,16840855,wijqay,10404,9437,4809,1774,,,1284,yes,0,0,1,yes,0.038149613995993405
6492,13146407,Komodo Dragon,9242,9647,,1843,yes,6079,1180,,1,2,0,,0.03809289341207174
6493,10788959,Zvezdaa,7516,10020,,1857,yes,8499,1131,,2,3,0,,0.037992363487118874
6494,14249950,itsNxxvy,5680,10505,,1874,yes,9457,1114,,2,6,0,,0.03780364402460279
6495,19423657,KokyoTokyo,8984,9696,5771,1748,,,1300,yes,0,0,2,yes,0.03767068193804775
6496,4715598,kokonokokoro,14818,8780,1986,1888,,5818,1186,,8,25,86,,0.037667530370781604
6497,8678381,502 Bad Speed,26546,7652,,1760,yes,1462,1426,,9,36,0,,0.03736600107117993
6498,2539253,Fear Kubrick,8610,9781,,1848,yes,4994,1210,,2,7,0,,0.03733500306841264
6499,4909212,Muzkat,3408,11470,7984,1701,,4187,1237,,1,1,20,yes,0.03723351888213455
6500,10378405,babyvzzz,8159,9873,6035,1742,,,1311,yes,0,0,3,yes,0.037176405670843155
6501,9833677,BZM,10308,9455,,1836,yes,4010,1244,,2,4,0,,0.03715264558261179
6502,18690280,raven_waffles,18279,8373,3010,1836,,2492,1327,,11,44,9,yes,0.03701985644468289
6503,10341326,Jerp,8419,9818,9927,1667,,,1308,yes,0,0,1,yes,0.03690947885320445
6504,8500011,Dianth,4734,10832,3714,1811,,9674,1110,,4,10,1,yes,0.03627140224454878
6505,9649219,RubyPhire,10140,9488,,1837,yes,5976,1183,,1,1,0,,0.036090385151758164
6506,9562353,Musubi,11908,9188,,1826,yes,3253,1279,,55,177,0,,0.036089234555914444
6507,6004937,Kynexiz,7169,10104,,1860,yes,7354,1153,,2,5,0,,0.03599025115997098
6508,7822894,Bluehits,14518,8818,2398,1866,,,1246,yes,0,0,4,yes,0.03597646874732319
6509,15048439,n1semono,9829,9544,,1839,yes,7126,1158,,1,1,0,,0.03583119065268288
6510,2302140,boyan,13256,8985,2814,1845,,3285,1277,,5,14,3,yes,0.035782729113942764
6511,10881601,Amaret,9340,9627,,1842,yes,5950,1183,,1,2,0,,0.03572163057591596
6512,18207504,pamonya,7188,10100,2477,1862,,9712,1110,,3,5,2,yes,0.035614827496510765
6513,33451564,W0rst Dt Player,6668,10231,8149,1699,,,1334,yes,0,0,3,yes,0.035601864911999404
6514,5612303,nomokona,9979,9519,,1838,yes,6614,1168,,1,1,0,,0.035511697085050656
6515,36180243,My Angel Mirai,16264,8594,2705,1849,,,1233,yes,0,0,199,,0.03540248008858324
6516,29714081,self[harm]ony,10355,9446,3440,1819,,6630,1168,,1,1,8,yes,0.03533187992092807
6517,15769399,testie,10851,9360,3780,1808,,,1279,yes,0,0,8,yes,0.035228059736713
6518,2704809,Shaww,14399,8836,,1812,yes,2623,1318,,2,14,0,,0.03514082968123887
6519,16677013,myangel Yoshino,3723,11290,7988,1701,,,1400,yes,0,0,17,yes,0.03513349606081562
6520,21473925,chewn,8601,9782,,1848,yes,6378,1174,,3,3,0,,0.03485430473573853
6521,9804008,WildApe,7700,9977,,1855,yes,5895,1184,,4,7,0,,0.034667467270304175
6522,16368250,ADoorNob,6858,10184,,1863,yes,7042,1160,,3,7,0,,0.03457717683275885
6523,12346561,Goliiaht,5819,10462,6423,1733,,6314,1175,,1,2,4,yes,0.03452439319648265
6524,5904961,FlasvinhoxD,7708,9975,,1855,yes,4837,1214,,17,38,0,,0.03451564088635942
6525,16097417,-Deb,11246,9294,3631,1813,,,1275,yes,0,0,31,yes,0.03440988072776782
6526,20284063,KUBUS PUCHATEK,9749,9557,,1840,yes,7499,1150,,1,1,0,,0.03416262614340547
6527,14153496,Alexis_xX,7239,10085,,1859,yes,5756,1188,,3,12,0,,0.034035387555205965
6528,10315628,Nezunyan,4121,11085,4968,1769,,6369,1174,,10,27,8,yes,0.0339963078396035
6529,6737541,Lauta,11495,9252,3520,1817,,,1272,yes,0,0,4,yes,0.03391834999992352
6530,4990193,Dragonmob,10240,9470,,1836,yes,3785,1253,,8,19,0,,0.03389435935793459
6531,18750002,-koreangod1111,5549,10546,4448,1785,,6972,1161,,3,6,10,yes,0.03374882473588234
6532,6204231,Unique,15534,8688,,1806,yes,2619,1318,,40,156,0,,0.033748785727611544
6533,15937097,wuyiomokunrin,15985,8629,2669,1851,,,1235,yes,0,0,32,,0.03367885726305467
6534,8631719,Tien,14708,8795,,1810,yes,2744,1309,,47,162,0,,0.033548757016694006
6535,4743803,Lulzees,9854,9539,,1839,yes,7175,1157,,1,1,0,,0.033461398489169805
6536,6357144,bjlly,8357,9832,,1850,yes,5686,1190,,2,5,0,,0.033429829871139405
6537,20128601,tales77,6138,10379,4351,1788,,6047,1181,,1,6,15,yes,0.033206001771832264
6538,6608019,sovaponevole,7350,10058,8026,1701,,4204,1237,,4,20,1,yes,0.03291215013713642
6539,9699160,-Chen,10002,9515,,1838,yes,6714,1166,,1,1,0,,0.03259161045636208
6540,21225524,Zeroidee,17025,8509,2462,1862,,,1228,yes,0,0,19,yes,0.032239355009801046
6541,12645016,Benji_Hero33,6750,10213,6327,1735,,,1333,yes,0,0,6,yes,0.0320648012916491
6542,6492061,- Shawn -,11189,9304,,1830,yes,3472,1267,,5,15,0,,0.03191656697976793
6543,13056171,skytorex22,9491,9603,,1841,yes,8727,1127,,1,1,0,,0.03165633544971308
6544,15004224,[Enderman2010],6262,10337,6777,1725,,,1341,yes,0,0,6,yes,0.03161992667342073
6545,7095800,96013M88,10516,9418,4028,1800,,,1282,yes,0,0,5,yes,0.031606286918043056
6546,14429830,Anderwear,8296,9845,4888,1772,,4163,1238,,36,119,1,yes,0.03151459138061205
6547,10065690,Toji Fushiguro,7561,10012,6247,1737,,,1320,yes,0,0,4,yes,0.031467433846095044
6548,4966523,ChainedTomb,16221,8599,,1802,yes,2521,1325,,38,180,0,,0.03142969197120046
6549,21281053,Sedr1um,6855,10185,6239,1737,,,1331,yes,0,0,6,yes,0.03116151998532299
6550,25540750,ACLFT,5202,10662,5389,1758,,5573,1193,,2,6,9,yes,0.030961748678934295
6551,556012,Forseen,16845,8529,,1799,yes,1882,1378,,2,6,0,,0.0309403369256486
6552,2754924,RedKing,15149,8740,2756,1847,,,1241,yes,0,0,18,yes,0.03085137334409417
6553,13583745,Cookitora,5869,10449,,1872,yes,6715,1166,,8,21,0,,0.03052158810711375
6554,10187706,Aumix,8249,9855,7079,1719,,,1310,yes,0,0,2,yes,0.03051269392395284
6555,7472745,kamalite,20537,8146,1777,1903,,,1207,yes,0,0,9,yes,0.030464187145727073
6556,12903478,BugsLife,14695,8796,2866,1842,,,1245,yes,0,0,22,yes,0.030434371029049848
6557,14375764,Eriko,12650,9074,3181,1829,,,1262,yes,0,0,8,yes,0.030401143278370422
6558,10987564,Mr_DarkRainBow,6954,10158,6924,1722,,,1329,yes,0,0,4,yes,0.03021583221841817
6559,32023174,cata,7717,9973,3310,1824,,6635,1168,,3,8,10,yes,0.030016947003652927
6560,10339653,oi9k,12005,9176,,1825,yes,3265,1278,,9,37,0,,0.02997664827466353
6561,11476991,DrPogoface,9641,9576,,1840,yes,4496,1225,,2,5,0,,0.029925012021529154
6562,9186316,Shii,6017,10410,5608,1752,,6113,1179,,1,1,11,yes,0.029807897252158523
6563,2140681,- Carl -,12639,9076,,1821,yes,2917,1300,,2,5,0,,0.029699093381448327
6564,18745529,Finnchy,9130,9668,,1844,yes,6642,1168,,1,2,0,,0.029618870484167586
6565,11140740,My Angel Amogus,9127,9669,4261,1791,,,1298,yes,0,0,28,yes,0.029557682953289616
6566,16230011,Shadower,7742,9969,,1855,yes,5136,1205,,8,19,0,,0.029211106688487087
6567,4777134,Jeffrey,17608,8444,,1795,yes,2250,1344,,9,38,0,,0.029125234990646093
6568,11568110,SpikedJackson,10719,9384,,1833,yes,3664,1258,,5,15,0,,0.029118877943109793
6569,11044056,RediysLV,8540,9794,9926,1667,,,1306,yes,0,0,1,yes,0.028875959443981247
6570,12151936,RafaaHS,9209,9653,,1843,yes,6495,1171,,1,2,0,,0.028874365948130448
6571,2281520,359,15412,8703,,1806,yes,2168,1351,,1,6,0,,0.0287752547746965
6572,13834952,AcuracySeba,14722,8792,2231,1876,,,1244,yes,0,0,3,yes,0.028658305618982166
6573,4656634,kacperniszon,8306,9843,3188,1829,,4933,1211,,22,60,4,yes,0.02859204875476168
6574,17709282,-Toketsu,7090,10129,9508,1674,,4577,1222,,4,6,1,yes,0.02857378986889314
6575,15986874,-Alchemist-,6746,10214,8206,1698,,,1333,yes,0,0,3,yes,0.02857046331316271
6576,13485008,Arakine,8145,9877,4039,1799,,4478,1225,,2,8,21,yes,0.028528941142897855
6577,9398750,elyssa,4031,11131,7419,1711,,,1391,yes,0,0,20,yes,0.028514585553820193
6578,2700583,CaLiA,11333,9283,,1829,yes,3485,1267,,1,2,0,,0.02851143420334233
6579,7292054,Kitty Cat,6410,10298,8737,1688,,,1338,yes,0,0,3,yes,0.028012378787488024
6580,7577835,-Soni-,17212,8490,,1797,yes,2252,1344,,6,24,0,,0.027770559175556236
6581,20586695,LeivanTZH,6787,10203,5196,1763,,5003,1209,,4,15,2,yes,0.02774296491233856
6582,13238024,Krakenlord,10745,9382,2596,1855,,7870,1143,,1,3,7,yes,0.02752022682340538
6583,2319935,big boob,10867,9357,,1832,yes,3742,1254,,3,4,0,,0.02751310775372778
6584,23047653,Rixxze_,6414,10298,5600,1752,,,1338,yes,0,0,17,,0.02751113941989966
6585,6390912,Timowoof,6420,10296,,1867,yes,6929,1162,,4,11,0,,0.027436434857980918
6586,1050953,Restroom,6995,10149,,1861,yes,7007,1160,,2,7,0,,0.027413656261810748
6587,13752247,player 228,11647,9229,3518,1817,,,1271,yes,0,0,4,yes,0.027264869997324435
6588,3516728,Massimo99,4368,10971,9011,1683,,6794,1165,,7,21,1,yes,0.026950854802751084
6589,10027941,Legits,8508,9801,,1849,yes,8419,1132,,1,2,0,,0.02692537842325385
6590,3895932,ALTERNATOR32,10487,9423,,1835,yes,3809,1252,,4,11,0,,0.02684915945947554
6591,8630257,Kabonkers,8751,9747,4375,1787,,,1303,yes,0,0,37,yes,0.026636987651530455
6592,10411280,Filipuer,8886,9718,8851,1686,,,1301,yes,0,0,1,yes,0.0265712801064866
6593,20394717,-Exolem-,14115,8873,2581,1856,,,1249,yes,0,0,4,yes,0.026210763369388934
6594,10135005,Duzel,8837,9730,,1846,yes,6171,1178,,2,3,0,,0.02620820261907794
6595,19073990,Skhyze,6706,10224,7288,1714,,,1333,yes,0,0,4,yes,0.026115980587601006
6596,9517058,Ninja Fail,14860,8775,1995,1888,,7159,1157,,1,4,14,yes,0.025798238327019676
6597,8764551,lillipop,18238,8377,3384,1821,,2426,1332,,33,147,13,yes,0.025750022854155716
6598,22668647,FIVE2SNOWBUNNY,8915,9711,4477,1784,,,1301,yes,0,0,14,yes,0.025700033378425954
6599,8683075,_WarGhost_,5728,10492,6499,1731,,4769,1216,,1,4,5,yes,0.025444550484891304
6600,7201269,gygy,7671,9985,,1856,yes,4857,1213,,27,93,0,,0.025312116317397132
6601,4950052,a-k-u,6859,10184,5983,1743,,6324,1175,,1,3,2,yes,0.025163418538165463
6602,15984499,Nangong Yu,14001,8888,2911,1840,,,1250,yes,0,0,10,yes,0.024954460311431698
6603,14798338,Anxel,8041,9900,,1852,yes,4903,1212,,7,24,0,,0.02472393058580946
6604,9083516,JustRoxy,8519,9799,4349,1788,,3678,1258,,15,36,19,yes,0.024502365392863525
6605,3765834,Klaut,7954,9919,,1853,yes,6426,1172,,1,5,0,,0.024409414383939426
6606,30685000,Menajis6,23827,7858,2065,1884,,3022,1293,,18,55,23,yes,0.02425463070231624
6607,2536227,janituls,9674,9570,,1840,yes,4566,1223,,2,5,0,,0.02412415142898866
6608,17889373,shamiil,6190,10364,6233,1737,,,1342,yes,0,0,10,yes,0.023831276288809544
6609,14780160,Verami,8436,9815,4507,1783,,,1307,yes,0,0,40,yes,0.023585859228723388
6610,9683580,Vynxica,9656,9574,,1840,yes,5105,1206,,2,3,0,,0.023580525578665315
6611,10553321,luukas,10041,9507,4579,1781,,,1288,yes,0,0,3,yes,0.023387838099471023
6612,1594767,Hunteriwi,5323,10618,,1878,yes,6856,1163,,19,54,0,,0.023322732496971033
6613,33360586,Mizaki,9963,9521,6213,1738,,,1289,yes,0,0,1,yes,0.02323435754204252
6614,14506856,triggerzc,6545,10263,7558,1709,,,1336,yes,0,0,4,yes,0.0230330957958092
6615,10233705,-Zeraora-,20053,8195,2143,1880,,,1209,yes,0,0,20,yes,0.022772286155955918
6616,13192231,bobstevenson,5981,10418,2347,1869,,8075,1139,,6,26,2,yes,0.022768380585440506
6617,14202931,Keiko,8524,9798,,1849,yes,8560,1129,,2,2,0,,0.022705916323504494
6618,4682813,[Romanos],10802,9371,,1833,yes,3676,1258,,8,24,0,,0.02250534227708089
6619,11128641,CJD Simplex,4388,10964,8125,1699,,,1381,yes,0,0,10,yes,0.02244295886311448
6620,17828939,Evrazija,11432,9263,,1829,yes,3471,1268,,3,14,0,,0.022365608269270063
6621,11878001,mainstoned,9500,9601,5513,1755,,,1294,yes,0,0,2,yes,0.021595643837750714
6622,14315035,KuusneLy,18426,8359,1629,1914,,,1219,yes,0,0,4,yes,0.021307409334436422
6623,26058793,Sussy,11490,9253,3671,1812,,,1272,yes,0,0,8,yes,0.0212472651827844
6624,21505584,vikaIa,8618,9778,,1848,yes,6775,1165,,1,3,0,,0.02068053502585493
6625,26479859,mickiewicz,6346,10316,6876,1723,,,1339,yes,0,0,6,yes,0.02031897804673055
6626,17624683,DioShock,11196,9303,3739,1809,,,1275,yes,0,0,39,,0.02031064422056746
6627,12648780,knight87,6164,10369,,1869,yes,7051,1159,,5,14,0,,0.02028144019542455
6628,1855908,Ask to Wind,11549,9244,1576,1918,,5607,1192,,43,179,4,yes,0.020258737313472136
6629,35826907,Atackrs,10677,9391,3989,1801,,,1281,yes,0,0,8,yes,0.02011669577013212
6630,6411479,W A R P A T H,7441,10038,,1857,yes,5438,1196,,6,20,0,,0.020083122319674934
6631,18955845,Harunari,51861,6400,1750,1904,,1545,1416,,12,64,25,yes,0.019994823325953592
6632,10021648,B L A C K Y,6047,10404,,1870,yes,7432,1151,,5,12,0,,0.01989167704329603
6633,15663596,4rkiva,14622,8806,2658,1852,,,1245,yes,0,0,6,yes,0.0197321842694807
6634,2419478,[ Pustules ],10889,9352,,1832,yes,3767,1253,,2,6,0,,0.019322753541427935
6635,14674726,boizzu,6334,10318,9054,1682,,,1340,yes,0,0,3,yes,0.01931847824322991
6636,13099371,Luffuu_,9087,9676,3438,1819,,8595,1129,,1,2,11,yes,0.019158350359346127
6637,11379383,LamePvP,8996,9693,5476,1756,,,1300,yes,0,0,3,yes,0.018964469704847234
6638,17369297,HealNas,4310,10994,6649,1727,,,1383,yes,0,0,51,yes,0.018716319464043507
6639,3859111,Beardedhippo,7460,10033,,1857,yes,5059,1208,,38,116,0,,0.018596737822654447
6640,12047601,xMatrix382,9215,9652,4631,1779,,,1297,yes,0,0,7,yes,0.018556072441100538
6641,8894794,adioni,9796,9549,,1839,yes,5721,1189,,1,2,0,,0.01837721379313932
6642,10731451,GTowers,13762,8916,3053,1834,,,1252,yes,0,0,13,yes,0.018188518842252088
6643,3189514,CoLouRed GlaZeE,11227,9297,,1830,yes,3683,1258,,1,3,0,,0.01815965158109059
6644,3958814,Suome,6379,10309,,1867,yes,6370,1174,,9,22,0,,0.018099493724411275
6645,4452201,YuugureUmi,7888,9935,,1854,yes,6309,1175,,2,6,0,,0.018039214044780594
6646,23261764,-Matti,17012,8511,,1798,yes,2453,1330,,16,69,0,,0.017994227112057365
6647,3288107,zuchima,8374,9828,,1850,yes,9218,1118,,2,2,0,,0.017991975395135362
6648,19166426,Auiyin,27304,7599,926,1987,,7435,1151,,22,83,42,yes,0.017659727645411072
6649,6815861,Etellero,8627,9776,,1848,yes,6868,1163,,1,3,0,,0.01763915525270457
6650,23124445,meowmeowmmeowme,6577,10253,,1865,yes,5599,1192,,44,143,0,,0.017634450001912605
6651,13125775,CKboss1,4562,10901,9373,1676,,7846,1143,,1,1,4,yes,0.01755818481130765
6652,13165910,_Crimsyn_,6320,10323,3272,1826,,8347,1134,,5,12,14,yes,0.017475829306083046
6653,20987963,LYouGotSniped,4495,10925,8936,1684,,,1378,yes,0,0,7,yes,0.01739978575227502
6654,17389949,suyoung,12478,9103,3161,1830,,,1263,yes,0,0,3,yes,0.017380959960512515
6655,12298304,anaxiphilia,6627,10242,5964,1743,,,1335,yes,0,0,10,yes,0.017215387112520714
6656,8642984,RyrverF,20952,8112,1975,1889,,,1205,yes,0,0,15,yes,0.01712844810839137
6657,19605423,Lame,5843,10455,7449,1711,,,1349,yes,0,0,6,yes,0.01706776253906267
6658,10844558,BringTheChaos,12906,9037,2137,1880,,7115,1158,,4,13,35,yes,0.016916784398398138
6659,35736736,Minimoog,9465,9607,4238,1792,,,1294,yes,0,0,39,yes,0.01686219540391462
6660,16178903,pastaman,4198,11052,9421,1675,,,1386,yes,0,0,7,yes,0.01671071536768376
6661,17127945,CthulhuMythos,10615,9400,5070,1767,,,1281,yes,0,0,1,yes,0.01669356445420432
6662,24071806,Sourced,10190,9479,4037,1799,,,1286,yes,0,0,50,yes,0.01665806197319092
6663,14106692,narcylol,9015,9690,6210,1738,,,1300,yes,0,0,2,yes,0.016610952199822004
6664,30986946,oregue,11524,9248,3884,1804,,3322,1275,,39,172,13,yes,0.016579138776472997
6665,3969048,Mand,10548,9412,,1834,yes,4560,1223,,1,2,0,,0.016451617735429774
6666,15852740,Freion,18772,8322,,1790,yes,2172,1351,,9,37,0,,0.01635629007715972
6667,3787685,Siros,10759,9379,,1833,yes,3716,1256,,13,46,0,,0.01604404958147022
6668,2461385,Tiyop,10870,9357,,1832,yes,4191,1237,,1,2,0,,0.01596928343652325
6669,19186968,Atomium,9968,9521,3482,1818,,4884,1213,,2,5,7,yes,0.015845578760682405
6670,6785380,HoshimiyaIchigo,8063,9894,,1852,yes,4846,1213,,14,43,0,,0.015679438691153375
6671,11740219,Takane,5985,10417,6058,1741,,3715,1256,,2,3,13,yes,0.015609330637824258
6672,2271558,Te Amo,17139,8498,,1798,yes,2126,1355,,4,10,0,,0.015583878126725043
6673,13928194,rtd_,4457,10939,7532,1709,,2806,1306,,2,5,30,yes,0.015411676789714938
6674,22248661,flower rice,9051,9683,4832,1773,,,1299,yes,0,0,6,yes,0.01535706348948554
6675,11186287,neekofi,9070,9680,6169,1739,,,1299,yes,0,0,2,yes,0.01534783829414263
6676,13968040,Torche5,8257,9852,5803,1747,,,1310,yes,0,0,4,yes,0.015326625073924793
6677,5711537,ClickZX,8680,9762,2991,1837,,6493,1171,,3,8,5,yes,0.015207964173488048
6678,4108816,Milkabob,13346,8972,,1817,yes,2690,1313,,2,4,0,,0.015030280215598449
6679,11945624,user2222,20032,8196,1681,1909,,,1210,yes,0,0,6,yes,0.014952838659907652
6680,13251405,Rover Black,6067,10399,4932,1770,,7685,1146,,1,2,15,,0.014935238860500827
6681,10897656,LuchiBuchi,11138,9313,4057,1799,,,1276,yes,0,0,2,yes,0.014885365311980085
6682,13842917,LoadingCyrillic,9366,9622,4768,1775,,,1295,yes,0,0,5,yes,0.014835008217047627
6683,14086779,cosuichi,8865,9723,9449,1675,,,1302,yes,0,0,1,yes,0.014818184472184165
6684,15111904,sheluvlando_3,9073,9679,,1844,yes,4721,1218,,3,10,0,,0.01480355820114461
6685,1474421,Lucyii,14682,8798,,1810,yes,2763,1308,,6,24,0,,0.014719308116698637
6686,15597328,KAPACb,5790,10471,3459,1819,,8059,1139,,6,12,1,yes,0.014615971932852023
6687,11234616,KEYNOT,3249,11560,8486,1692,,,1415,yes,0,0,26,yes,0.01443400554762092
6688,15853047,Capricciosa,12130,9159,3538,1816,,,1266,yes,0,0,18,yes,0.014431265804691354
6689,18531711,memjamim,10278,9461,4159,1795,,,1285,yes,0,0,10,yes,0.013887055751235097
6690,8106988,XxCheesesteak,7294,10071,,1859,yes,5443,1196,,10,31,0,,0.013852047319414945
6691,17836051,ezgi,7276,10076,,1859,yes,8577,1129,,2,4,0,,0.013422656304606151
6692,21033373,TROmega,10363,9443,5625,1752,,,1284,yes,0,0,1,yes,0.013392003332941854
6693,3942820,Fukkatsu,5139,10685,,1880,yes,7912,1142,,9,23,0,,0.013358403598491053
6694,10102221,Dabble,8776,9741,,1847,yes,4613,1221,,5,24,0,,0.013292913107729065
6695,9851804,vro,11703,9219,3666,1812,,,1270,yes,0,0,13,,0.01300089556414431
6696,6054527,Magoon,6611,10246,6726,1726,,,1335,yes,0,0,6,yes,0.012575260173529501
6697,20704748,bingus zingus,9367,9622,2786,1846,,6215,1177,,1,5,2,yes,0.012464649560119029
6698,16053235,Icuke,7884,9936,,1854,yes,7450,1151,,2,4,0,,0.012388203004501136
6699,245276,Explosive,12430,9110,4881,1772,,2780,1307,,13,43,4,yes,0.012373849636949416
6700,19023005,Moyyba,10013,9513,2478,1861,,9323,1116,,3,8,47,,0.012263468462237859
6701,8984473,aTaco,8443,9813,4290,1790,,5801,1187,,1,1,46,yes,0.012261014570077236
6702,9676459,_-_-_-_-_-_-_-_,5561,10541,7052,1719,,,1354,yes,0,0,9,yes,0.012093988834059932
6703,9594849,unheard,10612,9400,5206,1763,,,1281,yes,0,0,1,yes,0.01195805912962103
6704,8627574,Creper,13801,8913,3084,1833,,,1252,yes,0,0,12,yes,0.011860343794851708
6705,13680241,lozzano,10480,9424,4186,1794,,,1283,yes,0,0,6,yes,0.011777565825621984
6706,18450729,bunny,10938,9343,3926,1803,,,1278,yes,0,0,11,yes,0.011698928592341111
6707,12343207,Mommyteshi,10078,9499,,1838,yes,7677,1147,,1,1,0,,0.0116949455285459
6708,15558397,WheaThley,5384,10601,7526,1710,,8183,1137,,1,6,1,yes,0.011666223078104498
6709,20049788,Lagrvies,10447,9429,2979,1837,,7760,1145,,2,3,14,yes,0.011465989838771423
6710,2052511,Hino,12692,9067,,1821,yes,3005,1294,,2,4,0,,0.011290526930422692
6711,3958619,D I O,6707,10224,2246,1875,,8919,1123,,38,116,9,yes,0.011252610273927544
6712,4943725,Laco,11743,9212,3622,1814,,,1270,yes,0,0,2,yes,0.011174120992215502
6713,15625697,Fennral,13895,8900,2397,1866,,7116,1158,,1,1,5,yes,0.011143494569670682
6714,11397072,pottomotto22,5852,10453,6729,1726,,6625,1168,,1,2,4,yes,0.011095575064965543
6715,7111019,Ashwin,15468,8696,,1806,yes,2723,1311,,14,70,0,,0.010955805188820944
6716,18319269,Hatsuratsu,13694,8926,2958,1838,,,1253,yes,0,0,6,yes,0.010894823032852427
6717,8945180,molneya,5344,10611,,1877,yes,7535,1149,,8,26,0,,0.010545985144943204
6718,3812276,DDBOT,9311,9632,,1843,yes,4244,1235,,34,127,0,,0.010362633378736899
6719,25512851,[Caveman],9458,9607,2461,1862,,6871,1163,,27,104,31,yes,0.010354796422949591
6720,9836742,disquietude,9390,9617,4546,1782,,,1295,yes,0,0,9,yes,0.01028560071261446
6721,7702011,-Nori,6041,10405,4866,1772,,9827,1108,,1,2,9,yes,0.010262543245117911
6722,16576862,thatdog,7540,10017,5267,1761,,,1320,yes,0,0,14,yes,0.010151617892812465
6723,15997249,koisoysauce,12283,9132,3506,1817,,,1265,yes,0,0,13,yes,0.010028339498114953
6724,12739777,DarkSm1le,4805,10804,7435,1711,,,1371,yes,0,0,12,yes,0.009883563372381166
6725,6570008,zhev,11894,9190,,1826,yes,3361,1273,,1,3,0,,0.009808787272263562
6726,9606647,Agouka,12012,9175,,1825,yes,3394,1271,,6,12,0,,0.00980097259871015
6727,22278620,Mini_Neji111,10572,9407,4042,1799,,,1282,yes,0,0,15,yes,0.009617259006919676
6728,8415978,-Suika,14097,8876,,1813,yes,2665,1316,,2,6,0,,0.00947569993506027
6729,23591524,timurkazz,4529,10914,,1887,yes,9607,1111,,5,16,0,,0.00941265541301961
6730,14044322,Pandowo,7604,10001,,1856,yes,5786,1187,,5,13,0,,0.009315959834980736
6731,9983035,Lamsu,11354,9280,3834,1806,,,1274,yes,0,0,7,yes,0.009211118531844587
6732,15337680,noaZy,9244,9647,3932,1803,,9033,1121,,1,1,8,yes,0.009197270789516779
6733,10446980,raeyen,8210,9861,,1851,yes,6983,1161,,1,4,0,,0.009052770852353287
6734,11500584,Arokomi,8682,9762,,1847,yes,4684,1219,,9,29,0,,0.008985142214082073
6735,9935532,Nurbieone,13130,9006,3347,1822,,,1257,yes,0,0,60,yes,0.008900413874746063
6736,15758568,Motomiya Chiaki,10172,9482,4423,1786,,,1286,yes,0,0,5,yes,0.008813032115252417
6737,6871408,Kiranelly,10427,9432,,1835,yes,4349,1231,,1,4,0,,0.008663537884365975
6738,12408784,ZiinHG,8925,9709,,1845,yes,4926,1212,,4,10,0,,0.008379883326407753
6739,13323980,Hoex,6162,10370,,1869,yes,8431,1132,,2,8,0,,0.008045432409668873
6740,15173844,ilia,26905,7626,,1759,yes,1618,1406,,23,89,0,,0.007953674876642836
6741,17869240,Glynn,5756,10481,6411,1733,,,1351,yes,0,0,14,yes,0.007933563006420175
6742,22490816,Styr3,6842,10188,,1863,yes,9801,1108,,2,4,0,,0.007857960803168251
6743,9814770,eisuke0530,10756,9379,2132,1881,,4714,1218,,17,60,2,yes,0.007833373198604401
6744,4745025,Luminance,3471,11433,,1904,yes,9892,1107,,29,94,0,,0.007653067946231218
6745,10730313,woukiez,5839,10456,5785,1747,,,1349,yes,0,0,38,yes,0.007649324511829481
6746,13958882,zStormk19,9771,9554,,1840,yes,4111,1240,,52,165,0,,0.007603888453443869
6747,7673608,lfg,6848,10186,3468,1818,,9948,1106,,3,5,21,yes,0.007458445798204594
6748,8065765,Haxwill,8318,9841,2883,1842,,6014,1182,,9,28,5,yes,0.0071751661936737265
6749,17193028,worm-b0y,18069,8396,2405,1865,,,1221,yes,0,0,16,yes,0.00704976712672134
6750,9083495,PASHTET,3747,11279,5350,1759,,9388,1115,,2,7,10,yes,0.006732581706919566
6751,11797653,Olenor99,16545,8561,2748,1847,,,1231,yes,0,0,43,yes,0.0066995494306485714
6752,4453667,superluigiguy45,11326,9284,4258,1792,,,1274,yes,0,0,1,yes,0.006646368244632685
6753,4502522,Cranky The Five,6195,10363,,1869,yes,7212,1156,,6,15,0,,0.006627177894733605
6754,12201636,rety,7036,10140,2743,1848,,6163,1178,,42,130,2,yes,0.006495629796144015
6755,13227631,Fujiwara,8495,9802,,1849,yes,9387,1115,,2,2,0,,0.006455947720100774
6756,4858573,Syph,7879,9936,5429,1757,,3932,1247,,1,3,6,yes,0.006409827463272812
6757,13010854,x1nyu,8224,9860,,1851,yes,7056,1159,,3,4,0,,0.006368238511046592
6758,4197983,HiddenChicken,12210,9144,3546,1816,,,1266,yes,0,0,8,yes,0.00611359869876257
6759,15900127,apolin1Juro,11697,9220,3725,1810,,,1270,yes,0,0,12,yes,0.00607335883397007
6760,6443786,Letrix,5182,10667,4915,1771,,8335,1134,,1,6,5,yes,0.006040826291030754
6761,11097019,xhmsteree,16233,8597,2606,1854,,,1233,yes,0,0,12,yes,0.005684887476742062
6762,16978626,Nishimiya,27540,7584,1533,1921,,,1167,yes,0,0,18,yes,0.005504601428174494
6763,13903087,Repxic,8599,9783,4811,1774,,5594,1192,,2,4,1,yes,0.005412507728560306
6764,13627888,hitorisu,7646,9992,,1856,yes,8141,1138,,1,4,0,,0.005396963495429091
6765,15287660,Linennight,14661,8800,,1810,yes,2667,1315,,3,9,0,,0.005316583146776022
6766,6078056,Huei Naduki,12853,9044,,1820,yes,3239,1280,,16,45,0,,0.005036834341345844
6767,12380886,p o t,14077,8878,2986,1837,,,1249,yes,0,0,8,yes,0.004961030532026858
6768,16230024,whalee,8311,9842,3064,1834,,6684,1167,,4,9,4,yes,0.004951960269269667
6769,17550018,Ynreeq,4224,11037,7709,1706,,,1385,yes,0,0,17,yes,0.00487461294828162
6770,15772465,kaeds,8672,9764,4757,1775,,,1304,yes,0,0,14,yes,0.004839919457932718
6771,13370667,seraph,5151,10680,3892,1804,,7425,1151,,10,30,10,yes,0.0047357850852542405
6772,17373073,h1ngetu,7086,10129,5337,1759,,,1327,yes,0,0,24,yes,0.004562339295732992
6773,8412408,Maugu,8871,9723,5237,1762,,,1302,yes,0,0,5,yes,0.004050950178985491
6774,29526633,wavetable,15967,8632,2363,1868,,,1235,yes,0,0,5,yes,0.0040326228707481815
6775,19446346,peroro,8292,9845,,1850,yes,5301,1200,,3,13,0,,0.004027401168475414
6776,7358639,Igor156,6550,10262,9452,1675,,4706,1218,,10,33,1,yes,0.003995354855239719
6777,12315824,-Aku,12234,9139,3549,1816,,,1265,yes,0,0,7,yes,0.003780945962677449
6778,17363709,FuRu7_7,14415,8834,3051,1834,,,1247,yes,0,0,17,yes,0.0037667847841299368
6779,9669947,tomatohung,9774,9553,,1840,yes,4162,1238,,20,88,0,,0.003728389981895827
6780,12385795,Sarym,8842,9729,6788,1725,,,1302,yes,0,0,2,yes,0.0036667832744582685
6781,15641344,-Aiba-,11971,9181,,1825,yes,3479,1267,,29,97,0,,0.0036136369251568382
6782,16896211,Leta831254v2,8222,9860,,1851,yes,5972,1183,,3,7,0,,0.0032977905677389063
6783,7070896,Shirayuki Hina,11076,9323,4026,1800,,,1277,yes,0,0,6,,0.003187617642634682
6784,10764969,ChivaJam,7749,9968,,1855,yes,5576,1193,,9,17,0,,0.0031080261728808345
6785,14263102,SillyCat-,10228,9472,,1837,yes,7652,1147,,1,1,0,,0.0025800204254049913
6786,28857609,lwenu,17466,8461,2466,1862,,,1225,yes,0,0,13,yes,0.0024877109227969263
6787,6568505,kaimuu,10606,9401,,1834,yes,4459,1226,,1,3,0,,0.0024367182314007987
6788,6139051,Narkvar,9739,9558,,1840,yes,5117,1206,,1,4,0,,0.0024232960103271334
6789,12330474,Ren-kun,6140,10378,8472,1693,,6307,1175,,1,1,3,yes,0.0023336276279463525
6790,10888411,Setsoku,13116,9008,3019,1836,,,1257,yes,0,0,3,yes,0.002197808476686172
6791,8762031,Clovers,12126,9160,,1825,yes,3433,1270,,5,14,0,,0.002081009515086222
6792,25836043,Horsey66,70528,5808,,1661,yes,608,1652,,5,25,0,,0.0020158758675606903
6793,2240617,ZUMMI,9819,9546,,1839,yes,6245,1176,,1,2,0,,0.0019083077137389964
6794,9810297,-Fay,6181,10366,5590,1752,,,1342,yes,0,0,55,yes,0.0016191790807614237
6795,9070739,Phynta,14047,8881,,1813,yes,3015,1294,,8,30,0,,0.001535361380475997
6796,14783137,Kriatix,4868,10778,,1883,yes,7786,1144,,20,59,0,,0.0012204003591918533
6797,15020062,BillCipher74,17123,8499,2548,1857,,,1227,yes,0,0,15,yes,0.001051584247107884
6798,11614518,Asuna Pringles,11457,9258,3828,1806,,,1273,yes,0,0,13,yes,0.0009423767723680965
6799,15625177,VictorCoi,4099,11094,6428,1733,,9261,1117,,2,7,3,yes,0.0007588213360110452
6800,19857248,Herazu,8272,9849,,1851,yes,4806,1215,,42,123,0,,0.0007527357061999362
6801,13923613,Chronoa_,11978,9179,3620,1814,,,1268,yes,0,0,2,yes,0.0005853890972952382
6802,21944272,Le Meger,9178,9660,4472,1784,,,1298,yes,0,0,27,yes,0.0005836477808826013
6803,8232475,Hollowfury7,8950,9704,,1845,yes,4827,1214,,4,14,0,,0.0005730126269729435
6804,8890388,Kekich111,8365,9830,4770,1775,,5383,1198,,1,2,5,yes,0.0004738726629106571
6805,13033301,Lunarine,4759,10822,6177,1738,,5126,1206,,1,2,31,yes,0.00043942435476482244
6806,14443835,[Cat Girl],10895,9352,,1832,yes,3832,1251,,9,32,0,,0.00036004415021241576
6807,11650613,v1cks,8149,9876,4051,1799,,5844,1185,,2,5,8,yes,0.0003594870504254888
6808,6959506,Kibbyyy,10221,9473,,1837,yes,4966,1210,,1,3,0,,0.00024607646990632004
6809,12994366,ChickenLegPiece,8455,9811,7517,1710,,,1307,yes,0,0,2,yes,0.00021998897468178402
6810,15841840,Super Freak,7900,9933,4876,1772,,9154,1119,,1,1,5,yes,-0.00040539520366164594
6811,8680224,OkayuMyMommy,5598,10530,7186,1716,,,1354,yes,0,0,9,yes,-0.00041191256762018735
6812,6511254,Axion299,19082,8289,2646,1852,,3240,1279,,3,9,78,,-0.0006855400132533065
6813,733878,B e N i,9778,9553,,1840,yes,5150,1205,,1,4,0,,-0.0008803628052567736
6814,2609349,Weed,5543,10550,8310,1696,,5722,1189,,15,38,1,yes,-0.0009581256283687223
6815,11962846,Useless95,8126,9880,5501,1755,,,1312,yes,0,0,7,yes,-0.0009732207728081477
6816,14453922,BlackDog,23777,7862,1990,1888,,,1188,yes,0,0,40,yes,-0.0012855023278317002
6817,11329084,i like stars,10058,9503,,1838,yes,4876,1213,,2,4,0,,-0.0012890206246823355
6818,11012716,jeti,9189,9658,,1844,yes,6398,1173,,1,3,0,,-0.0012939002839998381
6819,7725230,Ronald PY,6701,10224,8948,1684,,,1333,yes,0,0,3,yes,-0.0013450867672357703
6820,26700353,Illllll,10171,9482,6600,1729,,,1286,yes,0,0,1,yes,-0.0014224203030370614
6821,11787679,Robro47,5897,10442,4867,1772,,5408,1197,,6,19,8,yes,-0.0014904405021112233
6822,14099175,Abdulmalik,4477,10932,8669,1689,,5307,1200,,1,1,7,yes,-0.0017172354620068817
6823,9703390,Lernaeus,10123,9490,4297,1790,,,1287,yes,0,0,13,yes,-0.0018172240629074077
6824,4416938,Goldknightx,12871,9041,,1820,yes,3269,1278,,10,29,0,,-0.0019065915305927009
6825,16039863,grassybat,7970,9916,6379,1734,,,1314,yes,0,0,4,yes,-0.0019153390232395928
6826,9997359,LewusekX44,17609,8444,,1795,yes,2506,1326,,32,126,0,,-0.0021257867481676296
6827,16803668,TNT,13049,9016,3380,1821,,,1258,yes,0,0,15,yes,-0.002238372364916856
6828,21603876,Kurayomi,10726,9384,4070,1798,,,1280,yes,0,0,20,yes,-0.0022577015338310705
6829,15975275,NEW GOD,10214,9474,4452,1785,,,1286,yes,0,0,6,yes,-0.0023845159725318366
6830,4926661,Kusozako,9573,9587,4286,1790,,,1293,yes,0,0,148,,-0.002436193753734356
6831,9298130,last place,10822,9366,4105,1797,,,1279,yes,0,0,10,yes,-0.002488413326231162
6832,12353050,mis,6338,10317,4410,1786,,7738,1145,,2,4,17,yes,-0.0025779020446360656
6833,13172495,NiwaGaming,16714,8544,2672,1851,,,1230,yes,0,0,18,yes,-0.002602542237136296
6834,9340424,MarkDjVj,23634,7873,1895,1894,,3830,1251,,21,74,45,,-0.0027047636352598783
6835,31447957,Hazzzy,7310,10067,5605,1752,,,1324,yes,0,0,12,yes,-0.0029509051281756404
6836,6420308,Light135,33414,7228,2150,1880,,2023,1366,,21,95,9,yes,-0.0029821644094975286
6837,7724523,Nepyutsu,10711,9386,5518,1755,,,1280,yes,0,0,1,yes,-0.0030237951226733395
6838,11750800,Dooneh,11418,9267,,1829,yes,3797,1253,,1,5,0,,-0.00343428592141733
6839,6413706,sno,12401,9115,,1823,yes,2909,1301,,1,1,0,,-0.003826933370495382
6840,17777269,Concasse,5530,10552,6970,1721,,5256,1202,,1,4,5,yes,-0.003996053816256215
6841,6221637,allein,9134,9667,,1844,yes,8001,1140,,1,2,0,,-0.004067762221156207
6842,15251002,mizukuru,5380,10602,,1877,yes,8102,1138,,5,20,0,,-0.0042642693019685485
6843,3275495,Liyuchi,11273,9289,,1830,yes,3777,1253,,4,13,0,,-0.004608039400537289
6844,19812694,Sa1l3,10206,9476,,1837,yes,8220,1136,,1,1,0,,-0.0046341547376649445
6845,7559996,Plntote,9486,9603,,1842,yes,4854,1213,,2,8,0,,-0.004751659341623415
6846,1477258,Venyera,5896,10442,9974,1666,,2915,1300,,1,2,4,yes,-0.00476839155148686
6847,10630390,MilkyChocolate,9464,9607,3388,1821,,5111,1206,,4,15,8,yes,-0.004793115982538218
6848,11853586,SwagChungusIron,16317,8587,2733,1848,,,1233,yes,0,0,17,yes,-0.004981025536370531
6849,18552049,pwel,7852,9943,3094,1833,,7218,1156,,2,8,2,yes,-0.005160706477090549
6850,13541126,President,6661,10233,5719,1749,,,1334,yes,0,0,20,,-0.005306911711356999
6851,10612546,hunneko,4945,10753,,1882,yes,8961,1122,,6,18,0,,-0.005333889675992021
6852,1438509,Kardet,12512,9095,4931,1770,,2314,1340,,3,12,17,yes,-0.005960522537530558
6853,4772172,GalacticLightN,7506,10022,,1857,yes,6142,1179,,7,13,0,,-0.006011219037321408
6854,9487458,Mocaotic,10489,9422,6044,1742,,,1283,yes,0,0,1,yes,-0.006098853174479585
6855,3644289,norbertosnt3,8585,9786,6387,1734,,,1305,yes,0,0,3,yes,-0.006219548774053285
6856,17542514,shirai,10117,9491,3022,1836,,8000,1140,,2,2,2,yes,-0.006384110032447571
6857,13365884,Kou_,10633,9397,4062,1798,,,1281,yes,0,0,88,yes,-0.006558304043292211
6858,14443032,LickWidFyre,6499,10275,,1866,yes,6903,1163,,8,18,0,,-0.0068081601618629195
6859,24428669,surreal_,4124,11084,7214,1715,,,1388,yes,0,0,42,yes,-0.0069688809013489506
6860,17269268,OhSchatz,9318,9630,4543,1782,,,1296,yes,0,0,19,yes,-0.007160874030367553
6861,23963818,noyur,4272,11012,8114,1699,,,1384,yes,0,0,14,yes,-0.0072299088376969745
6862,16786480,- Yuuu -,5635,10518,4666,1778,,8210,1136,,1,7,4,yes,-0.007411430288554677
6863,8690059,ninjack789,9095,9675,5806,1747,,,1299,yes,0,0,3,yes,-0.007433457353697437
6864,12117146,Katixiya,11008,9335,2215,1876,,8765,1126,,4,12,20,yes,-0.007695886978746763
6865,8397226,xFluffyo,14144,8870,,1813,yes,2999,1295,,4,15,0,,-0.007814489523789644
6866,6758975,Nelli,4647,10863,6752,1725,,,1375,yes,0,0,43,yes,-0.008052450241410325
6867,13506749,yedinstvennyy,11962,9182,3756,1809,,,1268,yes,0,0,2,yes,-0.008115545078276613
6868,9890753,SirShyLordy,13197,8993,3337,1823,,,1257,yes,0,0,9,yes,-0.008128743442550435
6869,5533261,Sharfik,8140,9878,4445,1785,,4284,1233,,7,25,13,yes,-0.008164388805510368
6870,6577816,Dizco,10906,9350,5294,1761,,,1278,yes,0,0,1,yes,-0.00822972469587318
6871,8787324,Alice Pi,8426,9817,,1849,yes,8124,1138,,2,3,0,,-0.008255679033608049
6872,9252621,Osullldau,12850,9044,3535,1816,,,1260,yes,0,0,43,yes,-0.00834890753869533
6873,9680907,Hades,6008,10412,,1871,yes,7847,1143,,4,14,0,,-0.008423708240165972
6874,3388082,ThunderBird2678,8829,9731,,1846,yes,4757,1217,,11,40,0,,-0.00855836904055439
6875,7672254,SharCookie,12171,9150,2886,1842,,4550,1223,,2,4,3,yes,-0.008833381728635958
6876,15218157,MlSA,30653,7388,872,1994,,7610,1148,,5,18,24,,-0.008906623990517781
6877,14791081,- Izayoi -,13183,8996,3411,1820,,,1257,yes,0,0,18,yes,-0.009051836001970959
6878,14881869,squarerot,18052,8397,2568,1856,,,1221,yes,0,0,25,yes,-0.009399793882219426
6879,23633931,whynowork,8274,9849,6203,1738,,,1310,yes,0,0,4,yes,-0.009403216143306109
6880,8500628,NathanSS,23989,7843,,1769,yes,1916,1375,,46,202,0,,-0.009474774957769161
6881,14205390,-ayayaya-,16014,8626,,1803,yes,2710,1312,,10,37,0,,-0.009578311094968012
6882,6363335,lyrdae,8645,9772,7470,1711,,,1305,yes,0,0,2,yes,-0.009823976769524151
6883,18017232,egomaniac,7270,10078,9619,1672,,5958,1183,,1,3,1,yes,-0.0099603829745962
6884,24441328,streamline,3196,11591,9279,1677,,,1417,yes,0,0,19,,-0.010065905292738986
6885,15352105,CraftH,4161,11065,6061,1741,,6824,1164,,3,9,9,yes,-0.010284058413770808
6886,15830382,- Sushi -,4845,10784,7315,1713,,3289,1277,,4,14,24,yes,-0.01034601642290997
6887,14414480,Top4guy,9970,9520,4318,1789,,,1288,yes,0,0,28,yes,-0.01041405111060241
6888,18579521,ImPPT,5322,10618,3393,1821,,8014,1140,,16,53,4,yes,-0.010773799197143052
6889,7509340,Bayleaf,6240,10347,6625,1728,,,1341,yes,0,0,10,,-0.010852018822366638
6890,24183711,fike,8119,9882,,1852,yes,8879,1124,,1,3,0,,-0.010885062520837624
6891,16417986,Ninym-,11726,9215,3970,1802,,,1270,yes,0,0,2,yes,-0.0109122142846469
6892,17427568,Milktaro,13550,8944,3063,1834,,,1254,yes,0,0,4,yes,-0.011008997340415633
6893,31659938,25 FPS,7248,10083,5797,1747,,,1324,yes,0,0,11,yes,-0.011438740952355808
6894,13792666,snox,6415,10298,,1867,yes,9450,1114,,1,6,0,,-0.011541492311006762
6895,18488472,kioalne,4950,10751,9900,1667,,,1368,yes,0,0,5,yes,-0.011591148979169463
6896,6676303,Heros5k,12808,9050,,1820,yes,3288,1277,,4,9,0,,-0.011607700233699926
6897,12839268,-Kazeshi,10201,9477,,1837,yes,5979,1183,,1,2,0,,-0.011699227978703333
6898,15095373,flacko,22198,8002,1994,1888,,,1197,yes,0,0,16,yes,-0.01181994200476022
6899,18482228,Splenden,7612,10000,,1856,yes,7959,1141,,3,5,0,,-0.011951265073441492
6900,14080562,KorJayden,18377,8364,,1792,yes,2361,1336,,8,34,0,,-0.012035116055655909
6901,10320180,kawaemon,9119,9670,9866,1668,,,1299,yes,0,0,1,yes,-0.01203737972870142
6902,4059978,Zereliq,5669,10508,6223,1737,,,1352,yes,0,0,29,yes,-0.012575847294366893
6903,33843286,Toshino Kyouko,9192,9657,9671,1671,,,1298,yes,0,0,1,yes,-0.012635693883122856
6904,15895452,MikeyRea,3351,11508,7756,1705,,5133,1205,,1,4,24,yes,-0.012828481527564758
6905,10336374,Kamilony,5539,10550,7438,1711,,,1355,yes,0,0,9,yes,-0.012878779266350615
6906,5950845,Wooting Farmer,5059,10719,8670,1689,,,1365,yes,0,0,7,yes,-0.012936970588674823
6907,18021056,HKUSTenjoyer,11400,9270,3904,1803,,,1273,yes,0,0,183,yes,-0.01316776129281533
6908,9653041,Watisdisidont,11247,9293,4843,1773,,,1275,yes,0,0,1,yes,-0.01329712027011698
6909,634837,Melt3dCheeze,16063,8620,,1803,yes,1885,1378,,1,3,0,,-0.013356906038693661
6910,30167951,-hazel-,11207,9301,4073,1798,,,1275,yes,0,0,9,yes,-0.013781822518877385
6911,9974314,NaFish,7022,10143,5801,1747,,4170,1238,,38,144,5,yes,-0.01424758378942756
6912,13361670,vames,8568,9788,7736,1706,,,1306,yes,0,0,2,yes,-0.014477919374356468
6913,12612018,-Doki,7630,9995,,1856,yes,8005,1140,,2,5,0,,-0.014661228641477148
6914,23422767,-Ammonia-,11020,9333,4185,1794,,,1277,yes,0,0,7,yes,-0.015046187633502954
6915,10742637,robert93,8425,9817,,1849,yes,7340,1153,,2,4,0,,-0.015085702208443075
6916,14098844,Spoooth,10490,9422,,1835,yes,5528,1194,,1,2,0,,-0.015401501941916945
6917,28639698,polyphia,6904,10171,,1862,yes,6633,1168,,4,18,0,,-0.015671818669349052
6918,20034824,GIMPLY,3787,11260,9705,1670,,,1398,yes,0,0,10,yes,-0.016154183049449822
6919,14990760,95x,9497,9601,4869,1772,,,1294,yes,0,0,7,yes,-0.016215190363837284
6920,10747435,404CombNotFound,10730,9384,,1833,yes,5196,1203,,1,2,0,,-0.01624083661799621
6921,8380283,Enki,10469,9426,,1835,yes,5598,1192,,1,2,0,,-0.016304805614900802
6922,5033017,Sanctus,12415,9113,,1823,yes,3389,1272,,1,3,0,,-0.01640787239293723
6923,9009969,Amuamn,9537,9594,,1841,yes,5725,1189,,1,4,0,,-0.016489857138865388
6924,13372743,_yogu,9257,9644,,1843,yes,4861,1213,,5,15,0,,-0.016623690481040926
6925,12556701,ceeb,9105,9672,,1844,yes,6273,1176,,1,4,0,,-0.01679769640276807
6926,9398151,bokpizza,16774,8538,2653,1852,,,1230,yes,0,0,12,yes,-0.016924904179058647
6927,5143445,Scilas,23202,7912,2078,1883,,,1191,yes,0,0,32,yes,-0.01695200975678479
6928,5246720,Vispora,9508,9599,,1841,yes,7649,1147,,1,2,0,,-0.016970266970539494
6929,9519657,laks,5490,10564,,1876,yes,8451,1132,,7,17,0,,-0.017108043957918595
6930,22566335,ImTrashYT,11936,9185,3824,1806,,,1268,yes,0,0,21,yes,-0.017214644564954286
6931,6650733,Smirfyman2002,35356,7124,1375,1935,,,1132,yes,0,0,36,yes,-0.0173069514016313
6932,14893688,Yaetrna,10928,9345,5516,1755,,,1278,yes,0,0,1,yes,-0.017324404847305373
6933,8420023,Can Never FC,15155,8739,4313,1790,,2842,1304,,22,86,2,yes,-0.017605368758605897
6934,17724583,Tengkosu,10435,9430,5439,1757,,3863,1250,,5,9,1,yes,-0.017788687920314225
6935,13273449,Bl1tz_OwO,13421,8961,3246,1827,,,1255,yes,0,0,5,yes,-0.017904924187358673
6936,8664713,Arpi,11092,9320,,1831,yes,3923,1247,,9,42,0,,-0.017996711491223654
6937,22006011,KoffeeJelly,10346,9447,2531,1858,,9866,1107,,3,4,7,yes,-0.018002800173367722
6938,1303685,[Lucky],15593,8680,4724,1776,,2375,1335,,23,70,9,yes,-0.018005446776392126
6939,18546429,Hikari,9376,9621,6506,1731,,,1295,yes,0,0,2,yes,-0.01804766489832238
6940,17438809,EniarkuAvals,11710,9217,3930,1803,,,1270,yes,0,0,9,yes,-0.018183874800209453
6941,13013893,Cookchomper,8883,9719,,1846,yes,5699,1189,,1,7,0,,-0.018306958482771335
6942,6677788,WillLITE,9881,9535,3744,1809,,4763,1217,,6,11,13,yes,-0.01844035913218854
6943,14477332,RocketeerRover,8123,9880,9865,1668,,4049,1242,,15,50,1,yes,-0.018574332575453156
6944,12567108,BBRMA,4149,11070,9712,1670,,,1388,yes,0,0,8,yes,-0.018945800070225782
6945,24074660,Rezylria,11342,9282,4017,1800,,,1274,yes,0,0,25,yes,-0.018978778885283976
6946,15912392,corg,10104,9493,,1837,yes,6419,1173,,1,2,0,,-0.01904256391088288
6947,3188017,Criss,11749,9211,,1827,yes,3774,1253,,2,6,0,,-0.019082123143292076
6948,17468189,kirbrisun,13382,8967,2188,1878,,9789,1109,,1,3,9,yes,-0.019115455945373505
6949,7157133,_yosh,19206,8275,,1788,yes,2409,1333,,65,302,0,,-0.019154186600720963
6950,3701898,yumi,14577,8811,,1811,yes,2901,1301,,4,10,0,,-0.01949188606121692
6951,17139231,Gismo,10725,9384,4981,1769,,,1280,yes,0,0,2,yes,-0.019683909909896963
6952,9387696,Goose King,3920,11183,,1896,yes,9374,1115,,47,141,0,,-0.019770659947061786
6953,4973617,Kastellan,9673,9570,,1840,yes,5364,1198,,2,5,0,,-0.019915231488779744
6954,14493310,Choast,10625,9399,,1834,yes,7445,1151,,1,1,0,,-0.019939128778065668
6955,978707,Pyrka,13470,8953,,1816,yes,2988,1296,,1,4,0,,-0.020008194051215247
6956,12964646,Soupmio,5293,10626,5279,1761,,6311,1175,,5,16,6,yes,-0.020032362151848088
6957,26985250,MalinQ,12684,9068,3370,1822,,,1261,yes,0,0,2,yes,-0.020378924384262278
6958,13408594,Andwerp,10534,9415,,1834,yes,5613,1192,,2,2,0,,-0.020463078134932464
6959,13103909,-Kameliy-,9135,9667,,1844,yes,5916,1184,,2,5,0,,-0.02064469259852522
6960,11612720,glyph nyan osu,5325,10618,5201,1763,,6564,1170,,17,67,2,yes,-0.02070507274382985
6961,9910665,Arithmophobie,14059,8880,3290,1825,,,1250,yes,0,0,15,yes,-0.020873528864726633
6962,10720892,gdubs,7778,9961,6199,1738,,,1316,yes,0,0,6,yes,-0.020941958231075225
6963,12894452,brenxyz,9303,9634,4720,1776,,,1296,yes,0,0,14,yes,-0.02100667203295678
6964,17782643,Jokupoika24,6900,10172,,1862,yes,6653,1168,,9,20,0,,-0.02110123691871804
6965,12301388,PieIsTheBest,8260,9851,,1851,yes,5164,1204,,21,61,0,,-0.021117470656089626
6966,14922110,Unamiii,13680,8928,3187,1829,,,1253,yes,0,0,5,yes,-0.02155746798856087
6967,16367768,Skbdi tolet Lol,9010,9691,4647,1778,,,1300,yes,0,0,38,yes,-0.02167467224056943
6968,8869526,Memesical,11593,9238,3742,1809,,3859,1250,,14,43,13,yes,-0.021721669211331632
6969,10854945,Jedpool,9114,9670,,1844,yes,8820,1125,,1,2,0,,-0.021783725497157597
6970,13900510,pizzastock111,7828,9948,5066,1767,,4774,1216,,6,20,3,yes,-0.021797495886489854
6971,10970236,selatar,24138,7832,1756,1904,,3467,1268,,17,60,10,yes,-0.021923091369128775
6972,4796838,Hellstorm,6565,10257,6041,1742,,5647,1191,,4,14,2,yes,-0.022061120266305134
6973,2295157,Shockwave000,13940,8895,,1814,yes,2694,1313,,1,3,0,,-0.0221325934831494
6974,11577269,kerfli,8022,9904,,1853,yes,9544,1112,,2,3,0,,-0.022180264352109735
6975,29578617,Ashysmh,9310,9632,9736,1670,,,1296,yes,0,0,1,yes,-0.022284344747356216
6976,9391291,XernX,5859,10452,7392,1712,,5498,1195,,1,2,5,yes,-0.022350209804841335
6977,28393465,zzxLLL,9474,9606,,1842,yes,7973,1141,,1,2,0,,-0.02235086114023646
6978,19595035,Insible,6674,10230,5925,1744,,,1334,yes,0,0,19,yes,-0.02250261731956074
6979,2558163,-Myhra,5832,10457,4969,1769,,5457,1196,,13,42,8,yes,-0.02253859513378806
6980,8815368,Mogeko,9661,9574,4798,1774,,,1292,yes,0,0,8,yes,-0.022573344973927628
6981,12140025,Silva,13844,8907,,1814,yes,3231,1280,,23,78,0,,-0.022633736266770503
6982,18880367,anvar2online,12765,9057,3662,1812,,,1261,yes,0,0,30,yes,-0.022671795818340872
6983,16353998,Arman,9259,9643,4593,1780,,,1297,yes,0,0,36,yes,-0.022935980232163283
6984,6766278,Pirasto,8007,9907,,1853,yes,8307,1134,,2,4,0,,-0.023036886029990683
6985,17226323,akacz,3706,11300,9179,1679,,,1400,yes,0,0,14,yes,-0.023126869349043067
6986,14634323,- CatJAM -,8817,9733,,1846,yes,7806,1144,,1,3,0,,-0.023266487294747007
6987,14065780,[Tenshi],9705,9565,5063,1767,,,1291,yes,0,0,5,yes,-0.023399986156223962
6988,23143145,V0lcano_,7147,10110,8735,1688,,,1326,yes,0,0,3,yes,-0.023413191063365257
6989,13618130,FatalPencil,24411,7811,1678,1909,,,1184,yes,0,0,11,yes,-0.023507649675016118
6990,2400141,mrekk114514,13283,8981,,1817,yes,3008,1294,,1,3,0,,-0.023509129346375425
6991,14291677,-Power-,9990,9517,,1838,yes,6894,1163,,1,2,0,,-0.023612706781749565
6992,22274187,shinuya,19459,8252,2393,1866,,,1213,yes,0,0,17,yes,-0.023624125933054407
6993,13635433,Comyute,9989,9517,,1838,yes,6906,1162,,1,2,0,,-0.023749788520953302
6994,36672707,ErneBoh,14116,8873,2615,1854,,,1249,yes,0,0,2,yes,-0.023977585545869096
6995,16195397,chata-,8607,9781,6685,1727,,,1305,yes,0,0,3,yes,-0.02397913164375942
6996,8726490,souljaboytellem,8977,9699,4382,1787,,4095,1240,,22,64,16,yes,-0.024111077774447924
6997,7700831,mitragynine,11046,9328,4420,1786,,3277,1277,,1,2,7,yes,-0.024136477452349443
6998,20914468,yuri propaganda,6549,10262,7831,1704,,,1336,yes,0,0,5,yes,-0.024340037592694708
6999,16889219,FroTerna,6624,10242,4532,1783,,8999,1122,,2,5,2,yes,-0.0244490272941012
7000,8750887,Mamotto,7763,9964,,1855,yes,8069,1139,,2,5,0,,-0.024806526964694875
7001,22472541,Mogger,15859,8644,2826,1844,,,1236,yes,0,0,10,yes,-0.025217296527057426
7002,11210825,-LemoN,11673,9223,,1827,yes,4016,1243,,2,3,0,,-0.025241376932988002
7003,19538103,waffledrog,11537,9246,4705,1777,,,1272,yes,0,0,1,yes,-0.025296340605390558
7004,2585310,tripbwai,10972,9339,5710,1750,,,1278,yes,0,0,1,yes,-0.025367323368578366
7005,12352477,DeCapulus,11253,9292,2732,1848,,9130,1120,,2,4,17,yes,-0.025504824688607347
7006,9169747,Nathanial,6294,10328,6915,1722,,,1340,yes,0,0,9,yes,-0.025532150500707673
7007,17480237,Hwangindahood,7468,10030,,1857,yes,7109,1158,,3,9,0,,-0.02559840200813765
7008,2390581,funky enough,9170,9661,6079,1741,,,1298,yes,0,0,3,yes,-0.025667055486884388
7009,25865356,dimp1,10634,9397,,1834,yes,7802,1144,,1,1,0,,-0.025700699707281408
7010,10220343,Fuvell,9852,9539,,1839,yes,6095,1180,,1,3,0,,-0.02570516915294263
7011,9232635,ethans,7866,9940,6201,1738,,,1315,yes,0,0,6,yes,-0.026047185290204805
7012,18496120,[Sunset],9915,9529,,1839,yes,5536,1194,,2,4,0,,-0.026084480409396718
7013,17469191,Wubip,12664,9072,,1821,yes,3507,1266,,6,22,0,,-0.026164826621587926
7014,10586042,- Shadou -,9566,9588,9213,1679,,,1293,yes,0,0,1,yes,-0.026216627078060134
7015,9041858,P3nt4g0n,11473,9256,4844,1773,,,1273,yes,0,0,1,yes,-0.026370708531989737
7016,29103059,Swipe,4032,11131,7699,1706,,,1391,yes,0,0,35,yes,-0.026497100800442153
7017,4530738,zeliaR,11443,9261,,1828,yes,5170,1204,,1,1,0,,-0.026580513119828716
7018,13660419,tales,11456,9259,4040,1799,,,1273,yes,0,0,19,yes,-0.026752514605570515
7019,14001805,-[Azad]-,3549,11386,7374,1712,,6542,1170,,1,4,17,yes,-0.026843546331012463
7020,20046563,Toilet Drinker,14463,8827,3267,1826,,,1246,yes,0,0,18,yes,-0.02704560819934476
7021,14842245,ytk,13956,8893,3275,1826,,,1250,yes,0,0,8,yes,-0.02705394456732544
7022,6546933,Shachi,11709,9217,,1827,yes,3925,1247,,2,5,0,,-0.02727377321793334
7023,12993585,nontenbo,9938,9525,5433,1757,,,1289,yes,0,0,3,yes,-0.027436655825440734
7024,1872496,Meg,11448,9260,,1828,yes,3995,1244,,3,9,0,,-0.027532234146514997
7025,7274005,Excalurn,12760,9058,3594,1815,,,1261,yes,0,0,4,yes,-0.027704646742378818
7026,19090427,Altero_,10920,9347,4422,1786,,,1278,yes,0,0,5,yes,-0.02779566589141065
7027,12460150,Stanislav,12594,9083,3727,1810,,,1262,yes,0,0,11,yes,-0.027931637652972057
7028,17819691,mochaaaa,11334,9283,5164,1764,,,1274,yes,0,0,1,yes,-0.028162535180201412
7029,14107836,FrozenWaterr,5657,10512,6571,1729,,4185,1237,,4,11,11,yes,-0.02817186363396304
7030,23355424,Saftpackung,8354,9832,5685,1750,,,1308,yes,0,0,7,yes,-0.028450218452779757
7031,6622650,marcellasne_,16940,8519,2947,1838,,,1229,yes,0,0,191,,-0.028510880702147606
7032,3789276,Vivyanne,15249,8725,,1807,yes,2751,1309,,5,9,0,,-0.028515628396892215
7033,9518027,ivdim,7163,10105,4332,1789,,7219,1156,,2,6,6,yes,-0.028629963494543803
7034,2623785,Werkit,4399,10960,4918,1771,,8211,1136,,11,27,4,yes,-0.028713554219281623
7035,9206498,Shaper,11833,9199,,1826,yes,3828,1251,,3,10,0,,-0.0287529872929541
7036,19819749,cedin,8844,9729,7615,1708,,,1302,yes,0,0,2,yes,-0.02886961467622412
7037,8821737,Suzuori,6949,10159,,1862,yes,6181,1178,,16,57,0,,-0.02890198327118132
7038,12930948,Magehawk,7352,10058,,1858,yes,7146,1157,,4,10,0,,-0.029121602904054078
7039,7996899,Kyupin,14677,8798,,1810,yes,3124,1286,,21,84,0,,-0.029164837137348444
7040,12756813,Rutygan,11540,9245,4041,1799,,,1272,yes,0,0,17,yes,-0.029226505712507973
7041,1753234,IsonamiPL,10770,9377,5086,1766,,2658,1316,,1,5,15,yes,-0.029245238932327097
7042,10006947,ZQ3LWrQNfu,16389,8580,3028,1835,,,1232,yes,0,0,117,,-0.02934764684373803
7043,8887314,littledolltoy,8755,9746,5355,1759,,,1303,yes,0,0,8,yes,-0.029432050419631678
7044,7336729,cant hold combo,11377,9275,4064,1798,,,1274,yes,0,0,33,yes,-0.029556120850793184
7045,3531490,Genjitsu,15591,8681,,1805,yes,2910,1300,,6,28,0,,-0.02983379340175342
7046,12815341,Shinobu,3824,11238,9291,1677,,4116,1240,,2,6,10,yes,-0.0299555828869454
7047,4748791,Cla,6127,10381,6760,1725,,3408,1271,,5,11,17,yes,-0.029977839467902705
7048,19322319,LaserGreen,7142,10111,8892,1685,,,1326,yes,0,0,3,yes,-0.030117997117275308
7049,16086158,rafaelo,5875,10448,7879,1703,,,1348,yes,0,0,7,yes,-0.030315689836010573
7050,11884028,Omores,9344,9626,3005,1836,,5985,1183,,31,100,14,yes,-0.030444697583730918
7051,7638335,Deze,10514,9418,,1835,yes,4990,1210,,1,4,0,,-0.03066663955459107
7052,11807760,Italian_Plumbum,13043,9017,,1819,yes,3458,1268,,8,41,0,,-0.030795573375380046
7053,9951289,coli,9690,9566,4688,1777,,,1292,yes,0,0,13,yes,-0.03085762842558555
7054,6275784,Slato,13062,9014,3399,1821,,,1258,yes,0,0,3,yes,-0.030898949806958897
7055,14315032,__s0ra__,13701,8926,,1815,yes,3287,1277,,4,27,0,,-0.031115188719752093
7056,27858341,fluvry,8407,9821,,1850,yes,5643,1191,,6,16,0,,-0.03118259286832145
7057,17543308,folk valley,5748,10484,6705,1726,,,1351,yes,0,0,17,yes,-0.031187473793638454
7058,10289331,Leo Alvarez,9401,9617,,1842,yes,6270,1176,,1,4,0,,-0.03214889688164152
7059,15402914,MyDTAccSucks,10202,9476,,1837,yes,6725,1166,,1,2,0,,-0.03233431598694325
7060,10863249,TabletBoii,7355,10057,,1858,yes,6158,1178,,11,29,0,,-0.03238250336377954
7061,3087892,bratan,17759,8428,,1795,yes,2191,1349,,2,8,0,,-0.03276170882439394
7062,10261883,Girls Love,11728,9215,,1827,yes,3872,1249,,7,20,0,,-0.032835861049634776
7063,23895085,okshay,8291,9845,4928,1770,,,1309,yes,0,0,103,,-0.033192179724000986
7064,9586445,kailburn,12778,9055,,1820,yes,3554,1263,,73,233,0,,-0.033278806117161934
7065,4890657,miral,11629,9232,4106,1797,,,1271,yes,0,0,8,yes,-0.03334433985366257
7066,11511458,Rinne_0,12644,9075,3621,1814,,,1262,yes,0,0,2,yes,-0.033547842056068804
7067,9326064,TachibanaHikari,10316,9453,,1836,yes,6501,1171,,1,2,0,,-0.03364971802289382
7068,18775526,drink beer,15951,8634,,1803,yes,2934,1299,,26,71,0,,-0.034186281369177715
7069,18053628,Sami1_old_1,8738,9750,5044,1767,,,1303,yes,0,0,17,yes,-0.034241226229710514
7070,21260233,YenDollarsign,9461,9607,4590,1780,,,1294,yes,0,0,52,yes,-0.03456165752725471
7071,2494230,DynamiCWOW,12079,9166,,1825,yes,3955,1246,,1,2,0,,-0.03464014136303594
7072,15086959,MadDdDio,4279,11008,7006,1720,,7181,1157,,4,9,5,yes,-0.03513110498639377
7073,8888420,imAcedia,24994,7765,2176,1878,,,1181,yes,0,0,310,,-0.03530142039165518
7074,16544907,Zentes,9577,9585,4405,1786,,3947,1246,,9,46,22,yes,-0.03531005603939414
7075,6499356,salkin,8343,9836,5583,1753,,4520,1224,,15,38,2,yes,-0.035310990114583815
7076,4121535,001thefish,12145,9155,6093,1741,,3177,1283,,1,6,1,yes,-0.03535862900088625
7077,8549010,Nanahira Lover,12185,9147,1400,1934,,6315,1175,,24,93,3,yes,-0.03553529958928128
7078,17376896,Fexicon,6774,10207,6447,1732,,,1332,yes,0,0,11,yes,-0.03631605147912553
7079,11261739,- Shioka -,26442,7660,1988,1888,,,1173,yes,0,0,73,,-0.036359350337277496
7080,17427280,VORIONTT,13606,8937,3503,1817,,,1253,yes,0,0,15,yes,-0.036360238093433674
7081,20336879,Fastens,11075,9323,,1831,yes,6869,1163,,1,1,0,,-0.03684099385467864
7082,10080990,Falco,13097,9010,,1819,yes,3477,1267,,5,22,0,,-0.03685028249119547
7083,5141675,iolight,7575,10009,,1856,yes,8752,1126,,2,5,0,,-0.03701421196645205
7084,9596942,Yuryy,6602,10248,,1865,yes,8893,1124,,3,8,0,,-0.03701500498404142
7085,6064382,sawku,9887,9534,,1839,yes,4579,1222,,23,48,0,,-0.03710725264515044
7086,2347281,Kuromiau,14562,8813,,1811,yes,3189,1283,,17,61,0,,-0.03711086374291741
7087,13993365,ComfyTom,9658,9574,9514,1674,,,1292,yes,0,0,1,yes,-0.03727840174419117
7088,19242048,myjejaja123,5648,10516,7719,1706,,,1353,yes,0,0,9,yes,-0.03729359530640447
7089,2921265,- BLiTz -,9895,9533,4721,1776,,,1289,yes,0,0,11,yes,-0.03729834025413632
7090,11362688,kznzx,11442,9261,,1828,yes,5691,1190,,1,1,0,,-0.03780541139696161
7091,16836665,_Ran,6647,10236,9910,1667,,,1334,yes,0,0,3,yes,-0.03808138247185716
7092,16112715,Nohead,20049,8195,1376,1935,,6553,1170,,9,37,14,yes,-0.0385003155150376
7093,8369677,Placek21,12941,9032,4067,1798,,3115,1287,,1,5,28,yes,-0.0387081828002344
7094,30052640,realizator,12220,9142,3916,1803,,,1265,yes,0,0,21,yes,-0.038718509056618104
7095,7127521,lynchrya3,8848,9728,,1846,yes,6765,1165,,2,5,0,,-0.0387554349476269
7096,6740389,_Ukiyo,11477,9256,5207,1763,,,1273,yes,0,0,1,yes,-0.038878124336826074
7097,10144317,Sicoh,9173,9660,,1844,yes,6334,1175,,3,5,0,,-0.03922282595907897
7098,18109812,Rowlet,10138,9488,4438,1785,,,1287,yes,0,0,55,yes,-0.03943170054253332
7099,5586871,Rapple,12829,9047,,1820,yes,3558,1263,,5,14,0,,-0.03973510404640834
7100,11594222,LeeCooper Jeans,10645,9396,4317,1789,,,1281,yes,0,0,36,yes,-0.03980497362513898
7101,10696665,Dua Lipa,5815,10462,6955,1721,,,1349,yes,0,0,14,yes,-0.039927054882080426
7102,20825025,bwgged,5504,10561,4902,1771,,9852,1107,,1,4,12,yes,-0.03998150845386064
7103,5141774,Areiax,9695,9566,,1840,yes,6110,1179,,2,4,0,,-0.0400050934972926
7104,13679658,uns0sh1,19794,8220,2359,1868,,,1211,yes,0,0,13,yes,-0.04011524270447406
7105,10780587,cosmospice,6287,10331,7788,1705,,7338,1153,,1,2,3,yes,-0.04027546041796569
7106,9501318,Fused1376,9594,9583,9809,1669,,,1293,yes,0,0,1,yes,-0.040332687883976565
7107,11601928,GLICKSICK,12043,9171,1940,1892,,8244,1136,,1,6,4,yes,-0.04051275603339827
7108,14596512,rwoof,17126,8499,2268,1874,,,1227,yes,0,0,4,yes,-0.04057360251958245
7109,23572988,loversinflowers,12694,9067,3794,1807,,,1261,yes,0,0,22,yes,-0.04080262272905367
7110,4160699,Yoari,8841,9729,,1846,yes,5463,1196,,7,16,0,,-0.041026035457102164
7111,4953679,waezone,10741,9382,6599,1729,,3293,1277,,3,9,2,yes,-0.041231438174421355
7112,6138552,plug,10098,9494,4239,1792,,5933,1184,,1,1,34,yes,-0.0414544692177386
7113,7866161,uberlegen,9186,9658,,1844,yes,6858,1163,,1,4,0,,-0.041624259086902565
7114,12740278,Melon-,10139,9488,3782,1808,,6530,1171,,1,3,7,yes,-0.04171772505261466
7115,10528604,Asa_,5641,10517,6678,1727,,5413,1197,,4,7,6,yes,-0.04181529458148153
7116,8624512,Gazzzaa,6776,10206,,1863,yes,6656,1167,,12,46,0,,-0.041882233970688104
7117,11591132,MieszkoW,12668,9071,2542,1857,,7582,1148,,2,11,63,yes,-0.041888042678973
7118,8956749,__Neo,7015,10145,5221,1762,,4435,1227,,12,30,16,yes,-0.042055281747798184
7119,18623109,worst aim CIS,13298,8978,3397,1821,,,1256,yes,0,0,3,yes,-0.04210928139387918
7120,11590645,Tomas Holder,7722,9972,,1855,yes,8607,1128,,4,5,0,,-0.04215824410671787
7121,11907979,Loulou,13866,8903,3537,1816,,,1251,yes,0,0,29,yes,-0.04233803541841841
7122,17285999,ImaginaryDream,5645,10516,8057,1700,,,1353,yes,0,0,8,yes,-0.042341956397013825
7123,16446039,Hekiru,11267,9291,5703,1750,,,1275,yes,0,0,1,yes,-0.04242639338211693
7124,15803723,TripleR,9737,9559,9511,1674,,,1291,yes,0,0,1,yes,-0.042555823138297685
7125,23983771,Arkyter,21661,8050,2301,1871,,,1201,yes,0,0,23,yes,-0.042571470685097534
7126,18659482,LurrT_,14693,8797,3402,1820,,,1245,yes,0,0,186,,-0.042669746392050775
7127,11538089,mano1337,20135,8184,2436,1863,,,1209,yes,0,0,21,yes,-0.042679864699602194
7128,4839876,Darin on osu,13967,8892,,1814,yes,3297,1276,,7,21,0,,-0.04272869494359739
7129,17443032,opic123,9983,9518,4566,1781,,,1288,yes,0,0,29,yes,-0.04292130012373445
7130,31384570,gomp,14843,8777,3058,1834,,,1243,yes,0,0,6,yes,-0.04314572068656082
7131,5193961,hure,13659,8931,,1815,yes,3397,1271,,10,32,0,,-0.04327484902110301
7132,3032846,marimorima,10454,9429,,1835,yes,4606,1222,,3,13,0,,-0.04350614446942298
7133,19716237,NeVoyed,16595,8555,2929,1839,,,1231,yes,0,0,19,yes,-0.043609826491523604
7134,4865451,Ale,11463,9257,,1828,yes,4832,1214,,1,2,0,,-0.043948618758844676
7135,11660870,Vello,7682,9983,,1855,yes,7107,1158,,4,10,0,,-0.04412635473875495
7136,9379821,Foxy,32048,7306,1746,1904,,,1146,yes,0,0,237,,-0.04414895275401409
7137,9315355,Skroutz,7534,10018,3660,1812,,6771,1165,,10,31,32,,-0.04419360106576181
7138,7646182,hide_1,7656,9990,,1856,yes,8239,1136,,4,6,0,,-0.0443288290371259
7139,9168869,Kozio,10554,9411,,1834,yes,4584,1222,,3,12,0,,-0.04441258110201252
7140,11370425,mrow,10940,9343,4244,1792,,3834,1251,,30,99,15,yes,-0.04467451491476452
7141,28225519,ghous,7902,9932,3140,1830,,9073,1121,,5,13,38,,-0.044737471852177774
7142,12133117,Riffee,7154,10108,9436,1675,,3434,1269,,1,1,3,yes,-0.04508360928547073
7143,5792223,zxeroxz,10335,9450,4912,1771,,3591,1261,,1,2,6,yes,-0.04531801007573595
7144,15021435,-STRIX-,12403,9115,3912,1803,,,1264,yes,0,0,44,yes,-0.0455459313241586
7145,14262149,Night-_-,7348,10058,7018,1720,,7972,1141,,1,2,2,yes,-0.04560998722523471
7146,6995868,-kRs,10259,9465,,1836,yes,5060,1208,,1,7,0,,-0.04566749719638018
7147,5825143,xNeji,19953,8204,2334,1869,,,1210,yes,0,0,12,,-0.0459923541177934
7148,18188835,TYROOOO,11692,9220,,1827,yes,4595,1222,,1,2,0,,-0.04608134820281562
7149,17279598,yorunoken,7148,10110,5366,1759,,5437,1196,,4,13,4,yes,-0.04620336637455774
7150,16814347,NanoShinra,8186,9866,5883,1745,,,1311,yes,0,0,8,yes,-0.046229882385993376
7151,18136910,Hakuju,5564,10539,7327,1713,,,1354,yes,0,0,13,yes,-0.046362626863693746
7152,5385297,sanoJ,9354,9624,,1842,yes,9304,1116,,1,2,0,,-0.046435806910363725
7153,12495690,failandimprove,9532,9595,5119,1765,,,1294,yes,0,0,8,yes,-0.04684560844233199
7154,15293336,Maopo,6580,10252,,1865,yes,6831,1164,,11,57,0,,-0.046845712405651024
7155,11599395,BALL 3D,10834,9364,4225,1793,,4090,1241,,46,151,3,yes,-0.04687119196867492
7156,2751056,FreshMint,12849,9045,,1820,yes,3451,1268,,1,2,0,,-0.04695500548351343
7157,14350246,WHYHELLOTHERE69,13950,8894,2674,1851,,6140,1179,,1,4,10,yes,-0.04710167263112993
7158,12233762,Gibus,12685,9068,3439,1819,,4543,1223,,1,4,10,yes,-0.04729741877726769
7159,18493550,Saren,12838,9045,3802,1807,,,1260,yes,0,0,12,yes,-0.0474949771668612
7160,11172779,Kaopper,14786,8783,,1809,yes,2852,1304,,1,5,0,,-0.04756352752285817
7161,7258536,Anemic Witch,17715,8433,6842,1724,,2315,1340,,10,34,1,yes,-0.047807362743067044
7162,3149395,richp2k,8499,9802,,1849,yes,5287,1201,,49,165,0,,-0.0478375564726258
7163,7662915,Slare_J,10320,9452,4542,1782,,,1285,yes,0,0,20,yes,-0.04795972318263091
7164,19104542,AChineseMan,6544,10264,7444,1711,,,1336,yes,0,0,7,yes,-0.048157240808495094
7165,11836632,kinaterme,5824,10461,7933,1702,,,1349,yes,0,0,8,yes,-0.048312444182582515
7166,3520375,mrspit23,10820,9366,,1833,yes,6037,1181,,1,2,0,,-0.04835511485862939
7167,3301871,Startrip,9042,9685,,1845,yes,5255,1202,,7,25,0,,-0.04841104154089279
7168,4002079,Wayakuyee,16637,8551,2320,1870,,4723,1218,,22,103,15,yes,-0.048420613191050926
7169,11911615,Crazem,8381,9827,7465,1711,,,1308,yes,0,0,3,yes,-0.04847588582548312
7170,8759374,mahloola,4464,10938,,1888,yes,9235,1118,,29,87,0,,-0.048516963544316394
7171,16041159,o3o3o3o3o3o3,10828,9365,4379,1787,,,1279,yes,0,0,20,yes,-0.04858115081203572
7172,20380990,LI6ARD,13602,8938,3657,1812,,,1253,yes,0,0,42,,-0.0486808501012191
7173,10382319,BurningFlare,11594,9238,5330,1760,,,1271,yes,0,0,1,yes,-0.048786127532165456
7174,14567097,Fubaki,6474,10280,8567,1691,,8274,1135,,1,1,3,yes,-0.049167337766754984
7175,14528133,mags,5547,10547,4786,1774,,7991,1141,,3,7,22,yes,-0.049586923632672975
7176,4736936,argila,9950,9524,,1839,yes,6070,1181,,3,4,0,,-0.04962406244797536
7177,14756688,[Kmv],12414,9113,4056,1799,,,1264,yes,0,0,2,yes,-0.04969517239490864
7178,2056493,ShinRunner1st,8071,9893,,1852,yes,7125,1158,,3,8,0,,-0.04970422611020919
7179,15011165,[ATOC],8545,9793,4104,1797,,8386,1133,,1,3,10,yes,-0.0498008436568165
7180,451552,AllieBork,15392,8707,,1806,yes,2803,1306,,2,7,0,,-0.04988495436749672
7181,1453543,Sam,13850,8907,,1814,yes,3192,1283,,2,5,0,,-0.05008886730317074
7182,16129274,Sosim,6600,10249,6410,1733,,,1335,yes,0,0,16,yes,-0.05022599279179088
7183,10725467,michaelscarn60,10798,9371,4576,1781,,,1279,yes,0,0,8,yes,-0.05036641212162278
7184,17684409,Liliweiss,7608,10000,4706,1777,,5939,1183,,8,28,1,yes,-0.050432401056773324
7185,17644851,LogThc,11948,9183,4099,1797,,,1268,yes,0,0,15,yes,-0.05048076785833274
7186,19090560,Densi,9821,9545,,1839,yes,6928,1162,,1,3,0,,-0.05079406378455244
7187,28966557,Swaiyu,14520,8817,3378,1821,,,1246,yes,0,0,15,yes,-0.05102914331463797
7188,19058189,d0a,11862,9196,6294,1736,,3489,1267,,4,15,1,yes,-0.051241099376877125
7189,3866848,grimy,14805,8781,3430,1819,,,1244,yes,0,0,117,,-0.0513207629663378
7190,11096890,SIivkiShow,7556,10014,,1857,yes,6953,1161,,4,14,0,,-0.05194602730432521
7191,33123352,[SHK]SendanLove,9539,9593,6205,1738,,,1293,yes,0,0,3,yes,-0.05225138173591587
7192,7524649,FakeToy,4850,10784,7232,1715,,4760,1217,,4,10,11,yes,-0.05227653069637368
7193,9319605,Rosaitty,12587,9084,3909,1803,,,1262,yes,0,0,52,,-0.052371014792864545
7194,2408278,unberlin,7170,10103,,1860,yes,7036,1160,,5,19,0,,-0.052518935612539674
7195,4010354,idealnettles,13739,8920,2488,1861,,4882,1213,,14,43,6,yes,-0.05255157435060553
7196,7932874,Jeg er kreativ,7134,10115,7668,1707,,,1326,yes,0,0,5,yes,-0.05257771961007554
7197,18667285,Eyad,11691,9220,5251,1762,,,1270,yes,0,0,1,yes,-0.052695670941884404
7198,1800408,kevinm31,18812,8319,,1790,yes,2577,1321,,18,58,0,,-0.053061503179413466
7199,15350614,Krisli,12038,9171,5141,1764,,2362,1336,,2,6,27,yes,-0.05324760177341867
7200,8592058,Gogusz,10935,9343,4285,1790,,,1278,yes,0,0,255,,-0.05332522419845637
7201,16076766,- Frosted -,12418,9113,4112,1797,,,1264,yes,0,0,2,yes,-0.05360838096820457
7202,8279758,Venumi,10544,9413,3954,1802,,4464,1226,,8,33,25,yes,-0.054094689048075066
7203,6553338,iCurse557,7600,10002,5794,1747,,,1319,yes,0,0,17,yes,-0.05415008829820686
7204,16729213,Pikolin70,13568,8942,3665,1812,,,1254,yes,0,0,14,yes,-0.05418148821489427
7205,3761983,Lolsniper,14244,8856,4218,1793,,3155,1284,,13,43,9,yes,-0.05429593275878296
7206,12015019,vvita26,18982,8300,2725,1848,,,1216,yes,0,0,38,,-0.05437415299137488
7207,11016385,Dozvoljeno,8359,9831,,1850,yes,6570,1170,,3,10,0,,-0.05485521427691792
7208,11580844,Dericore,7504,10023,6369,1734,,,1321,yes,0,0,9,yes,-0.05489495517289972
7209,4499926,rihis123,11163,9310,,1830,yes,4856,1213,,1,4,0,,-0.05493308141399277
7210,3797284,guitarhero,8435,9815,5973,1743,,,1307,yes,0,0,7,yes,-0.05493976692073588
7211,3093139,Wrys,8778,9741,,1847,yes,5492,1195,,9,27,0,,-0.05509641648173036
7212,6446707,KykyOsu,8995,9694,9743,1670,,4844,1213,,1,2,1,yes,-0.05519217555026468
7213,9480404,WorstTechPlayer,8584,9786,,1848,yes,6654,1168,,3,8,0,,-0.055246881211563126
7214,1009285,gadse,9663,9573,7080,1719,,,1292,yes,0,0,2,yes,-0.05581329573230555
7215,11374306,Zeralis,6298,10327,7332,1713,,,1340,yes,0,0,9,yes,-0.05599545221844915
7216,9843059,vrio,17262,8483,1258,1947,,9668,1110,,6,19,12,yes,-0.056406801275021956
7217,12422365,Faithhosu,4489,10928,7535,1709,,4662,1220,,1,3,20,yes,-0.05657033433173339
7218,2355080,Chris Jasorka,20463,8153,,1783,yes,2436,1331,,38,137,0,,-0.05665402192440211
7219,3315137,ratcvnt_,8863,9724,,1846,yes,7222,1156,,2,5,0,,-0.056706673132726815
7220,13087358,-mox,4923,10760,9186,1679,,,1368,yes,0,0,8,yes,-0.05686547924456642
7221,10634465,Dayno,10199,9477,,1837,yes,5911,1184,,1,4,0,,-0.05691799865534282
7222,12965833,suchsmoke,9011,9690,5041,1767,,,1300,yes,0,0,24,,-0.057026807376164265
7223,13132294,flandreee,10608,9401,,1834,yes,6760,1165,,1,2,0,,-0.05703785418257236
7224,11022739,sarondres,16198,8602,2993,1837,,3383,1272,,13,41,3,yes,-0.05727350247367519
7225,14683678,uftuok,5696,10501,7997,1701,,,1352,yes,0,0,9,yes,-0.057378234004396234
7226,14855337,Antony000555,39132,6934,3978,1801,,1306,1452,,25,109,20,yes,-0.05748807201866235
7227,21750771,Daz,5965,10424,7717,1706,,,1346,yes,0,0,9,yes,-0.05759853586920288
7228,3380197,Chocombo,34216,7185,1043,1971,,,1136,yes,0,0,8,yes,-0.057808125439702596
7229,17585398,amymy,27797,7566,1662,1910,,,1166,yes,0,0,15,yes,-0.0581242831788536
7230,7349993,TheEnd,11727,9215,,1827,yes,4241,1235,,3,8,0,,-0.05818211597714056
7231,27168737,Rushia table,21316,8080,584,2034,,9618,1111,,15,64,7,yes,-0.05823559275068474
7232,17935501,xinow,7083,10131,5748,1748,,,1327,yes,0,0,49,yes,-0.05830666200474263
7233,12652526,yumi_,16085,8617,3117,1831,,,1234,yes,0,0,19,yes,-0.058717855615509185
7234,8046661,hvoyda,10274,9462,,1836,yes,7605,1148,,1,2,0,,-0.05872453464815809
7235,7862522,swizcat,11890,9192,,1826,yes,4272,1234,,2,5,0,,-0.05890043798655402
7236,32500510,romario0010,15070,8749,3351,1822,,,1242,yes,0,0,21,yes,-0.05890124391789311
7237,13888092,[Mocha],10161,9485,,1837,yes,5491,1195,,3,6,0,,-0.058934980548946914
7238,7110213,badfranky-,11009,9335,,1831,yes,5377,1198,,1,3,0,,-0.0589920348731534
7239,5545437,Glaceon,14232,8857,3343,1823,,,1248,yes,0,0,5,yes,-0.05912781617516827
7240,2597452,VXB,11707,9218,,1827,yes,4917,1212,,1,2,0,,-0.05915682079516202
7241,6798971,Kyouyama Kazusa,9037,9686,8155,1699,,,1300,yes,0,0,2,yes,-0.059160233127328626
7242,7339984,diam0ndeyesz,4520,10915,,1887,yes,9276,1117,,32,110,0,,-0.059230240808033074
7243,4222824,Flow-,16361,8582,,1801,yes,2974,1297,,11,33,0,,-0.059280643340977254
7244,8648178,Raburauza,6458,10286,,1866,yes,8883,1124,,3,11,0,,-0.05957906992243228
7245,23743313,Mcflrry,10517,9417,4508,1783,,,1282,yes,0,0,38,yes,-0.059724588137030264
7246,14227494,Kayamori Ruka,11031,9331,3870,1805,,4681,1219,,3,9,2,yes,-0.059727085184634356
7247,15648194,dolq,12699,9066,3958,1802,,,1261,yes,0,0,13,yes,-0.06008482943476688
7248,2603251,Kulezi,14900,8769,3432,1819,,,1243,yes,0,0,35,yes,-0.06016378647950924
7249,10792962,deuwus,5273,10632,6212,1738,,9672,1110,,3,7,2,yes,-0.06019158286816098
7250,17346897,y9nami,8355,9832,,1850,yes,6467,1172,,3,12,0,,-0.06042269770461639
7251,12327249,lao sai,13707,8925,,1815,yes,3522,1265,,8,34,0,,-0.06056940359181547
7252,10128258,invasim 9,10786,9373,4877,1772,,,1280,yes,0,0,5,yes,-0.060648873361776455
7253,14868908,Nijika,12708,9065,3947,1802,,,1261,yes,0,0,182,,-0.06065606689044558
7254,28212827,Frorg,17610,8444,2410,1865,,,1224,yes,0,0,5,yes,-0.06068726042455966
7255,11368943,Leugim_,13071,9013,3831,1806,,,1258,yes,0,0,8,yes,-0.06079037861208579
7256,18751060,wrem,11768,9208,5371,1759,,,1270,yes,0,0,1,yes,-0.06081614920453993
7257,11840098,chamandoo,7997,9910,,1853,yes,9605,1111,,2,4,0,,-0.0608943411346522
7258,12607463,BeHot,11771,9207,4425,1786,,,1270,yes,0,0,4,yes,-0.060986939785218665
7259,34422429,LAYS,11503,9251,4384,1787,,,1272,yes,0,0,8,yes,-0.06126100887199468
7260,11726139,Bazuso,25363,7737,1122,1962,,5966,1183,,41,140,12,yes,-0.061759001919869466
7261,7277586,Zainy,8629,9776,5075,1766,,,1305,yes,0,0,80,,-0.06183235508807483
7262,2044444,Fanty,9309,9632,,1843,yes,7236,1155,,3,4,0,,-0.06191943505127388
7263,19432276,mal_bex,12505,9096,4011,1800,,,1263,yes,0,0,48,yes,-0.06194524863787301
7264,20999837,Deafheaven,24181,7829,1929,1892,,,1185,yes,0,0,13,yes,-0.06195875974886056
7265,1795094,Sage,12546,9091,,1822,yes,3865,1250,,14,54,0,,-0.06197204013550303
7266,30926443,Nibla,9925,9527,9922,1667,,,1289,yes,0,0,1,yes,-0.062048514935893265
7267,24171531,BalliMurphy,6798,10200,6179,1738,,,1332,yes,0,0,24,yes,-0.06259094626957237
7268,14557048,captured,16792,8535,3111,1831,,,1230,yes,0,0,50,yes,-0.06267596849929163
7269,4106400,- l,8256,9852,5525,1754,,,1310,yes,0,0,18,yes,-0.06275550530559867
7270,8007913,TwistPlay,9844,9541,4678,1777,,,1290,yes,0,0,69,yes,-0.06294664015796975
7271,10122365,-Mayumi,10012,9513,,1838,yes,5367,1198,,4,9,0,,-0.06327155839664766
7272,11334285,Taylor Swift,13497,8949,,1816,yes,3596,1261,,12,44,0,,-0.06350063091733198
7273,34113549,WhiteLife,13521,8947,3704,1811,,,1254,yes,0,0,7,yes,-0.06352269477293863
7274,11271329,iamamb,9669,9572,,1840,yes,6355,1174,,1,5,0,,-0.06362368264119225
7275,17965268,mung mung,8579,9787,5415,1757,,,1305,yes,0,0,17,yes,-0.06366452234605466
7276,30734761,5upr3m3Ph4nt0m,13077,9012,3876,1804,,,1258,yes,0,0,34,yes,-0.06455085595175702
7277,11616300,MaxDragonSoul,19407,8256,2691,1850,,,1213,yes,0,0,28,yes,-0.0647033646359938
7278,20978534,loovuudd,11921,9187,4488,1784,,,1268,yes,0,0,3,yes,-0.06484455117741966
7279,2238234,fasnowy,10951,9342,5161,1764,,,1278,yes,0,0,3,yes,-0.06517830344651837
7280,19404632,H a u,11641,9230,5747,1749,,,1271,yes,0,0,1,yes,-0.0652845450551766
7281,7003644,owoKouoo,9676,9569,5359,1759,,,1292,yes,0,0,7,yes,-0.0655240548982509
7282,15713280,macalopo,11397,9270,4839,1773,,,1273,yes,0,0,3,yes,-0.06556718813446388
7283,818633,Spritzer,15394,8706,,1806,yes,2987,1296,,2,8,0,,-0.06562897675062118
7284,21028016,Forstay,9128,9669,4098,1797,,7871,1143,,2,3,16,yes,-0.06576011444801219
7285,13826796,Hysz,13415,8962,3750,1809,,,1255,yes,0,0,7,yes,-0.06580681118644816
7286,18741163,ButterMackrel,6430,10295,6762,1725,,,1338,yes,0,0,15,yes,-0.06582926941826717
7287,8567121,Illuminatrix,9065,9680,6382,1734,,,1299,yes,0,0,4,yes,-0.06585811861095478
7288,4024745,brianssa,12605,9082,,1821,yes,3907,1248,,2,10,0,,-0.0658754608887385
7289,10674817,Hakamora,12179,9148,,1824,yes,4072,1241,,5,13,0,,-0.06596455002959553
7290,7342312,jpg,5910,10439,6875,1723,,5115,1206,,4,8,7,yes,-0.06633451375186195
7291,15179339,banjo,5867,10450,6639,1728,,8023,1140,,2,4,4,yes,-0.06635907757607207
7292,20069787,mwari,4414,10953,7409,1711,,,1381,yes,0,0,79,,-0.06647719164262439
7293,32311582,Aqours,12641,9075,3568,1815,,9156,1119,,1,1,74,yes,-0.0666364146288149
7294,5408255,Nyz,15760,8658,2283,1873,,5230,1202,,7,18,8,yes,-0.06666847232334681
7295,8894316,Crane-,4210,11045,7476,1710,,,1386,yes,0,0,169,,-0.06667969008915536
7296,11393124,NekotoTyan,10668,9392,,1834,yes,7047,1159,,1,2,0,,-0.06680515976653101
7297,11625048,Kawambiit,9825,9545,,1839,yes,6246,1176,,1,5,0,,-0.06693234015172309
7298,6073841,Yuiop,4491,10927,7698,1706,,,1379,yes,0,0,37,yes,-0.06695872754669041
7299,11621574,Misora-,7030,10142,,1861,yes,9435,1114,,3,7,0,,-0.06698315099493002
7300,19204047,THE BEST HOBO,16769,8538,1751,1904,,7044,1160,,34,131,20,,-0.06701229526816493
7301,14278347,Lil Juicy bert,6014,10410,8142,1699,,5709,1189,,1,2,5,yes,-0.06704757873674579
7302,11038623,Lesster,10658,9394,,1834,yes,6063,1181,,1,3,0,,-0.06716923588025739
7303,11466354,DMuTPo,10687,9389,,1833,yes,4778,1216,,5,14,0,,-0.06721281707078033
7304,8438068,Furball,11568,9241,3616,1814,,9803,1108,,1,1,4,yes,-0.06738786164923707
7305,18234564,UnknownWater,11081,9322,,1831,yes,8842,1124,,1,1,0,,-0.0674116775662101
7306,3750999,Bipen,7705,9976,4835,1773,,5369,1198,,10,34,5,yes,-0.06743808882611771
7307,17944870,sasao,11983,9179,4175,1794,,,1268,yes,0,0,38,yes,-0.0675954475145608
7308,15185740,leolovesharem69,10152,9485,,1837,yes,8290,1135,,1,2,0,,-0.06760624697517384
7309,18124611,NinerikJR,4630,10869,8179,1698,,,1375,yes,0,0,19,yes,-0.06770791233250928
7310,17517403,Asanagi Umi,10144,9486,,1837,yes,8312,1134,,1,2,0,,-0.06784592257405822
7311,11574286,WaferDaily,7043,10139,,1861,yes,8138,1138,,5,12,0,,-0.06814609142911113
7312,2487832,Pekora Simp,14000,8888,,1814,yes,3402,1271,,2,8,0,,-0.06814837923400918
7313,36587765,glorpshnorp,25684,7714,2117,1881,,,1177,yes,0,0,40,yes,-0.06825619399199445
7314,16897434,Aranbo,11836,9198,2276,1873,,8776,1126,,8,27,25,yes,-0.06835678093922803
7315,9849227,Dishh,17744,8430,2847,1843,,,1223,yes,0,0,15,yes,-0.068404075704734
7316,5057172,_ojiisan,7073,10134,9979,1666,,,1327,yes,0,0,3,yes,-0.0684294203021798
7317,13710598,Weyrgeuhgr,14393,8837,3419,1820,,,1247,yes,0,0,6,yes,-0.06874292999427026
7318,8539606,Dustinati,15667,8670,3330,1823,,,1237,yes,0,0,30,yes,-0.06904012985461791
7319,1657637,Kexx,12148,9154,5030,1768,,,1266,yes,0,0,1,yes,-0.06915005367360777
7320,14738020,puab,7644,9992,5151,1764,,9236,1118,,1,2,6,yes,-0.06915494671946293
7321,36076626,worst nm player,13230,8988,3811,1807,,,1256,yes,0,0,4,yes,-0.0693159887515547
7322,16322001,wie ben jij,13317,8976,2497,1860,,7656,1147,,5,13,32,yes,-0.06974226468570052
7323,2719307,Rivastyx,6256,10340,,1868,yes,7995,1140,,8,29,0,,-0.06986743659615932
7324,2318361,Mandu,11382,9274,,1829,yes,4964,1210,,2,4,0,,-0.06988281676415088
7325,20508412,i hate nm,5412,10591,7371,1712,,,1357,yes,0,0,19,,-0.06997733922421323
7326,16401605,Xypr,14042,8882,,1813,yes,3363,1273,,3,6,0,,-0.07016280002898383
7327,9371150,Nooovic,6200,10361,8958,1684,,7192,1156,,4,11,1,yes,-0.07024188040696341
7328,9474978,Stewie Griffin,17418,8465,3047,1834,,,1225,yes,0,0,39,,-0.07024375810740444
7329,4367039,kar_ilnur,18179,8383,2061,1884,,7298,1154,,4,10,44,yes,-0.07047226745597607
7330,20121951,gavot,3536,11390,9958,1666,,6768,1165,,1,4,7,yes,-0.07050971223080167
7331,37032239,STELLALALALA,11904,9189,4327,1789,,,1268,yes,0,0,8,yes,-0.07071079044293153
7332,10574229,Zelpace,18668,8333,2840,1843,,,1218,yes,0,0,31,yes,-0.07076141690545676
7333,16153013,R0astedU,5117,10695,9791,1669,,4578,1222,,1,1,6,yes,-0.07077702503378243
7334,24581625,pearline06,15430,8701,2939,1839,,,1239,yes,0,0,4,yes,-0.07085934588797392
7335,3766224,Kobayakawa Sae,12497,9098,,1822,yes,3987,1245,,4,18,0,,-0.07109217186007805
7336,13141032,Chipperonio,8606,9781,5639,1751,,,1305,yes,0,0,12,yes,-0.07115554566808949
7337,12114116,Pacifistonly,13852,8906,3702,1811,,,1251,yes,0,0,9,yes,-0.07131208117242095
7338,12465523,Ninja Fortnite,10795,9371,,1833,yes,5084,1207,,4,7,0,,-0.07156790080970087
7339,17848489,alora,10339,9449,4905,1771,,,1284,yes,0,0,10,yes,-0.07166997887119966
7340,18940569,xinrr,14088,8877,,1813,yes,3502,1266,,6,21,0,,-0.07187392109623127
7341,723565,sAraShina,10946,9342,5287,1761,,,1278,yes,0,0,3,yes,-0.07204375029027665
7342,38793063,kusaneca,10018,9512,4746,1775,,,1288,yes,0,0,40,yes,-0.07238315304629533
7343,1284243,bananaman533,14908,8769,,1809,yes,3381,1272,,30,117,0,,-0.0724506233568465
7344,9871764,DestinysX,8566,9789,,1848,yes,5887,1184,,7,29,0,,-0.07257889861027755
7345,21364718,pure_conpollo,10170,9482,9672,1671,,,1286,yes,0,0,1,yes,-0.07258998478517369
7346,17863674,xSteel,18256,8376,2116,1881,,9661,1110,,1,4,52,,-0.0727595331171638
7347,10239833,Boxsnake,9541,9593,5352,1759,,,1293,yes,0,0,9,yes,-0.07311505783254238
7348,1699875,Remyria,10239,9470,4673,1778,,5361,1199,,1,4,2,yes,-0.07337881538576767
7349,10069181,TenIdiotZTelky,9253,9645,,1843,yes,5260,1202,,21,86,0,,-0.07345570861226944
7350,23954130,-faithy-,11380,9275,4802,1774,,,1273,yes,0,0,4,yes,-0.07347080690930471
7351,15350401,IAMSILLYJACK,14436,8831,,1811,yes,3136,1286,,2,4,0,,-0.07355919778132122
7352,12961781,Thomas Kench,4226,11037,8345,1695,,5501,1195,,4,11,8,yes,-0.07370836848203868
7353,34557136,irumi,31508,7337,,1745,yes,1642,1403,,24,98,0,,-0.07374237421118363
7354,1942184,Jamker,12656,9073,,1821,yes,3969,1245,,4,10,0,,-0.07380166800423775
7355,16126087,Kaisuko,7311,10067,4695,1777,,8848,1124,,2,4,6,yes,-0.07397231554589379
7356,15628939,pupipetre,7037,10140,7515,1710,,6265,1176,,1,3,3,yes,-0.07427239273895758
7357,4258410,Snase,16480,8570,,1801,yes,2414,1333,,2,4,0,,-0.07435707312181362
7358,7681679,SzefRon,20341,8164,2639,1853,,2627,1318,,1,5,4,yes,-0.07449135157786772
7359,16333094,sandrone simp,17314,8477,1507,1923,,9219,1118,,25,81,35,,-0.07466443738236367
7360,3118670,[ MG ]Painesito,82049,5530,,1643,yes,708,1605,,30,150,0,,-0.07530487338822
7361,15885791,nince,15552,8686,3405,1820,,,1238,yes,0,0,36,yes,-0.07543655497423271
7362,3223044,Skymin,10858,9358,,1832,yes,6958,1161,,1,2,0,,-0.07546396276257927
7363,15928955,JPR,10232,9471,4936,1770,,,1286,yes,0,0,12,yes,-0.07588603868912516
7364,16626648,Ano_o3,10964,9340,,1832,yes,9984,1105,,1,1,0,,-0.07603914518683515
7365,3994671,Aery,19431,8255,,1787,yes,2451,1330,,4,18,0,,-0.07604618203613836
7366,9176924,procat,11383,9274,5022,1768,,,1273,yes,0,0,3,yes,-0.07608227938867844
7367,8881934,Reolism,10197,9477,,1837,yes,5039,1208,,10,24,0,,-0.07615180422378101
7368,17500717,P_A_R,13051,9016,3980,1801,,,1258,yes,0,0,13,yes,-0.07617772258151659
7369,17750778,kden,9039,9686,8641,1690,,,1300,yes,0,0,2,yes,-0.07639780764907078
7370,10482443,l0rd_h3l1x,15206,8731,3530,1816,,,1241,yes,0,0,73,yes,-0.07673185865628984
7371,7785754,Blight-kun,19002,8298,2652,1852,,,1216,yes,0,0,13,yes,-0.07673370193877921
7372,2536580,Daiguh,8312,9842,8166,1699,,8549,1130,,1,2,1,yes,-0.07674728628742399
7373,2674642,Ciao,18000,8403,,1794,yes,2185,1350,,1,5,0,,-0.07675545718331356
7374,2826407,1319,14216,8860,,1813,yes,3007,1294,,1,2,0,,-0.07689822324794174
7375,18248035,Torru,8506,9801,2771,1847,,7632,1147,,7,17,2,yes,-0.07706447080944612
7376,26459483,chivauva,5389,10599,6747,1725,,,1358,yes,0,0,100,,-0.07707191803538627
7377,1593180,XzCraftP,13533,8945,,1816,yes,3694,1257,,6,24,0,,-0.07711433636838981
7378,3365349,Kazuki,22071,8012,1723,1906,,,1198,yes,0,0,5,yes,-0.0771315161222107
7379,28415525,John Osu,10505,9419,2361,1868,,7666,1147,,16,44,7,yes,-0.07722443845219015
7380,35867142,MoonzKurumi,10045,9506,,1838,yes,6249,1176,,1,5,0,,-0.0773533674563657
7381,9390417,Paato,9890,9534,5654,1751,,,1289,yes,0,0,5,yes,-0.07750817515953887
7382,1327122,EkinoTz,10124,9490,6116,1740,,,1287,yes,0,0,3,yes,-0.07773851657518442
7383,5522789,Athenai,9795,9549,5095,1766,,4538,1224,,3,5,5,yes,-0.07785219596492021
7384,19478528,Slugcatt,16986,8514,2777,1846,,4620,1221,,2,7,19,yes,-0.07795893842233423
7385,23219229,FarBn,9523,9597,,1841,yes,5589,1192,,4,16,0,,-0.07815193405358768
7386,18241484,Zeli,8453,9812,5445,1756,,,1307,yes,0,0,28,yes,-0.0781930943241198
7387,7521804,parkinsonboy,3822,11240,7497,1710,,7739,1145,,4,6,11,yes,-0.07842457167913466
7388,5039382,Tralkke,11721,9215,,1827,yes,4537,1224,,2,7,0,,-0.07846656373234878
7389,12697530,RyanRockhard,7562,10012,9379,1676,,,1320,yes,0,0,3,yes,-0.07868493713080094
7390,8937198,araran,10742,9382,,1833,yes,4871,1213,,5,16,0,,-0.07880049327656066
7391,15086644,dude777,15226,8729,2525,1858,,8340,1134,,2,4,22,,-0.07887347617913384
7392,24571537,Junortz10,9496,9602,,1841,yes,8432,1132,,1,3,0,,-0.07899818935841395
7393,12732913,zwii,10040,9508,,1838,yes,7475,1150,,2,3,0,,-0.07908242397938033
7394,19524800,scoyro,18384,8363,2239,1875,,7397,1152,,2,6,44,yes,-0.07911081183873728
7395,5170001,HubuCakes,6160,10370,4945,1770,,8331,1134,,2,10,4,yes,-0.07920437900099297
7396,7863657,kurume,10775,9376,,1833,yes,4796,1215,,8,20,0,,-0.07929421804924022
7397,10845985,xSnejx,7246,10083,9333,1677,,6783,1165,,2,6,1,yes,-0.07929821314212028
7398,16213778,Seikoku,8668,9766,,1848,yes,7673,1147,,1,6,0,,-0.07940544315454767
7399,13327696,LeBron R James,3638,11338,6471,1731,,8703,1127,,4,7,23,yes,-0.07946549229357736
7400,32846243,squidwardlover7,6599,10249,7138,1717,,,1335,yes,0,0,11,yes,-0.07952319424533594
7401,889331,Cint,13323,8976,3816,1807,,,1256,yes,0,0,2,yes,-0.07957714069755183
7402,37738303,chudson,10245,9469,9807,1669,,,1285,yes,0,0,1,yes,-0.07958139793680732
7403,2784663,Yumbtah,13144,9004,,1818,yes,3853,1250,,20,59,0,,-0.07986462553809853
7404,4898467,EiW,13400,8964,,1817,yes,3561,1263,,1,2,0,,-0.08018755894220313
7405,13664119,m-flo,14571,8812,,1811,yes,3144,1285,,2,4,0,,-0.0802651277460187
7406,8155128,bagavchek,10971,9339,,1832,yes,5568,1193,,3,4,0,,-0.08068165941921482
7407,13670830,keiha,4311,10994,7251,1715,,9521,1112,,8,30,1,yes,-0.08068709596466966
7408,26079396,BoxCat_,17340,8474,2765,1847,,,1226,yes,0,0,7,yes,-0.08073796747428937
7409,8840120,Ryuyah,10143,9487,,1837,yes,6620,1168,,1,4,0,,-0.08079717835346119
7410,4404162,Rexastral,9512,9598,4805,1774,,5907,1184,,2,4,3,yes,-0.08085788679636124
7411,22120722,snickers32,10955,9341,5155,1764,,,1278,yes,0,0,4,yes,-0.08091561597203051
7412,408088,Snepif,7844,9946,6275,1736,,,1316,yes,0,0,11,yes,-0.08112633901368824
7413,14424728,Killerz1243,6882,10178,6957,1721,,,1330,yes,0,0,11,yes,-0.08124142103218285
7414,21138904,Sumi Serina,12223,9140,5250,1762,,,1265,yes,0,0,1,yes,-0.08127534523218077
7415,3938945,Widelux13,10607,9401,,1834,yes,4768,1217,,13,53,0,,-0.08129792361758187
7416,15001283,jurr,9548,9591,,1841,yes,8415,1132,,1,3,0,,-0.08147518225915035
7417,12565508,schfhg,11564,9242,4406,1786,,,1272,yes,0,0,22,yes,-0.08152480867941625
7418,19002524,Kripton5675,12821,9049,1138,1961,,9287,1117,,11,35,4,yes,-0.08175079222772347
7419,20435329,begl,15223,8729,1993,1888,,7215,1156,,25,82,19,yes,-0.08180360046332441
7420,16681798,jas_,30301,7409,,1748,yes,1756,1392,,28,111,0,,-0.08181806118973389
7421,8485861,dogeosu,6824,10194,7182,1716,,3750,1254,,5,17,11,yes,-0.08208297355657433
7422,6952063,Ara,11745,9211,,1827,yes,7221,1156,,1,1,0,,-0.08211090150655118
7423,19879432,dawndice,13501,8949,3888,1804,,,1254,yes,0,0,12,yes,-0.08218798228605478
7424,11778091,SkyInTheFifteen,10141,9487,,1837,yes,8981,1122,,1,2,0,,-0.08225619050117261
7425,5178590,-WiD,12431,9110,,1823,yes,4605,1222,,1,2,0,,-0.08236365774672141
7426,16249611,Fablededd,6970,10154,7941,1702,,,1329,yes,0,0,6,yes,-0.08241764462544976
7427,13334570,silver tail,8204,9862,6235,1737,,,1310,yes,0,0,9,yes,-0.08259529600822582
7428,17408417,monitor,20121,8186,2336,1869,,,1209,yes,0,0,8,yes,-0.08266694724425713
7429,14696393,yuanun,11327,9284,2824,1844,,7347,1153,,4,14,12,yes,-0.0828730123478478
7430,26108979,Arirret,7637,9994,5712,1749,,,1319,yes,0,0,54,,-0.0833614484614155
7431,6070138,HiPat,14958,8763,,1809,yes,3386,1272,,8,23,0,,-0.08342947574204285
7432,6806503,raikoh,10779,9375,,1833,yes,7472,1150,,1,2,0,,-0.08345216535842537
7433,10524079,Mizurii,11338,9282,,1829,yes,4617,1221,,6,17,0,,-0.08352362539891903
7434,3547310,l4uke,6863,10181,4140,1796,,7426,1151,,9,28,8,yes,-0.08364165187800984
7435,11896500,Arkyon,7440,10038,,1857,yes,6833,1164,,14,44,0,,-0.08388852288922957
7436,9713329,HeyGuy,15282,8721,,1807,yes,3237,1280,,5,13,0,,-0.08393078638469537
7437,3922750,Guliak,6840,10188,8145,1699,,4568,1223,,1,2,5,yes,-0.0839703139540871
7438,10696501,Worsl,6740,10215,6995,1720,,,1333,yes,0,0,12,yes,-0.08400309765192224
7439,18654924,UwU melon,19019,8296,2907,1840,,,1215,yes,0,0,46,yes,-0.08408360582042049
7440,1382805,KoTo,16893,8523,,1799,yes,2163,1351,,1,3,0,,-0.08412451325412995
7441,18101161,mold,8636,9775,,1848,yes,7849,1143,,3,6,0,,-0.08420873130754772
7442,15779299,kaeIl,8595,9783,5930,1744,,,1305,yes,0,0,10,yes,-0.08458430459225172
7443,18015473,Atom_IX,10207,9476,2843,1843,,8644,1128,,3,16,22,yes,-0.08491245584032739
7444,12646484,Karo,12901,9038,4101,1797,,,1259,yes,0,0,12,yes,-0.08501291562728003
7445,22617279,z14a,8716,9754,4035,1800,,6719,1166,,5,11,1,yes,-0.08514453027614448
7446,6051693,NakuruFan01,13114,9008,4311,1790,,3728,1255,,11,36,4,yes,-0.0855157755399077
7447,9883609,Nichtz,16331,8585,2960,1838,,,1233,yes,0,0,6,yes,-0.08562610627812482
7448,14308998,Lyarime,12593,9083,,1821,yes,4460,1226,,1,2,0,,-0.08573704489701
7449,10471227,edwi123,10215,9474,,1837,yes,8955,1123,,1,2,0,,-0.08577932221938284
7450,4860447,N o o b,13628,8935,2999,1836,,5252,1202,,47,187,34,yes,-0.08580132108397973
7451,12383040,Katr7ne,7905,9932,5588,1752,,,1315,yes,0,0,63,,-0.0859373879140744
7452,13243469,ShiraSki,10466,9427,,1835,yes,6941,1162,,1,3,0,,-0.08603591083687574
7453,17120248,meldylia25,10468,9427,,1835,yes,8288,1135,,1,2,0,,-0.0860604560986607
7454,9868108,yxie,10136,9488,,1837,yes,6358,1174,,3,5,0,,-0.08607616998871695
7455,4262229,sinn,21049,8104,,1781,yes,2396,1334,,9,31,0,,-0.08614783036034762
7456,2338775,rockrick,12978,9026,4109,1797,,,1259,yes,0,0,7,yes,-0.08637206656046911
7457,11655694,SenpaiWolf,11386,9273,,1829,yes,8964,1122,,1,1,0,,-0.08641834378028544
7458,17049536,Paydro,11312,9285,,1829,yes,9290,1117,,1,1,0,,-0.08651062222957914
7459,15529673,Laron,18189,8383,2823,1844,,,1221,yes,0,0,12,yes,-0.08666868768368612
7460,8570559,Tonka Truck,11951,9183,5912,1745,,,1268,yes,0,0,1,yes,-0.08678793952678442
7461,20661423,Nov4-,11033,9330,4597,1780,,,1277,yes,0,0,26,yes,-0.08681894522243684
7462,5368855,xCrazy,3607,11353,9704,1670,,4771,1216,,5,14,11,yes,-0.08711516832132632
7463,12220376,Umar,6553,10260,,1865,yes,9244,1117,,5,12,0,,-0.08713290921107916
7464,15709287,reformed star,10300,9457,9990,1666,,,1285,yes,0,0,1,yes,-0.087314585694322
7465,11013016,-Milfy,6984,10151,6439,1732,,,1329,yes,0,0,20,yes,-0.08739373147402915
7466,9641366,Lowstroy,12371,9119,,1823,yes,4802,1215,,1,2,0,,-0.08746860498197248
7467,11495715,Queenling,9094,9675,,1844,yes,7712,1146,,2,5,0,,-0.08749850868333206
7468,4830261,Seni,11562,9242,,1828,yes,5135,1205,,1,4,0,,-0.0877315664457184
7469,19573533,OwopoyowO,13573,8941,3404,1820,,5447,1196,,2,5,55,,-0.08778724361667714
7470,14455213,cali4nya,14719,8793,3368,1822,,,1244,yes,0,0,4,yes,-0.08786013964709476
7471,12289807,JeremyNooby,12567,9087,4334,1789,,,1262,yes,0,0,4,yes,-0.08793552484539749
7472,4242381,Iron Man,12015,9175,,1825,yes,5334,1199,,1,2,0,,-0.08803426770276208
7473,14604356,nightjar,24093,7835,1831,1899,,,1186,yes,0,0,8,yes,-0.08812944904813808
7474,17283628,Ikkyu,10116,9491,3907,1803,,5582,1193,,8,19,75,yes,-0.08835967984129231
7475,13729815,YoungShini,7675,9985,,1855,yes,8598,1129,,3,8,0,,-0.0884642555969341
7476,11970160,F3Mantle,25534,7725,1620,1914,,8338,1134,,2,5,47,,-0.08865116789731459
7477,14714793,aterawok,11569,9241,,1828,yes,8330,1134,,1,1,0,,-0.0887099939154705
7478,14263023,hein on osu,4539,10910,8982,1683,,5505,1195,,2,6,7,yes,-0.0888076390352092
7479,12404995,-Agent,5747,10484,8061,1700,,5713,1189,,1,2,7,yes,-0.08905989798800137
7480,20839150,tangtxngt,15173,8736,3215,1828,,,1241,yes,0,0,4,yes,-0.08920686621882386
7481,14486230,Luner,8251,9854,5484,1755,,,1310,yes,0,0,64,yes,-0.08931541036649218
7482,3934295,Fumei_,23303,7903,2372,1867,,,1191,yes,0,0,27,yes,-0.08976355173904532
7483,9009104,Offrain,19164,8280,2842,1843,,,1215,yes,0,0,24,yes,-0.09059003458129339
7484,4573349,zoey,9965,9521,,1838,yes,6709,1167,,2,5,0,,-0.09103974771481313
7485,15112329,Miranix,5966,10424,8787,1687,,5351,1199,,1,1,6,yes,-0.09126372435467806
7486,12962464,lolboatz,10211,9475,,1837,yes,5020,1209,,43,154,0,,-0.09139778151240406
7487,17044204,Plantasaur,12175,9149,4289,1790,,,1266,yes,0,0,54,yes,-0.09143994916646644
7488,16262815,Kevinx,8094,9887,5549,1753,,,1312,yes,0,0,67,yes,-0.0914931243443721
7489,9573085,Dasrobot,12734,9062,,1821,yes,4895,1212,,1,1,0,,-0.09157720069604781
7490,1759558,Corn-Din,9100,9674,,1844,yes,6210,1177,,6,14,0,,-0.0916159884913305
7491,23055090,AC01010,19266,8270,2778,1846,,,1214,yes,0,0,18,yes,-0.09165486727613695
7492,21248013,Zekios,6299,10327,7433,1711,,,1340,yes,0,0,12,yes,-0.09165516064114082
7493,7778293,Darkmaster,10417,9433,,1835,yes,6523,1171,,2,4,0,,-0.09167008186151872
7494,3087205,L1NKED,13700,8926,4124,1796,,3660,1258,,5,13,30,yes,-0.09204766240039229
7495,17524565,LatvianAhmed,5017,10732,7869,1703,,6394,1173,,1,2,11,yes,-0.09217242286645404
7496,23919507,nomirago,7421,10042,9986,1666,,6978,1161,,1,5,1,yes,-0.0921862734108047
7497,7390726,LaiR,8978,9698,,1845,yes,5648,1191,,32,102,0,,-0.09233668678489068
7498,17767428,jasodu,12408,9114,4323,1789,,,1264,yes,0,0,10,yes,-0.09278555901063176
7499,10994817,m0etra,8351,9834,7612,1708,,,1308,yes,0,0,4,yes,-0.09292822935862152
7500,16578923,Frfri,25830,7704,2023,1886,,,1176,yes,0,0,18,yes,-0.093002892762239
7501,10273040,Uruha Russia,15205,8731,2213,1876,,7339,1153,,7,37,26,yes,-0.09309565312631655
7502,12020720,[raz],9909,9530,,1839,yes,5588,1193,,6,16,0,,-0.09313119764438248
7503,11397623,Sweedy,10841,9363,,1832,yes,6572,1169,,1,3,0,,-0.09330824563363524
7504,8528871,Grimoiren,11552,9243,,1828,yes,4816,1214,,1,8,0,,-0.09333609637653936
7505,17965404,Kiino,10577,9406,,1834,yes,4909,1212,,16,65,0,,-0.09336691165346149
7506,603925,Merry Christmas,11982,9179,4411,1786,,,1268,yes,0,0,17,yes,-0.09344452072695932
7507,17697010,Wisdom Weir,9068,9680,9056,1682,,,1299,yes,0,0,2,yes,-0.09344718992272119
7508,4706466,Darkk,8973,9700,,1845,yes,6881,1163,,4,9,0,,-0.09349151646649086
7509,2686293,WORSTPOLACKEU,12774,9056,,1820,yes,4880,1213,,1,1,0,,-0.09358972229610349
7510,14490034,FaZe_Terry,10362,9443,5116,1765,,,1284,yes,0,0,10,yes,-0.09366686090994246
7511,1431354,SmoreJoy,11839,9198,,1826,yes,5750,1188,,1,2,0,,-0.09390931136862787
7512,14452737,riveren,5723,10494,7711,1706,,,1351,yes,0,0,15,yes,-0.09395058472766538
7513,6770843,Efrae,19598,8240,,1787,yes,2290,1341,,2,9,0,,-0.09404041036269703
7514,13035908,aylmfao,11210,9301,4761,1775,,,1275,yes,0,0,10,yes,-0.09417222587609571
7515,9754283,Kofi,10630,9398,5629,1752,,8586,1129,,1,1,1,yes,-0.09424041706481524
7516,12448736,--Corpse--,10323,9452,5000,1768,,,1285,yes,0,0,15,yes,-0.09427823441585899
7517,18825707,AppleTier,10519,9417,2613,1854,,6621,1168,,5,27,3,yes,-0.09444513108250596
7518,15193535,Lamp,7976,9916,,1853,yes,6600,1169,,16,42,0,,-0.09462317320138625
7519,18365259,-- Waffle --,8090,9889,3122,1831,,8049,1139,,43,130,11,,-0.09472691421428886
7520,12876323,vifiiy,14752,8788,3720,1810,,,1244,yes,0,0,23,yes,-0.09483020598486727
7521,14987100,Huguwu,8062,9895,8993,1683,,,1312,yes,0,0,3,yes,-0.0949387949918348
7522,13525805,Hivan111,9651,9575,6930,1722,,,1292,yes,0,0,3,yes,-0.09514391536696817
7523,13019913,- Avocat -,15350,8712,,1807,yes,3087,1289,,2,5,0,,-0.09534949835880298
7524,12746887,Mister Lore,14243,8856,4352,1788,,3431,1270,,20,69,15,,-0.09549271799945021
7525,13845312,Aeshma,10478,9424,,1835,yes,8676,1127,,1,2,0,,-0.0955813562194521
7526,7108313,Mr Zagred,12136,9157,,1824,yes,6849,1163,,1,1,0,,-0.09558678620431602
7527,12108301,Gurkenmann,13559,8943,3968,1802,,,1254,yes,0,0,4,yes,-0.09605948344320278
7528,10021819,Minion24,24283,7821,2146,1880,,,1185,yes,0,0,15,yes,-0.09616855106153543
7529,10445335,polskalok,9383,9619,5307,1760,,,1295,yes,0,0,21,yes,-0.09622678886381257
7530,35704145,Netirok,26944,7623,2079,1883,,,1170,yes,0,0,30,yes,-0.09627340974003284
7531,13437715,BlackTexture,14899,8769,3588,1815,,,1243,yes,0,0,8,yes,-0.09630514660103606
7532,5366898,2003max,8677,9763,3281,1826,,6747,1165,,41,165,4,yes,-0.09647583374338702
7533,12988907,Yamabuki Kasumi,8970,9700,3145,1830,,9841,1108,,4,9,11,yes,-0.0966870937047257
7534,19943976,_Jake,15487,8694,3159,1830,,,1239,yes,0,0,4,yes,-0.09674431037973803
7535,26207051,Seyfer,6434,10294,6612,1728,,,1338,yes,0,0,34,yes,-0.09687147194496612
7536,7686883,- Nishina -,4386,10964,7966,1701,,,1381,yes,0,0,57,yes,-0.09711099830589115
7537,625429,Hiromu,10175,9481,,1837,yes,5817,1186,,5,9,0,,-0.09711744893751958
7538,7712676,perfectfree,6536,10266,6503,1731,,5728,1189,,10,24,4,yes,-0.0971425008922702
7539,23214181,Ruion,3774,11264,9076,1681,,,1398,yes,0,0,32,yes,-0.0971549880332811
7540,7639453,sofuraabu,7202,10097,,1860,yes,7054,1159,,29,100,0,,-0.09720480696484077
7541,31342745,reamy08,7726,9971,6767,1725,,,1317,yes,0,0,9,yes,-0.09726758979637412
7542,4382935,ramilek,9263,9643,8844,1686,,,1297,yes,0,0,2,yes,-0.09736208102111393
7543,5339196,Smurfee,13854,8905,,1814,yes,3523,1265,,1,2,0,,-0.09744559321119788
7544,2337263,Peekamoo,20718,8130,2037,1885,,6619,1168,,5,19,102,,-0.0976841378531487
7545,27344289,izantachi,9699,9565,5170,1763,,,1292,yes,0,0,22,yes,-0.09773522873692084
7546,6199962,ayarei,14070,8879,3158,1830,,4970,1210,,1,5,5,yes,-0.09778534930355029
7547,14860752,Ckrika,10632,9397,,1834,yes,7043,1160,,1,3,0,,-0.09780435899761522
7548,24986129,Z00M,9727,9561,8152,1699,,,1291,yes,0,0,2,yes,-0.09785654907568431
7549,15639120,002_sh8try,11184,9306,4939,1770,,,1275,yes,0,0,7,yes,-0.09809264315283181
7550,9390195,Fvbian,7891,9935,6316,1735,,,1315,yes,0,0,13,yes,-0.09825202045492401
7551,20509581,yth666h,18324,8368,2850,1843,,,1220,yes,0,0,11,yes,-0.09829072666546791
7552,10696953,Pixeltof,8428,9817,6883,1723,,6041,1181,,1,1,4,yes,-0.09835587762913131
7553,5149256,Baldi,11985,9178,6257,1737,,,1268,yes,0,0,1,yes,-0.09839925931893564
7554,2138989,DVDthe1st,21216,8089,3376,1821,,3120,1287,,47,160,51,,-0.09840849133475268
7555,17607667,Natelytle,6585,10251,9196,1679,,,1335,yes,0,0,5,yes,-0.09863521911802131
7556,3974153,ondines,10145,9486,6386,1734,,4029,1243,,3,5,3,yes,-0.0987862501390479
7557,5194391,Camo,12701,9066,,1821,yes,5265,1201,,1,1,0,,-0.0987899208089707
7558,9256143,Methods,12115,9161,,1825,yes,5517,1194,,1,2,0,,-0.09899999905853099
7559,11653915,Evgesh_ochka,9102,9674,9160,1680,,,1299,yes,0,0,2,yes,-0.09918957814508647
7560,15775763,Shuedo,9216,9652,,1843,yes,9794,1108,,2,3,0,,-0.09949616806989411
7561,10063316,S3Mango,13279,8982,4095,1797,,,1256,yes,0,0,52,yes,-0.09965833776095827
7562,32972291,Torusama,7568,10010,8255,1697,,5439,1196,,2,9,2,yes,-0.0997620235583865
7563,11452852,FLDR,8782,9740,,1847,yes,8543,1130,,1,5,0,,-0.09987829132761575
7564,13706157,Glowez,6948,10159,4513,1783,,7427,1151,,3,14,18,yes,-0.10017837178677348
7565,10262052,Ozer,16922,8520,3148,1830,,3902,1248,,3,10,10,yes,-0.10035714561591658
7566,8995048,potatat,12329,9125,,1823,yes,6456,1172,,1,1,0,,-0.10054758552233592
7567,6392075,[Crz]howardong,11604,9237,,1828,yes,4929,1212,,2,8,0,,-0.10067811068371187
7568,10210495,Siko,6816,10196,8852,1686,,7960,1141,,2,7,1,yes,-0.10068615687577295
7569,15769839,HulkSmash,10924,9346,4858,1772,,,1278,yes,0,0,13,yes,-0.10082171414702426
7570,22022420,fornii,88008,5399,2731,1848,,751,1590,,7,29,17,yes,-0.10102536651165728
7571,8515600,Sentences,11764,9209,,1826,yes,6102,1180,,1,2,0,,-0.10104806888423583
7572,11788735,ferOo_,6290,10330,7846,1704,,8890,1124,,4,8,1,yes,-0.10117937422613149
7573,10205817,Wonder Acute,24656,7791,1338,1938,,8403,1133,,41,161,76,yes,-0.10168337906352684
7574,19156534,MikoMax,6158,10371,7868,1703,,,1343,yes,0,0,11,yes,-0.10173608601196854
7575,13720956,_NUMBER,10315,9453,5182,1763,,,1285,yes,0,0,11,yes,-0.10183840931498758
7576,17275147,River5567,8941,9705,3738,1809,,9012,1122,,2,7,45,yes,-0.10192291909071387
7577,10677562,[ 65 ],8954,9702,7108,1718,,,1301,yes,0,0,4,yes,-0.10207355689723135
7578,6973354,____________,19138,8283,,1788,yes,2874,1303,,39,135,0,,-0.10215722543802902
7579,13725510,Damascus,9422,9613,8741,1688,,,1295,yes,0,0,2,yes,-0.10253682487346352
7580,12905098,Default_Blonde,12750,9060,4267,1791,,,1261,yes,0,0,16,yes,-0.10260236174377135
7581,11869775,Lazygantengz,10843,9361,,1832,yes,5224,1203,,4,13,0,,-0.10260897210060685
7582,3316473,danielroxas,10876,9355,,1832,yes,8040,1140,,2,2,0,,-0.1026547568340703
7583,5778925,Katachi,13970,8892,,1814,yes,3636,1260,,2,3,0,,-0.10268685148492174
7584,13726893,MindClear,8461,9810,5789,1747,,,1307,yes,0,0,20,yes,-0.10271145680552302
7585,5751823,Lammy-,11427,9264,,1829,yes,4666,1220,,14,55,0,,-0.10281572515374668
7586,15175276,[SHK]NM5,32043,7306,8901,1685,,1246,1462,,9,42,2,yes,-0.10297050771964483
7587,14638476,Hakaro,7687,9981,7237,1715,,,1318,yes,0,0,7,yes,-0.10297276999619198
7588,14182677,namwiset,9879,9535,4305,1790,,9511,1113,,1,2,5,yes,-0.10299631923279728
7589,36396047,aleotcapitalist,14761,8787,3726,1810,,,1244,yes,0,0,11,yes,-0.10307039227249855
7590,12926684,boifrosty,16315,8588,3334,1823,,,1233,yes,0,0,14,yes,-0.10313222918588517
7591,10408325,Cookeyzi,9504,9600,6068,1741,,,1294,yes,0,0,6,yes,-0.10316220722737139
7592,9908494,funtick,10631,9398,9740,1670,,,1281,yes,0,0,1,yes,-0.10321909265580981
7593,15536224,TheUYGovernment,11401,9270,3144,1830,,9710,1110,,3,4,12,yes,-0.1032218561521789
7594,9047501,SergeantR,10125,9490,,1837,yes,5888,1184,,2,10,0,,-0.10353740763140692
7595,6671444,[Sorrow],11794,9204,,1826,yes,6145,1179,,1,2,0,,-0.10385462609650166
7596,9990445,Kownak,15732,8661,3626,1813,,,1237,yes,0,0,103,yes,-0.1038712592558555
7597,8055861,Zyxus,9793,9550,,1839,yes,6040,1181,,4,12,0,,-0.10391276302394978
7598,7088349,Kondou-Shinichi,12643,9075,,1821,yes,5658,1190,,1,1,0,,-0.1040231032623132
7599,3198753,Arasheo,10477,9425,5228,1762,,,1283,yes,0,0,9,yes,-0.10422467045292705
7600,6482909,-Yuyuko-,10754,9380,,1833,yes,4931,1211,,44,184,0,,-0.10455813311751007
7601,14534410,Wishender,10682,9390,2858,1843,,6607,1169,,14,51,5,yes,-0.1046483382365025
7602,11717014,Lynua,7361,10056,,1858,yes,9970,1106,,3,7,0,,-0.10473062872367037
7603,10424384,To My Limit,11606,9236,3113,1831,,6836,1164,,7,27,35,yes,-0.10489344215493024
7604,13661162,Sadayz,14099,8875,3927,1803,,,1249,yes,0,0,11,yes,-0.10492441716425291
7605,2148013,Nectarine,18191,8382,,1793,yes,1996,1369,,1,3,0,,-0.10497076286271989
7606,10954080,Hiniature,10337,9449,,1836,yes,5819,1186,,2,9,0,,-0.10515777335954637
7607,4330511,dsco,9685,9567,,1840,yes,9046,1121,,2,3,0,,-0.10517674678296335
7608,12997214,Dreamsies,11086,9321,,1831,yes,7703,1146,,1,2,0,,-0.10553480018516828
7609,10470806,TheBigDrop,10329,9451,7348,1713,,,1284,yes,0,0,2,yes,-0.105560224137491
7610,12563439,Mihailchik,10967,9340,4855,1772,,,1278,yes,0,0,15,yes,-0.10571417808458214
7611,14427985,LaZR0,10092,9497,,1837,yes,5884,1184,,3,11,0,,-0.10587528235576533
7612,8870898,XzahKnight,7138,10113,6507,1731,,6059,1181,,12,36,2,yes,-0.10620967068157802
7613,4949826,web,19508,8247,2427,1864,,,1213,yes,0,0,6,yes,-0.10622737776510668
7614,13795901,DarkPhantom1804,10048,9505,,1838,yes,8406,1132,,1,3,0,,-0.10634745984054421
7615,5142816,PuddingRuru,11398,9270,,1829,yes,7065,1159,,1,2,0,,-0.10636487851262524
7616,3100669,[ Valex ],5363,10606,8608,1690,,,1358,yes,0,0,12,yes,-0.10642234047109433
7617,10538842,danielq987,10352,9447,,1836,yes,5336,1199,,8,26,0,,-0.10660981578088767
7618,1694523,Hijikata,17066,8505,,1798,yes,2805,1306,,1,7,0,,-0.10666779533301235
7619,13237266,zAlfredo,12450,9106,,1822,yes,4427,1227,,4,12,0,,-0.10676728372026964
7620,12812722,rosmo,6001,10414,6847,1723,,,1346,yes,0,0,52,yes,-0.106881353189555
7621,12022722,Zova,8596,9783,5132,1765,,6568,1170,,3,13,1,yes,-0.10694164053895563
7622,8989440,yurri_p,11439,9262,,1829,yes,6987,1161,,1,2,0,,-0.10708148332303066
7623,12697439,-Metallic,11801,9203,,1826,yes,8665,1127,,1,1,0,,-0.10712625069879325
7624,10074260,Floki,7338,10060,,1858,yes,7818,1144,,6,22,0,,-0.10727749781218623
7625,15255515,Wytze01,6166,10369,7815,1704,,,1343,yes,0,0,12,yes,-0.10742841502381867
7626,6402211,Houshou Marine,11825,9200,,1826,yes,4542,1223,,18,72,0,,-0.10769613342120529
7627,11735944,blue toadette,12303,9128,3972,1802,,5062,1208,,1,4,2,yes,-0.10773495611544283
7628,16019274,Jacobwo4,10710,9386,,1833,yes,8669,1127,,1,2,0,,-0.10774925389635345
7629,6396826,Space tourist,13315,8976,,1817,yes,4328,1231,,1,1,0,,-0.10797423839009312
7630,9895886,Milhouse,7559,10013,6819,1724,,,1320,yes,0,0,11,yes,-0.10798066217494792
7631,12573990,MotokEkb,19541,8245,2574,1856,,,1212,yes,0,0,8,yes,-0.108156595332632
7632,14760962,Lutschkas,22301,7993,,1776,yes,2469,1329,,16,73,0,,-0.10832797095198224
7633,9349479,- Azu -,14767,8785,3645,1813,,,1244,yes,0,0,5,yes,-0.10855376699494965
7634,12563284,FishStar,9536,9594,8743,1688,,,1293,yes,0,0,2,yes,-0.10864375263075794
7635,15847718,ImSay,10908,9349,5855,1746,,5406,1197,,1,3,1,yes,-0.108979160454411
7636,7380252,Nene_,13729,8921,4002,1801,,,1252,yes,0,0,2,yes,-0.10911293320802562
7637,10816682,oliver,5551,10546,,1875,yes,9274,1117,,19,49,0,,-0.1091666494484938
7638,26417741,Fluxiger,11060,9325,4821,1773,,,1277,yes,0,0,18,yes,-0.10924109641586216
7639,10270101,mildsix,11852,9197,,1826,yes,6255,1176,,1,2,0,,-0.1093071958757553
7640,12246741,Laff1N,11093,9320,,1831,yes,6665,1167,,2,3,0,,-0.10934535719113761
7641,23302470,PhuGGWP,9033,9686,6154,1739,,,1300,yes,0,0,8,yes,-0.10945965113750777
7642,21643143,Billupwind,7107,10122,7279,1714,,,1327,yes,0,0,10,yes,-0.10952053020255398
7643,5936405,-xxx Rumia-,51724,6405,,1696,yes,1101,1490,,25,99,0,,-0.10955477534307079
7644,9563977,_Shanaria,16895,8523,2811,1845,,,1229,yes,0,0,4,yes,-0.10963181054372362
7645,4984843,Endu,6518,10270,7325,1713,,,1336,yes,0,0,14,yes,-0.11001670712214895
7646,12121590,AceThunder,14889,8770,3611,1814,,,1243,yes,0,0,5,yes,-0.11013179988175424
7647,6632587,Amarillo,11320,9284,3868,1805,,5214,1203,,5,19,4,yes,-0.11026516897845842
7648,14592332,Xester,21062,8103,,1781,yes,2245,1344,,3,11,0,,-0.11035174687893029
7649,8446208,raJJJ,14858,8775,3674,1812,,,1243,yes,0,0,6,yes,-0.11041264737582575
7650,14273176,newtype999,8475,9806,9992,1666,,8156,1137,,1,2,1,yes,-0.11052132037458928
7651,12048752,Ryuii,11772,9207,4690,1777,,,1270,yes,0,0,10,yes,-0.11052631605099615
7652,14346053,ShapesAreCool,4673,10854,9287,1677,,,1374,yes,0,0,13,yes,-0.11062605350595056
7653,31819215,daltokki,12492,9098,4377,1787,,,1263,yes,0,0,22,yes,-0.110676961275452
7654,15172465,Whilset,15255,8723,3638,1813,,,1240,yes,0,0,10,yes,-0.11076088130436454
7655,21150434,tatenashi,8433,9816,5867,1745,,,1307,yes,0,0,21,yes,-0.11090563656295457
7656,14104256,CasualHexagons,9141,9665,5444,1756,,,1298,yes,0,0,30,yes,-0.11092094233263976
7657,13805350,ohke,7945,9921,9560,1673,,,1314,yes,0,0,3,yes,-0.11095781297907001
7658,10341139,Pawel_,16104,8614,3500,1817,,,1234,yes,0,0,21,yes,-0.11097486271787677
7659,16341037,MajorGamer,10570,9408,6291,1736,,,1282,yes,0,0,3,yes,-0.11111549347597388
7660,9758637,-slim-,21760,8042,2688,1850,,,1200,yes,0,0,37,yes,-0.11111563326605617
7661,9897006,Youitchi,11897,9190,,1826,yes,8620,1128,,1,1,0,,-0.11124790064476918
7662,2114273,Mayoi Hachikuji,9767,9554,8478,1693,,,1291,yes,0,0,2,yes,-0.11134107923916732
7663,4382588,TheWaterBottle,8838,9729,,1846,yes,8814,1125,,3,5,0,,-0.1113828880155531
7664,20270770,ashley-,15116,8743,,1808,yes,3610,1261,,12,47,0,,-0.11150750617100486
7665,5639069,Ksnone,10309,9454,6937,1722,,5010,1209,,1,1,2,yes,-0.11159703670672372
7666,5282664,Nucifera,5877,10448,9358,1676,,3097,1288,,4,6,12,yes,-0.11168598527940171
7667,8343827,_ajsem,9120,9669,6019,1742,,,1299,yes,0,0,9,yes,-0.11175622553222783
7668,822003,tangtruyenvu,13894,8901,,1814,yes,3755,1254,,1,2,0,,-0.11211562247368598
7669,10681145,Kochikochi,11896,9190,,1826,yes,5616,1192,,2,3,0,,-0.11224468183012179
7670,21946715,[V v],11913,9188,,1826,yes,8638,1128,,1,1,0,,-0.11227876998487944
7671,18034896,Vacsei,10929,9345,,1832,yes,8309,1134,,1,2,0,,-0.11255487651526663
7672,16505305,Diocsys,5751,10484,9964,1666,,,1351,yes,0,0,6,yes,-0.11263722730395681
7673,8413114,Kamfret,11034,9329,,1831,yes,5952,1183,,2,5,0,,-0.11265096791825278
7674,10568685,Oszku,23233,7909,2401,1865,,8641,1128,,1,1,157,,-0.11266888688336477
7675,9248921,kiggy,9865,9538,8359,1695,,,1290,yes,0,0,2,yes,-0.11276142807309132
7676,18878871,Mr0Shad0w,10980,9338,5939,1744,,,1278,yes,0,0,3,yes,-0.11311258972172575
7677,16813632,Pearlmini,9262,9643,5447,1756,,,1297,yes,0,0,27,yes,-0.11325403517223101
7678,10491985,Rakuneera,13096,9010,,1819,yes,4564,1223,,1,2,0,,-0.1136780787803614
7679,1528000,Hisden,12255,9136,,1824,yes,4511,1224,,7,26,0,,-0.11382502556081411
7680,8977514,Petronix,10694,9388,,1833,yes,9003,1122,,1,2,0,,-0.11405807965842402
7681,12710478,leam,15465,8697,2862,1842,,9493,1113,,1,3,71,,-0.11427763859107475
7682,13624832,Tram1x,8881,9719,,1846,yes,8824,1125,,2,5,0,,-0.11427940981885706
7683,11914268,LimeFPS,10053,9504,6381,1734,,,1287,yes,0,0,4,yes,-0.11439469857004576
7684,10466606,Fleeted,15602,8679,3514,1817,,,1238,yes,0,0,8,yes,-0.11442038757341395
7685,5300686,livingbright,13562,8942,,1816,yes,4052,1242,,10,24,0,,-0.11451283884544197
7686,21362130,-Matty,13095,9010,4330,1789,,,1258,yes,0,0,6,yes,-0.11467022187719941
7687,23736599,Candysour,10812,9369,5183,1763,,,1279,yes,0,0,9,yes,-0.11469247358944591
7688,16976321,Kulib,20551,8145,2502,1860,,,1207,yes,0,0,9,yes,-0.11469785495450577
7689,18911970,_Bruh,3375,11492,9748,1669,,,1411,yes,0,0,38,,-0.11494530585749718
7690,4188624,Markden,11847,9197,,1826,yes,4830,1214,,4,12,0,,-0.11508848060224007
7691,16305466,Illinear,9589,9583,2662,1852,,7560,1149,,8,36,3,yes,-0.11510788934070418
7692,6099745,Homete,9960,9522,,1838,yes,5841,1186,,8,18,0,,-0.11511647627125797
7693,16671740,seungwonape,11984,9179,,1825,yes,8608,1128,,1,1,0,,-0.11516002628128971
7694,16351091,SCREAMING FROG,12446,9107,3302,1825,,6327,1175,,2,5,4,yes,-0.11545453471472905
7695,7114015,Vanted,7838,9946,8069,1700,,,1316,yes,0,0,5,yes,-0.11553258646066306
7696,24537388,Kurokku,13289,8980,4202,1793,,,1256,yes,0,0,28,yes,-0.11560280540821713
7697,11281179,BROWN1ES,15463,8697,3760,1808,,,1239,yes,0,0,168,,-0.11588315845776236
7698,16652552,king_duckling,3883,11203,7244,1715,,8974,1122,,6,19,5,yes,-0.11593190686437074
7699,20019441,Oshlin,17253,8484,,1797,yes,2979,1296,,2,10,0,,-0.11630984725888037
7700,16040450,XPingX,13281,8981,4310,1790,,,1256,yes,0,0,4,yes,-0.11635106622214869
7701,45444,Eriror,11264,9291,5475,1756,,,1275,yes,0,0,4,yes,-0.11637380808362768
7702,13033612,Nachtara,10258,9465,7792,1705,,,1285,yes,0,0,2,yes,-0.11645995998135053
7703,8548331,ddd1,12998,9025,4462,1785,,,1258,yes,0,0,4,yes,-0.11678740217123249
7704,16485088,DT3,14830,8778,3779,1808,,,1244,yes,0,0,8,yes,-0.11692228799982048
7705,14797104,Nat Geo Wild,9444,9610,5489,1755,,,1295,yes,0,0,21,yes,-0.11743319783796159
7706,24414484,K0npaku,14278,8852,3964,1802,,,1248,yes,0,0,7,yes,-0.11770197827501297
7707,10413842,CQC007,11408,9269,8368,1695,,,1273,yes,0,0,1,yes,-0.11773842560759663
7708,17509292,Mr Oops,8787,9738,5082,1766,,7133,1158,,1,2,19,yes,-0.11781553603874809
7709,16357870,john_paypal,7716,9973,7778,1705,,,1317,yes,0,0,6,yes,-0.11800972649425925
7710,9375317,not_aweeb,8735,9751,,1847,yes,6189,1177,,30,111,0,,-0.11806623892862635
7711,10087365,Soii,12665,9072,,1821,yes,4676,1219,,1,5,0,,-0.11813668112871863
7712,5434685,SourDonnut,8992,9695,5440,1757,,9401,1115,,1,3,1,yes,-0.11822387324827108
7713,27336366,MASTERCLASS,6965,10156,7716,1706,,,1329,yes,0,0,9,yes,-0.11854052255889291
7714,8811633,GeneralSharkk,6285,10331,,1868,yes,8761,1126,,12,38,0,,-0.1187436352726001
7715,17981538,bananaph0n3,18561,8343,3225,1827,,,1218,yes,0,0,96,yes,-0.11879331118103072
7716,3324693,Lahael,13328,8975,,1817,yes,4708,1218,,1,1,0,,-0.11880807359060316
7717,31134804,so miso,18427,8359,3037,1835,,,1219,yes,0,0,14,yes,-0.11894682790571107
7718,912627,blednak,10005,9515,,1838,yes,5860,1185,,9,19,0,,-0.11919148416927217
7719,7616811,Toaph Daddy,16801,8535,,1799,yes,3186,1283,,3,16,0,,-0.11960125476954783
7720,12559963,Beasttrollmc2,4536,10913,8769,1687,,,1377,yes,0,0,24,yes,-0.11964760249248313
7721,12715057,Mothra,7857,9942,7145,1717,,,1315,yes,0,0,8,yes,-0.11981572087565598
7722,7918664,LimeDimeNine,10524,9416,,1834,yes,5323,1200,,11,44,0,,-0.11987415761656581
7723,19139720,Pelyde,24334,7817,1055,1970,,8452,1132,,2,8,7,yes,-0.12012883361081658
7724,10664557,Neu2K,13675,8929,,1815,yes,4153,1238,,1,1,0,,-0.12017355721779821
7725,6563760,_moth,9992,9516,7568,1709,,5217,1203,,1,1,2,yes,-0.1201878273880761
7726,4909088,Will Stetson,10398,9438,,1835,yes,5266,1201,,56,216,0,,-0.12020583786215172
7727,27199342,nero1030,7839,9946,9975,1666,,,1316,yes,0,0,3,yes,-0.12033642633087988
7728,10796044,Apollone,12044,9170,,1825,yes,5688,1190,,3,3,0,,-0.1207419442365863
7729,14523068,Akuuuuuukin,8676,9763,,1847,yes,8786,1125,,2,6,0,,-0.12092347753253946
7730,36664939,Allizion,6711,10223,7819,1704,,,1333,yes,0,0,10,yes,-0.12123738233133308
7731,14864854,Minaryu,7393,10049,6860,1723,,,1322,yes,0,0,14,yes,-0.12141685450167566
7732,10736722,paper clouds,19230,8273,2845,1843,,4291,1233,,7,35,20,yes,-0.12164346075216007
7733,17364136,penitenziagite,14420,8834,3981,1801,,,1247,yes,0,0,12,yes,-0.12203520561381846
7734,21202999,Vortextual,12229,9140,4833,1773,,,1265,yes,0,0,5,yes,-0.12217308359278203
7735,8340028,Taps,11068,9324,,1831,yes,8450,1132,,1,2,0,,-0.12226559741247295
7736,5390495,Fayn,17004,8512,5905,1745,,2929,1299,,25,101,2,yes,-0.12228196683351004
7737,9858004,Bekus,18765,8323,2893,1841,,,1217,yes,0,0,10,yes,-0.1224141500427305
7738,2008753,Orage,14714,8794,,1810,yes,3614,1261,,1,5,0,,-0.12246471493084568
7739,11845756,LegendzGaming7,11314,9285,,1829,yes,5246,1202,,4,13,0,,-0.12262421830542593
7740,13721303,briek,10179,9481,4536,1783,,6241,1176,,2,8,1,yes,-0.12272609409326798
7741,12457381,XopK,8625,9777,,1848,yes,6634,1168,,11,37,0,,-0.12281420438764241
7742,10910184,reiwu,6058,10402,9793,1669,,,1345,yes,0,0,6,yes,-0.12299096556237699
7743,28863995,IvanBMyG,10432,9431,5219,1762,,,1283,yes,0,0,16,yes,-0.12318048044855331
7744,13961404,c1aymore,5802,10467,6939,1721,,,1350,yes,0,0,147,,-0.12321045314720724
7745,5211886,BULD,6393,10302,9458,1674,,2788,1307,,11,35,25,yes,-0.12334383853193258
7746,4160714,pmv0211,10405,9437,7741,1706,,,1284,yes,0,0,2,yes,-0.12343693675661477
7747,20580517,[voice],19363,8261,3070,1833,,,1213,yes,0,0,40,yes,-0.12354180091649791
7748,11361145,bwa,8570,9788,5636,1751,,6655,1167,,1,1,17,yes,-0.12370770358076044
7749,12743021,Nerujikan,10532,9415,,1834,yes,9903,1106,,1,2,0,,-0.12379524460723143
7750,16385820,Vandexior 2,9744,9558,,1840,yes,5838,1186,,15,37,0,,-0.12384095443442575
7751,1755215,Seratonin,23584,7877,4110,1797,,2392,1334,,13,54,5,yes,-0.12398816890832834
7752,20079139,dideee_,15748,8659,3635,1813,,,1237,yes,0,0,12,yes,-0.12411849741742553
7753,10749547,ytsiwT,16238,8596,3943,1803,,3514,1265,,17,39,2,yes,-0.12429624650342516
7754,3925586,Loazo,13908,8899,4143,1796,,4077,1241,,3,11,6,yes,-0.12432416686035191
7755,19899500,Easykid,10993,9337,9738,1670,,,1277,yes,0,0,1,yes,-0.12434935762922666
7756,15120986,kekumA,17934,8409,3326,1823,,,1222,yes,0,0,54,yes,-0.1244937460411916
7757,6590690,sprei,17924,8410,2881,1842,,,1222,yes,0,0,6,yes,-0.12452743807763715
7758,15233100,atcup,12189,9147,2989,1837,,6308,1175,,5,24,6,yes,-0.12455226311700579
7759,4382562,lexa on osu,18223,8379,3174,1829,,,1220,yes,0,0,20,yes,-0.12471210863768667
7760,9341983,CopyPasted,18441,8357,2517,1859,,,1219,yes,0,0,4,yes,-0.12478170612067269
7761,14383823,YotGun,7510,10022,7774,1705,,,1320,yes,0,0,7,yes,-0.124853369571092
7762,12222842,tait,15263,8722,3422,1820,,,1240,yes,0,0,3,yes,-0.124944086218861
7763,7157608,Arkaeic,12454,9106,,1822,yes,5785,1187,,1,2,0,,-0.12513356426314765
7764,4163524,Dear Leader,11482,9255,,1828,yes,6563,1170,,1,3,0,,-0.1252051780528339
7765,13795588,[SHK]nyaxdmeow,20398,8158,6050,1741,,1921,1375,,75,299,25,yes,-0.12549890460000496
7766,16089185,Nxtcho,8889,9717,,1846,yes,6786,1165,,11,20,0,,-0.12563834059538412
7767,20481946,Colby,9538,9593,,1841,yes,8186,1137,,3,5,0,,-0.12587765202237294
7768,8430661,alex11,9845,9541,4198,1793,,7174,1157,,3,6,83,yes,-0.12605710524607722
7769,6645815,Myonpasu,9184,9658,5720,1749,,,1298,yes,0,0,19,yes,-0.1264042534851022
7770,13858681,wanderloop,9927,9526,,1839,yes,5740,1189,,15,48,0,,-0.12649476458085132
7771,14260747,Solk,7381,10052,4003,1801,,9631,1111,,3,10,1,yes,-0.12656841577624775
7772,2467018,Corompus,11586,9239,,1828,yes,5245,1202,,2,10,0,,-0.12669576428132465
7773,3453558,Roberto,6556,10260,8960,1684,,8737,1126,,5,8,1,yes,-0.12688127356348078
7774,11969864,Hirumi,8242,9856,6269,1736,,,1310,yes,0,0,17,yes,-0.12712032292574688
7775,20736312,Rhitsy,14979,8761,3915,1803,,,1242,yes,0,0,29,yes,-0.1271949255791036
7776,11478370,Any Questions,11293,9287,5430,1757,,,1274,yes,0,0,5,yes,-0.12736741819192393
7777,3858273,CookieDas,5350,10610,9546,1673,,,1359,yes,0,0,9,yes,-0.12751946913786028
7778,22845738,flaw01,4841,10786,7965,1701,,3179,1283,,1,1,128,,-0.12763820349318888
7779,14025454,St3kiii,8662,9767,,1848,yes,6770,1165,,10,31,0,,-0.12777176808964869
7780,10214301,pjoter_,9469,9607,4682,1777,,8214,1136,,1,2,31,yes,-0.12794667944807148
7781,12489282,glep,11577,9240,5152,1764,,,1272,yes,0,0,6,yes,-0.1281370931730507
7782,4714943,Hotshark,9349,9625,,1842,yes,5962,1183,,29,106,0,,-0.12823123885593493
7783,17047693,dkst,13643,8933,4253,1792,,,1253,yes,0,0,9,yes,-0.12828243655091387
7784,16438887,petrick,10000,9516,5835,1746,,,1288,yes,0,0,8,yes,-0.1287074772909167
7785,7400290,CyberMedium,14031,8884,,1814,yes,4022,1243,,1,5,0,,-0.1287269563968522
7786,34183009,shadelark,12090,9164,,1825,yes,9243,1117,,1,1,0,,-0.12895624696349559
7787,19386921,LuLleleleL,15466,8696,3265,1826,,5294,1201,,1,8,22,yes,-0.12896388238076797
7788,5088656,Newrgun,15956,8633,3607,1814,,,1235,yes,0,0,11,yes,-0.12906298311030073
7789,6782551,simone1,12488,9100,4879,1772,,,1263,yes,0,0,4,yes,-0.12918192995621025
7790,10361007,Arutairu,10231,9471,5494,1755,,,1286,yes,0,0,12,yes,-0.12925077980995794
7791,14101784,nobaboy,19162,8281,3138,1830,,,1215,yes,0,0,44,yes,-0.12925144021394464
7792,9484080,Touruu,11476,9256,6430,1733,,,1273,yes,0,0,2,yes,-0.12941122820544332
7793,15744871,adim2222,11969,9181,4793,1774,,,1268,yes,0,0,11,yes,-0.12953653943761656
7794,4914055,P1u70,13300,8978,,1817,yes,4539,1224,,1,3,0,,-0.12967837847112412
7795,1843447,oneplusone,22991,7930,6945,1721,,1420,1433,,20,89,38,yes,-0.1297208667450805
7796,8514740,Kifo,13217,8990,8577,1691,,3218,1281,,34,118,2,yes,-0.13046222991424036
7797,6297236,Z3uN,11269,9290,3830,1806,,6707,1167,,3,7,10,yes,-0.13047658360350367
7798,19698504,nontanyanaikai,6782,10204,6633,1728,,6999,1160,,2,4,7,yes,-0.13052197717851827
7799,3009960,HottoCocoa,12096,9164,5370,1759,,,1267,yes,0,0,3,yes,-0.1305879944247322
7800,4491034,The100500,11534,9246,4784,1774,,,1272,yes,0,0,29,yes,-0.13059653534208404
7801,8712541,mikkoxd,9473,9606,,1842,yes,6745,1165,,4,13,0,,-0.13061500186600636
7802,8552735,TwintailEnjoyer,2695,11926,9065,1681,,6472,1172,,2,5,132,yes,-0.13124177292843747
7803,7664356,_cerf,18760,8324,3116,1831,,,1217,yes,0,0,20,yes,-0.13125871490224122
7804,17911347,Toshee,15103,8745,7948,1702,,2227,1345,,3,13,4,yes,-0.1313656588997039
7805,454182,jhonddr,13360,8970,4288,1790,,,1255,yes,0,0,83,yes,-0.13146200073565506
7806,9622163,sut_son,13197,8994,,1818,yes,4413,1228,,2,10,0,,-0.13146926128792757
7807,9456836,Kyruem,11553,9243,,1828,yes,6638,1168,,2,3,0,,-0.13154718757212153
7808,17159093,haiiso,11901,9189,4970,1769,,,1268,yes,0,0,7,yes,-0.13183300077624918
7809,16957246,do9ut,19293,8267,2910,1840,,,1214,yes,0,0,12,yes,-0.13195064331315084
7810,17388637,Jimeranu,10188,9479,6538,1730,,,1286,yes,0,0,4,yes,-0.13203348650246477
7811,3354985,Merloni,10521,9416,,1834,yes,8398,1133,,1,3,0,,-0.1322115327896707
7812,17821735,Leo99Oliver,12059,9169,3131,1831,,9474,1113,,1,3,4,yes,-0.13229471969657144
7813,7894397,DiddyLV,12770,9057,5913,1745,,,1260,yes,0,0,1,yes,-0.1324201843748303
7814,18857412,lightskin jesus,4781,10811,8212,1697,,,1371,yes,0,0,44,,-0.13246710624581104
7815,18601784,NguyenBaoNam,18450,8356,3262,1826,,,1219,yes,0,0,31,yes,-0.13270037338452062
7816,10669817,ghostholding,11126,9314,,1831,yes,5129,1205,,38,104,0,,-0.1327462221995072
7817,8040002,Pach,12858,9043,3307,1824,,9478,1113,,1,4,70,,-0.13281713142573343
7818,12675978,Pagoz,5271,10633,,1878,yes,9959,1106,,28,75,0,,-0.1328588524625035
7819,4722369,Lupa,6646,10236,4319,1789,,7944,1141,,26,91,17,yes,-0.1330165088203889
7820,11646616,G4rdevoir,8263,9851,9612,1672,,,1310,yes,0,0,3,yes,-0.1331420145535537
7821,2305984,boncuss,18549,8345,,1791,yes,3131,1286,,31,107,0,,-0.13331975698148502
7822,14745224,Nefaroxz,11067,9324,5112,1765,,,1277,yes,0,0,14,yes,-0.1333596774884621
7823,20973665,-spliffy,17200,8492,3236,1827,,4736,1217,,1,3,17,,-0.13342302628718924
7824,17153384,Blipblo,11584,9240,4783,1774,,,1271,yes,0,0,33,yes,-0.1334324220768125
7825,16686839,MrAvocadoTHX,3756,11272,9578,1672,,,1399,yes,0,0,33,yes,-0.13363864687099286
7826,496387,Granje,18328,8368,,1792,yes,2642,1317,,2,6,0,,-0.13367788631125166
7827,34247441,suzarumi,6163,10370,7590,1708,,,1343,yes,0,0,20,yes,-0.13372060620865828
7828,24211758,josephtan,13637,8934,4431,1786,,,1253,yes,0,0,2,yes,-0.13374853975021073
7829,34198968,Yoo6,13185,8995,5249,1762,,,1257,yes,0,0,1,yes,-0.13385275374462596
7830,32998874,RTX 3090,8767,9743,5742,1749,,6406,1173,,3,10,2,yes,-0.133900554411926
7831,14842966,Bright pain,9252,9645,6677,1727,,,1297,yes,0,0,6,yes,-0.1339799691841058
7832,11132323,RePeaTT,14700,8796,,1810,yes,3905,1248,,6,25,0,,-0.13398434543169466
7833,6985327,Kryun,11239,9295,,1830,yes,8547,1130,,1,2,0,,-0.1339867308242676
7834,34149670,osigman,12680,9069,6122,1740,,,1261,yes,0,0,1,yes,-0.1341577964202968
7835,23044386,Viceolo,18935,8305,3261,1826,,,1216,yes,0,0,72,,-0.13419417413868662
7836,8112433,sleeping_24-7,11658,9226,,1827,yes,4925,1212,,24,91,0,,-0.13435377508071158
7837,10367721,Selly,8174,9869,6960,1721,,,1311,yes,0,0,9,yes,-0.13477725712835098
7838,7050800,AmIRite,13028,9020,5546,1754,,,1258,yes,0,0,1,yes,-0.1348025558440574
7839,9689716,I LOVE KUMIKO,13936,8896,,1814,yes,4147,1238,,49,167,0,,-0.13507709416182012
7840,4331122,Philosowl,29539,7457,2135,1880,,,1157,yes,0,0,47,yes,-0.1350783700426747
7841,10758866,WoodMeister,7422,10042,,1858,yes,8050,1139,,8,31,0,,-0.13512156351993562
7842,19237152,PupperKun,11355,9280,6034,1742,,,1274,yes,0,0,3,yes,-0.13520023245131157
7843,5137553,A5uka,11339,9282,,1829,yes,5507,1195,,6,11,0,,-0.13526105016087417
7844,1715977,ArtBlnd,12239,9139,,1824,yes,4750,1217,,9,40,0,,-0.1353019583588126
7845,25598635,veefour,7688,9981,8627,1690,,,1318,yes,0,0,5,yes,-0.13534484529805257
7846,12406844,maksym162bpm,8802,9735,8894,1685,,,1303,yes,0,0,3,yes,-0.1355094388124825
7847,3995874,lokaoka,14032,8883,3504,1817,,5008,1209,,13,62,15,yes,-0.13572029427510254
7848,5501945,Shiune,26291,7670,1928,1892,,4868,1213,,6,12,18,yes,-0.13578919528403408
7849,11038469,ejnah,12950,9031,4174,1794,,6742,1166,,1,1,40,yes,-0.13598449028578008
7850,11290331,Dzabula,11589,9239,,1828,yes,7862,1143,,1,2,0,,-0.1360938221644449
7851,17847880,Acu Miracle,10877,9355,,1832,yes,9565,1112,,2,2,0,,-0.13631752557542565
7852,10640078,DancoreDanny,14995,8758,1974,1889,,9135,1120,,16,65,20,yes,-0.13688216966917027
7853,26626040,levica,34400,7175,,1737,yes,1685,1399,,25,73,0,,-0.13711266987963344
7854,35043518,SurvoIt,37820,6999,3809,1807,,1590,1409,,13,55,5,yes,-0.13717584484438428
7855,12589113,GreenySama,9223,9650,5674,1750,,,1297,yes,0,0,29,yes,-0.13724878712822558
7856,11870105,kuuriya,10700,9387,7682,1707,,,1280,yes,0,0,2,yes,-0.13728984300951724
7857,12807945,Sosochek99,21100,8099,2970,1837,,,1204,yes,0,0,77,yes,-0.13737728451004222
7858,17513123,Viena,10502,9420,,1835,yes,7724,1146,,1,4,0,,-0.13741105426607308
7859,11295141,ZaboX,12588,9084,,1822,yes,4991,1210,,2,6,0,,-0.13746983611240138
7860,14904117,Marlink,12462,9105,4723,1776,,,1263,yes,0,0,9,yes,-0.137523630904626
7861,18068913,nuts,6389,10306,5556,1753,,8515,1130,,2,5,19,yes,-0.13754099467602066
7862,5326319,DooDooButtButt,10426,9432,,1835,yes,7826,1143,,1,4,0,,-0.1376007601869748
7863,9801206,yukayuyu,9973,9520,5502,1755,,5049,1208,,1,4,7,yes,-0.13762926517053803
7864,10601504,Thoorn,9255,9645,,1843,yes,6295,1175,,16,54,0,,-0.13781456675750972
7865,6918298,Clivery_V,12046,9170,,1825,yes,6150,1178,,1,3,0,,-0.1378352414954993
7866,4566107,zaverk,7702,9976,,1855,yes,7573,1149,,15,49,0,,-0.13789103103059983
7867,3272012,PedroLipton,17133,8498,,1798,yes,3090,1289,,2,8,0,,-0.1379834923644002
7868,14265924,TudiOriginal,12181,9148,,1824,yes,5416,1197,,1,5,0,,-0.13800738624817707
7869,4863096,Malai,13208,8992,,1818,yes,4694,1219,,1,4,0,,-0.1381301817788756
7870,15044350,[ RoneKu ],7566,10011,,1856,yes,7403,1152,,45,165,0,,-0.13817193417141466
7871,21441925,unbalenced,11379,9275,5184,1763,,,1274,yes,0,0,9,yes,-0.13817364682645564
7872,2808144,Mulo,15921,8637,,1803,yes,3589,1262,,7,25,0,,-0.13829904850667618
7873,6211654,- ZenitH -,8855,9726,,1846,yes,9643,1111,,2,5,0,,-0.13832290067396064
7874,13801406,- Romantic -,13393,8966,4672,1778,,,1255,yes,0,0,2,yes,-0.13834184785039053
7875,16250524,finell,8493,9803,8301,1696,,5458,1196,,1,2,3,yes,-0.1387437904396951
7876,5141180,Vega-,9848,9540,5488,1755,,,1290,yes,0,0,27,yes,-0.139346839476521
7877,11746493,rawer21,14541,8815,4076,1798,,,1246,yes,0,0,8,yes,-0.13961632641541302
7878,9762657,Kenci,13668,8930,,1815,yes,4444,1227,,1,3,0,,-0.13981967662554118
7879,11545721,FragHop,7895,9934,6972,1721,,8113,1138,,1,2,4,yes,-0.13982842734300976
7880,20138434,tutvta,5428,10585,8604,1690,,,1357,yes,0,0,16,yes,-0.14000286169073806
7881,7298776,Ice Tea citron,13475,8952,,1816,yes,4510,1225,,1,4,0,,-0.1400139609693662
7882,18708470,MilkyBio,4896,10769,6175,1738,,7540,1149,,2,8,71,yes,-0.14012846729422243
7883,14444803,yoonie,7752,9967,,1855,yes,9583,1111,,2,9,0,,-0.14023095755851414
7884,14109511,Hanabi -,10747,9381,,1833,yes,7463,1150,,1,4,0,,-0.14036310255378828
7885,13142287,plankee,11514,9249,,1828,yes,8204,1136,,1,2,0,,-0.1403749252194642
7886,18641379,Medge,7401,10047,7499,1710,,,1322,yes,0,0,10,yes,-0.14041260048625037
7887,17437361,World Designer,6176,10367,8662,1689,,,1343,yes,0,0,10,yes,-0.14062280590439724
7888,2386274,Coco senpai,19964,8203,,1785,yes,2949,1298,,14,52,0,,-0.14074844134862224
7889,13465272,siherder,12182,9148,5015,1768,,,1266,yes,0,0,6,yes,-0.14082655479033604
7890,13053467,Xd-JsJ,8323,9840,9725,1670,,,1309,yes,0,0,3,yes,-0.1409242311556726
7891,9975928,Kirtuna,10260,9464,8518,1692,,,1285,yes,0,0,2,yes,-0.1414205219486433
7892,10487941,snckx,8943,9704,,1845,yes,8954,1123,,3,6,0,,-0.14142200329651655
7893,11192325,plstodelet,9467,9607,7341,1713,,,1294,yes,0,0,4,yes,-0.14152240831761592
7894,16381157,De Arrascaeta,7135,10114,9369,1676,,,1326,yes,0,0,5,yes,-0.14155817510585073
7895,19291256,Karpies,12476,9103,,1822,yes,8567,1129,,1,1,0,,-0.14163429521597132
7896,6248691,ellia-,18941,8305,2472,1862,,4519,1224,,22,96,6,yes,-0.1416380037655215
7897,12541550,Flqmez,13427,8959,4578,1781,,,1255,yes,0,0,3,yes,-0.14172455290165425
7898,14758920,MrAlpacus,8796,9737,9991,1666,,5981,1183,,3,7,1,yes,-0.14206367871084474
7899,739173,leonyan,21718,8045,2839,1843,,,1200,yes,0,0,32,,-0.14217405718909343
7900,11480308,-Remi-,10902,9350,6542,1730,,,1278,yes,0,0,3,yes,-0.14235874166973783
7901,2245807,PudiPudi,12653,9073,,1821,yes,4786,1216,,4,13,0,,-0.1425094514681285
7902,13589079,MathiFan,11538,9245,3967,1802,,7880,1143,,2,3,4,yes,-0.14263276563358845
7903,32671212,nightmxr3,11188,9305,4689,1777,,8134,1138,,1,1,11,yes,-0.14264982547350874
7904,15261991,Hydrangea_,6963,10156,,1862,yes,9941,1106,,5,13,0,,-0.14272416210715594
7905,12986120,Ayase,6454,10288,8736,1688,,6455,1172,,3,9,3,yes,-0.14281011807829205
7906,18804785,kayji,12766,9057,,1820,yes,7557,1149,,1,1,0,,-0.1429785584757794
7907,17292181,minhchau1_20,12737,9062,4626,1779,,,1261,yes,0,0,12,yes,-0.14308060595053132
7908,32024205,normandfdf,16977,8515,3360,1822,,,1228,yes,0,0,8,yes,-0.14319762010733725
7909,10233032,zezzeebka,12763,9057,4495,1783,,,1261,yes,0,0,246,yes,-0.14319894744655504
7910,7904667,xidorn,8561,9790,9438,1675,,4174,1237,,66,252,3,yes,-0.14368189047976412
7911,5281072,EnuHQ,10413,9435,,1835,yes,6437,1172,,3,10,0,,-0.1436846555482481
7912,25883550,Rthr,11746,9211,6279,1736,,3500,1266,,9,37,7,yes,-0.1439752347115287
7913,25713092,Disha-a,9550,9591,5125,1765,,6512,1171,,3,7,3,yes,-0.14398043058175297
7914,7003739,Rasim,18231,8378,5277,1761,,2564,1322,,5,22,7,yes,-0.14398775030892352
7915,7861878,niunnn,10649,9395,7956,1702,,,1281,yes,0,0,2,yes,-0.14428124850747104
7916,6139746,Dedaj,10970,9339,5840,1746,,,1278,yes,0,0,5,yes,-0.1444629491120804
7917,8002300,Bubbasam1,13029,9020,,1819,yes,4641,1221,,4,13,0,,-0.14456088169384695
7918,4579743,odie_,10838,9363,5168,1763,,,1279,yes,0,0,24,,-0.14458371359373462
7919,4373354,Xinno,6752,10212,7766,1705,,,1332,yes,0,0,13,yes,-0.14518946008457542
7920,20074435,Alpecs,11805,9202,,1826,yes,6687,1167,,1,3,0,,-0.14527659208536942
7921,14373793,Helliix,9485,9603,8254,1697,,,1294,yes,0,0,3,yes,-0.14540696919095672
7922,2222447,RyuuBei,9319,9630,,1843,yes,9945,1106,,2,4,0,,-0.1454704738371242
7923,5176421,Skarsta,10788,9373,,1833,yes,7091,1159,,1,5,0,,-0.1454765675949119
7924,9520012,moolduck,16295,8591,,1802,yes,3478,1267,,2,13,0,,-0.14572040743663292
7925,14514680,ChubbyDubby,4782,10810,8702,1688,,,1371,yes,0,0,28,yes,-0.145807318928744
7926,17096254,Alvin,11972,9180,,1825,yes,5096,1206,,8,21,0,,-0.14595362657463218
7927,12736205,sapporo,9608,9581,7289,1714,,,1293,yes,0,0,4,yes,-0.14605337737953583
7928,10768862,jesus f biurtre,14921,8767,,1809,yes,3758,1254,,1,4,0,,-0.14609164426296567
7929,13627680,1 x,30831,7378,1775,1903,,,1151,yes,0,0,14,yes,-0.14613178195484694
7930,22792032,Fw- What,12017,9175,8157,1699,,,1267,yes,0,0,1,yes,-0.14643059530722602
7931,940964,Hydra,13519,8947,,1816,yes,5459,1196,,1,1,0,,-0.1465254335523805
7932,6961736,Ashmar,13003,9024,,1819,yes,4853,1213,,1,6,0,,-0.14661333609885163
7933,18393124,1dk dt jump,8085,9890,,1852,yes,8166,1137,,5,17,0,,-0.14662137188886867
7934,5776339,STH531,11870,9195,,1826,yes,5184,1204,,8,18,0,,-0.14670886936128186
7935,14466714,Mercy_zero,27836,7563,2316,1870,,,1166,yes,0,0,48,yes,-0.14672714058332537
7936,11801619,qmvx,15259,8723,3896,1804,,,1240,yes,0,0,7,yes,-0.14687523765937352
7937,3275468,Boppin,9782,9552,7161,1717,,8939,1123,,1,1,2,yes,-0.14691371569545814
7938,25111950,4stronoot,19257,8271,3081,1833,,,1214,yes,0,0,15,yes,-0.1469139703589703
7939,9197580,Serdar,13011,9023,5990,1743,,,1258,yes,0,0,1,yes,-0.14705962526009603
7940,3847671,Valeyonara,10724,9384,,1833,yes,7717,1146,,2,4,0,,-0.1471346951235767
7941,7855652,hdl,8070,9893,,1852,yes,8864,1124,,3,11,0,,-0.14716629866339442
7942,6670974,Emperium,15268,8722,,1807,yes,3605,1261,,1,4,0,,-0.14760881208027968
7943,9147909,LTN,6714,10222,7614,1708,,7294,1154,,3,8,3,yes,-0.14761543877303024
7944,16363979,Korhyn,10495,9421,2717,1849,,8257,1135,,21,79,7,yes,-0.1476485545232684
7945,17342436,Nyeki,10539,9414,5576,1753,,9201,1118,,1,1,3,yes,-0.14787483480564745
7946,14271963,ItzMarch,15125,8742,3255,1827,,6673,1167,,1,1,3,yes,-0.14824500774890806
7947,14643263,Shinjizy,12122,9160,,1825,yes,5449,1196,,3,7,0,,-0.1483458934950361
7948,13134584,noederu,11376,9276,5146,1764,,,1274,yes,0,0,14,yes,-0.1483858317165923
7949,12384898,siinamota,12631,9077,,1821,yes,4934,1211,,4,11,0,,-0.14845065105493335
7950,6639059,P4ndemonium,12162,9152,3718,1810,,5906,1184,,11,45,29,yes,-0.1484873886077329
7951,24042805,qir,16720,8544,3146,1830,,5892,1184,,1,2,10,yes,-0.14890990981579838
7952,9833019,Eepyhead,9988,9517,5460,1756,,7055,1159,,1,1,10,yes,-0.14892642177486085
7953,9043476,[Deivi],16695,8546,3444,1819,,,1230,yes,0,0,7,yes,-0.14902842764179824
7954,15532194,FIOL,7764,9964,6402,1733,,,1317,yes,0,0,42,,-0.14940197954068596
7955,8386533,Ze_Lord999,13127,9007,,1818,yes,6827,1164,,1,1,0,,-0.14960379548781394
7956,12054938,boss_dan,13366,8969,3463,1818,,9581,1111,,1,3,54,yes,-0.1497018165034497
7957,3600549,arth,13389,8966,,1817,yes,4485,1225,,8,20,0,,-0.14982826276058586
7958,13990302,mishifuari,10792,9372,4451,1785,,5471,1195,,8,22,8,yes,-0.14986095247927478
7959,10040597,Sonoboi,17698,8435,3311,1824,,,1224,yes,0,0,10,yes,-0.15023210200552786
7960,14582737,Desmond823,9090,9676,8839,1686,,,1299,yes,0,0,3,yes,-0.15036816973799622
7961,21765588,TheOGBaka,12954,9030,,1819,yes,4695,1219,,7,20,0,,-0.1504963050238995
7962,12794121,AR8,5502,10561,7992,1701,,5669,1190,,1,5,12,yes,-0.1506668819448536
7963,8953709,lord_dabber_76,5365,10606,7968,1701,,4047,1242,,1,4,49,yes,-0.15086641087650707
7964,19940823,kxaoc,13151,9003,3587,1815,,9381,1115,,1,2,8,yes,-0.15110833202480595
7965,20631500,Meleanka231,10604,9402,6500,1731,,,1281,yes,0,0,4,yes,-0.1511924951686197
7966,1565577,Dreamcast,16588,8556,,1800,yes,3083,1289,,2,4,0,,-0.1513496840207597
7967,36787529,y02483826,14839,8777,4125,1796,,,1244,yes,0,0,24,,-0.1515801246110513
7968,12219330,Alex The JPEG,13305,8977,3418,1820,,5525,1194,,8,31,7,yes,-0.15175467725434483
7969,1231180,Ezoda,7668,9987,,1856,yes,8137,1138,,10,32,0,,-0.15184032694889682
7970,10567071,- Pop -,13514,8947,,1816,yes,5731,1189,,1,1,0,,-0.1518756418442628
7971,10589691,njk_,8922,9710,5818,1746,,,1301,yes,0,0,50,,-0.15213271933813632
7972,6876679,Bonkless,9786,9551,,1840,yes,8606,1128,,1,5,0,,-0.15213279131191942
7973,6177591,ALWAYSWANNACRY,10197,9478,6156,1739,,,1286,yes,0,0,7,yes,-0.1521350224210584
7974,9199948,ProstOtit,8476,9806,,1849,yes,7727,1146,,8,20,0,,-0.15227773437219233
7975,10568978,Cencory,14270,8853,4271,1791,,,1248,yes,0,0,9,yes,-0.15243927251732228
7976,14959896,LeEnte,8900,9715,7241,1715,,,1301,yes,0,0,6,yes,-0.15270183893203396
7977,22328518,minasen,12294,9129,5541,1754,,,1265,yes,0,0,3,yes,-0.1527553021246743
7978,10644834,Demideum,12744,9060,5195,1763,,,1261,yes,0,0,3,yes,-0.1527951625642111
7979,10479710,uadfb75t6hst,8401,9824,,1850,yes,7237,1155,,19,54,0,,-0.15289493597035708
7980,12898618,yourstary85,17173,8494,3658,1812,,,1227,yes,0,0,37,yes,-0.15292713847069458
7981,16851125,KEDAINIAI,11744,9211,,1827,yes,6462,1172,,1,4,0,,-0.15293007499170588
7982,21697571,plutodot,21007,8108,2950,1838,,,1204,yes,0,0,25,yes,-0.15297730190982822
7983,6638412,Route_2,13419,8961,,1817,yes,6064,1181,,1,1,0,,-0.1530082283086593
7984,12857902,[-------------],5601,10530,8537,1691,,,1354,yes,0,0,17,yes,-0.15301899550911113
7985,9626482,Shadowww,14631,8805,4144,1796,,,1245,yes,0,0,4,yes,-0.1530257017348291
7986,18887065,footstrepsils,7027,10142,8051,1700,,,1328,yes,0,0,10,yes,-0.1532062813686226
7987,17018207,Astrosu,10590,9405,5799,1747,,,1282,yes,0,0,8,yes,-0.15324618485712627
7988,15300480,Blobritto,12914,9035,4801,1774,,,1259,yes,0,0,6,yes,-0.1532723909619363
7989,7603404,NaoKanade,13078,9012,,1819,yes,7186,1156,,1,1,0,,-0.1533660178680006
7990,18328561,TeGaLeX15,12388,9116,,1823,yes,6129,1179,,1,3,0,,-0.15362695364766554
7991,4695530,Corelith,16153,8607,,1802,yes,3609,1261,,5,15,0,,-0.1538973880411843
7992,8656612,UrasianKenny,14011,8886,4357,1788,,,1250,yes,0,0,9,yes,-0.1538974364006762
7993,10979111,Summy,10286,9461,,1836,yes,9744,1109,,1,3,0,,-0.15415564264378295
7994,10085767,Satella,12783,9054,,1820,yes,4765,1217,,11,36,0,,-0.15453758388391145
7995,3471120,Kyupou,12877,9041,,1820,yes,4755,1217,,8,25,0,,-0.15454423868980224
7996,6660631,Void,8201,9863,7943,1702,,,1311,yes,0,0,6,yes,-0.15468579787057382
7997,14337536,Silvafoxx,11295,9287,,1829,yes,9418,1114,,1,2,0,,-0.15513139633028977
7998,14954416,Misterbla11,12395,9115,,1823,yes,7013,1160,,1,2,0,,-0.15516633807290364
7999,18052873,Acillac,11724,9215,,1827,yes,5842,1185,,4,7,0,,-0.15517597906696773
8000,9793213,Malastin,20765,8127,2872,1842,,,1206,yes,0,0,14,yes,-0.15534020994574207
8001,8590397,Nyarlat,9155,9663,6318,1735,,,1298,yes,0,0,12,yes,-0.15546312502209564
8002,10712753,_matt,12353,9121,,1823,yes,6229,1177,,1,3,0,,-0.15553419573669336
8003,3144030,Mukou Aoi,9322,9629,,1842,yes,9371,1115,,1,5,0,,-0.15565344215966048
8004,4042206,jerrydavid124,9019,9689,6964,1721,,,1300,yes,0,0,7,yes,-0.15577735255895436
8005,19599089,vinicius,8219,9860,,1851,yes,7276,1155,,34,95,0,,-0.15578084580767337
8006,13590402,MoTL,10479,9424,,1835,yes,7754,1145,,1,5,0,,-0.15600235284260117
8007,24362499,Javin,5079,10710,8969,1683,,,1365,yes,0,0,19,yes,-0.15623889430649957
8008,7915523,xarrian,10497,9421,4541,1782,,9202,1118,,1,2,20,yes,-0.15637792441581408
8009,9465021,LeoOdrano,14502,8820,4223,1793,,,1246,yes,0,0,4,yes,-0.15658853178389415
8010,15541138,Shizunara,16418,8577,3698,1811,,,1232,yes,0,0,10,yes,-0.1566495231120425
8011,16659309,Twiney,7458,10034,8400,1694,,,1321,yes,0,0,7,yes,-0.15685491797873527
8012,9993781,Fozzy,18101,8391,,1793,yes,3216,1281,,5,19,0,,-0.15693478797347682
8013,19349006,EgirlMelissaUwU,8985,9696,7001,1720,,,1300,yes,0,0,7,yes,-0.15720354818246182
8014,12607613,JRDETOMMASO,19810,8218,3200,1828,,,1211,yes,0,0,34,,-0.15721424158104286
8015,9989736,So Fragile,30202,7416,2254,1874,,,1154,yes,0,0,78,yes,-0.15726503633997824
8016,7579125,ChickenWings,11493,9253,,1828,yes,9010,1122,,1,2,0,,-0.1572747379143454
8017,14748920,muceo,13746,8919,2469,1862,,7526,1149,,12,37,8,yes,-0.15739640308726843
8018,30153975,zanoza,8533,9796,6356,1734,,,1306,yes,0,0,21,yes,-0.15758596154484714
8019,10059866,MyAngelGzuz,9897,9532,,1839,yes,8618,1128,,2,5,0,,-0.1576327001082273
8020,5349762,Moegi,13616,8936,,1816,yes,4480,1225,,7,27,0,,-0.15766260853967115
8021,17630593,Mooccdor,11737,9212,,1827,yes,6602,1169,,2,4,0,,-0.15770266023460622
8022,14847266,_Chris,10833,9364,6160,1739,,,1279,yes,0,0,5,yes,-0.15787903312590204
8023,19163602,slrp_nemo,15775,8656,3974,1801,,,1237,yes,0,0,44,yes,-0.1579385931408898
8024,12876492,chimkun,13413,8962,5628,1752,,,1255,yes,0,0,1,yes,-0.15833305751005444
8025,33947465,matiguwno,18145,8386,3531,1816,,,1221,yes,0,0,55,,-0.15858186625970175
8026,8172901,DixAway,11950,9183,6092,1741,,5876,1185,,1,2,1,yes,-0.1586397317634628
8027,7173453,Atteroot,13397,8965,4609,1780,,,1255,yes,0,0,8,yes,-0.15872172213423613
8028,7166953,Yurisaki_M1kaoo,15049,8751,,1808,yes,4059,1242,,13,46,0,,-0.15874693538511928
8029,5587363,Draell,13478,8952,3457,1819,,7196,1156,,1,2,2,yes,-0.15964283843452676
8030,14220975,Yuuka,9526,9596,,1841,yes,6497,1171,,15,57,0,,-0.1598374925455624
8031,4867824,2deal,13632,8934,,1816,yes,4629,1221,,3,8,0,,-0.16013960745702546
8032,11401778,escxdeiro,7470,10030,9312,1677,,,1321,yes,0,0,5,yes,-0.16016167413229537
8033,22690359,Seija Kijin,9250,9646,,1843,yes,6507,1171,,54,205,0,,-0.16030960166735275
8034,30552831,LazzeMaster,40286,6876,1765,1903,,,1113,yes,0,0,526,,-0.16033634286966508
8035,14626818,tankibuds,15422,8702,3867,1805,,,1239,yes,0,0,4,yes,-0.16041380576986936
8036,11502740,Cors,7375,10053,,1858,yes,9222,1118,,7,18,0,,-0.16046176028638887
8037,4535883,WHchild,17233,8486,,1797,yes,3544,1264,,21,85,0,,-0.1604841069861771
8038,10854590,Xedon100,10277,9461,,1836,yes,7087,1159,,3,9,0,,-0.1609029596475624
8039,25602139,p1tich,8100,9885,5232,1762,,9933,1106,,1,4,5,yes,-0.16103845830995078
8040,13421536,shziura,13022,9021,,1819,yes,7917,1142,,1,1,0,,-0.16133019072135224
8041,7127792,dumtea,14342,8845,,1812,yes,4331,1231,,1,5,0,,-0.16136375552634086
8042,4095978,Bedrock,15025,8754,,1808,yes,3868,1250,,1,3,0,,-0.16138791811037193
8043,21180215,Meevin,17244,8485,3715,1810,,,1227,yes,0,0,44,yes,-0.1614715718883111
8044,9768060,CryingWaff,14543,8815,,1811,yes,4226,1235,,2,8,0,,-0.16172935343091793
8045,17062924,HuyChann,9683,9567,,1840,yes,9891,1107,,2,4,0,,-0.16175947267421797
8046,9538689,Goda,13980,8890,,1814,yes,4643,1220,,1,3,0,,-0.1617671685388533
8047,17902210,John Coltrane,13906,8900,,1814,yes,4429,1227,,6,37,0,,-0.16213920168922627
8048,5138633,n0treZ,8864,9724,9439,1675,,,1302,yes,0,0,3,yes,-0.16232710775062423
8049,16465883,zyuraa,15199,8733,4126,1796,,,1241,yes,0,0,23,yes,-0.16238850863483006
8050,9843528,-HatsuneMiku,8617,9778,6665,1727,,,1305,yes,0,0,13,yes,-0.16251310700702853
8051,31444348,InkLyned,6950,10159,9422,1675,,,1329,yes,0,0,6,yes,-0.16326125153195772
8052,17621655,AluPotat,10390,9440,4698,1777,,7776,1144,,3,4,3,yes,-0.16351788656124644
8053,23550322,Not_X,13348,8972,4946,1770,,,1255,yes,0,0,3,yes,-0.1636844229713631
8054,13907096,Communified,11618,9235,4123,1796,,8715,1127,,1,3,30,yes,-0.16417328338579662
8055,16069581,Teriso,15728,8662,4038,1799,,,1237,yes,0,0,48,,-0.16421355435021534
8056,2515691,Zitan,11689,9220,5766,1748,,4201,1237,,3,10,5,yes,-0.16440191367217472
8057,14324966,Sqonic,8937,9706,6481,1731,,,1301,yes,0,0,13,yes,-0.1644548975327796
8058,4647311,N i s u,10999,9337,,1831,yes,5775,1188,,12,34,0,,-0.16447461926756596
8059,10654586,silverfishy,13916,8898,4443,1785,,,1251,yes,0,0,17,yes,-0.16448307716627059
8060,4664968,cicrye,7665,9987,6465,1731,,,1318,yes,0,0,75,yes,-0.1645869083880944
8061,10966273,Joeytehduck,13104,9009,4620,1779,,,1258,yes,0,0,31,yes,-0.16479763763578992
8062,13490855,SoraSliderBroke,13953,8893,,1814,yes,5395,1197,,1,1,0,,-0.16496055733805587
8063,14924167,Luigewe,10764,9378,,1833,yes,7648,1147,,2,5,0,,-0.1651216066782764
8064,7298482,Skyce,14515,8818,,1811,yes,4278,1233,,1,2,0,,-0.16523734816483127
8065,11911363,ashamed,11279,9289,4707,1777,,9246,1117,,1,2,1,yes,-0.16525635723864956
8066,31259935,sizakunn,5994,10416,9034,1682,,,1346,yes,0,0,11,yes,-0.16556515502454733
8067,5446475,Haifuri,10397,9438,,1835,yes,6823,1164,,4,11,0,,-0.16566929329965607
8068,11116286,Apaxia,9161,9662,6052,1741,,,1298,yes,0,0,25,,-0.16568700249460666
8069,32789512,kyoukei,6808,10198,9654,1671,,,1332,yes,0,0,6,yes,-0.16583316617657434
8070,9329543,Emabu,11122,9315,5293,1761,,8832,1125,,1,2,1,yes,-0.16605299457846243
8071,9952190,Yemen_old_1,20391,8159,2834,1843,,5328,1200,,5,18,139,,-0.16615033686913308
8072,13024773,_Saucy,9886,9534,7007,1720,,,1289,yes,0,0,5,yes,-0.16626870095810925
8073,3086393,n0ah,17326,8476,,1797,yes,3547,1264,,17,49,0,,-0.16635216317287066
8074,24210027,Wanokk,12721,9064,3701,1811,,8862,1124,,1,3,9,yes,-0.16639893693425964
8075,4773990,darkkiller1324,11807,9202,5135,1765,,5324,1200,,3,12,1,yes,-0.16656361676237083
8076,17049206,Baltea,13805,8912,,1815,yes,4501,1225,,15,53,0,,-0.16660011611706496
8077,8048323,ADDION_,14972,8761,3015,1836,,9062,1121,,1,2,5,yes,-0.16665286092317988
8078,18425276,Aryuii,6917,10168,,1862,yes,8872,1124,,17,56,0,,-0.1666821847712701
8079,6569665,Ducky,12533,9093,5091,1766,,,1263,yes,0,0,7,yes,-0.16684157861178248
8080,8033294,TIKKA,13251,8986,6215,1738,,,1256,yes,0,0,1,yes,-0.16684674127241803
8081,8368845,Vegepurple,12768,9057,4971,1769,,,1260,yes,0,0,7,yes,-0.16698066323395655
8082,9498319,Gamecube08,19878,8212,,1785,yes,3169,1284,,54,210,0,,-0.16711121471009635
8083,17274293,smart falcon,14473,8824,,1811,yes,4304,1232,,32,97,0,,-0.16717217754397845
8084,7990747,Heise,13790,8914,,1815,yes,5152,1205,,1,2,0,,-0.16761259657509175
8085,6276694,Veran,12374,9119,5740,1749,,,1264,yes,0,0,3,yes,-0.16775639431869271
8086,8796706,Muffin7240,10994,9337,5641,1751,,,1277,yes,0,0,10,yes,-0.16777530733254797
8087,23111153,quines,11232,9296,6730,1726,,,1275,yes,0,0,3,yes,-0.16801140057965344
8088,12390637,feaz1e,8574,9787,8294,1696,,,1305,yes,0,0,5,yes,-0.16815007969415088
8089,12008951,BoatGoesBinted,8172,9869,7880,1703,,,1311,yes,0,0,7,yes,-0.1682187576374207
8090,20043996,vexize,17749,8429,3603,1814,,,1223,yes,0,0,21,yes,-0.16852177884493053
8091,6428063,ZenoXLTU,10165,9484,5642,1751,,5057,1208,,1,4,10,yes,-0.16854093953959842
8092,9049102,Yukiri,15277,8721,,1807,yes,3899,1249,,1,4,0,,-0.16895427292051193
8093,10651069,xMrKamil,19285,8268,2638,1853,,,1214,yes,0,0,4,yes,-0.16904310737343203
8094,34068119,yurq,11998,9177,5469,1756,,,1268,yes,0,0,6,yes,-0.16946661868572926
8095,10105486,vuitnam,11104,9318,,1831,yes,7003,1160,,3,6,0,,-0.16956200919797965
8096,3603177,acrid,15401,8704,4130,1796,,,1239,yes,0,0,21,yes,-0.1695869762162695
8097,14927020,Vreizs,7785,9959,9154,1680,,,1316,yes,0,0,5,yes,-0.16962833922849002
8098,23082655,RainerD,8264,9851,6859,1723,,,1310,yes,0,0,15,yes,-0.169651347923213
8099,12566090,Kwolf209,11265,9291,7737,1706,,,1275,yes,0,0,2,yes,-0.16971412368822875
8100,37142157,loserr,40456,6868,8405,1694,,952,1524,,6,30,5,yes,-0.1699250832781355
8101,21336452,Loreneex,14395,8836,4385,1787,,,1247,yes,0,0,8,yes,-0.16996558171128615
8102,1706092,Ma yin,13350,8971,,1817,yes,7293,1154,,1,1,0,,-0.16998324756399152
8103,1136098,Celis,13802,8913,,1815,yes,5222,1203,,1,2,0,,-0.17036365615231905
8104,11301776,THaNK-You,6931,10164,7417,1711,,,1330,yes,0,0,22,yes,-0.17037542315849005
8105,13702695,SinonG,27842,7563,3011,1836,,2230,1345,,1,6,8,yes,-0.17046020391769978
8106,5353630,thouka,11923,9187,,1826,yes,6168,1178,,2,6,0,,-0.17062977620163203
8107,7190083,Eclipsem,11254,9292,5610,1752,,,1275,yes,0,0,9,yes,-0.17089710656071946
8108,13398232,MythicalAura,9798,9549,7151,1717,,,1290,yes,0,0,5,yes,-0.17093151403476792
8109,32003149,V1nees,17853,8417,3505,1817,,,1223,yes,0,0,13,yes,-0.17115774641977322
8110,11286666,atxmartin,13267,8984,6336,1735,,,1256,yes,0,0,1,yes,-0.1711749474561573
8111,28513325,Fleofl,31840,7317,2271,1873,,,1147,yes,0,0,316,,-0.17124922187159286
8112,10961512,krh,9689,9567,3066,1834,,7544,1149,,26,81,2,yes,-0.17151054044891167
8113,12484942,Tailok,9757,9555,4467,1785,,6899,1163,,6,21,1,yes,-0.17151940798752693
8114,14143727,ALBOON,14061,8880,3821,1806,,8635,1128,,1,2,44,yes,-0.1718709279947182
8115,11917325,Ayaka-chan_24,11898,9190,6208,1738,,,1268,yes,0,0,3,yes,-0.17187165232159887
8116,6720784,Yuyuko,10266,9463,,1836,yes,9223,1118,,2,4,0,,-0.17189815857608803
8117,6560131,Nishino Flower,10888,9353,,1832,yes,7057,1159,,3,7,0,,-0.17193323657075799
8118,15355453,waltem,7755,9966,6800,1724,,,1317,yes,0,0,28,yes,-0.17211912800737514
8119,17222868,corpus vile,8216,9861,7144,1717,,4873,1213,,2,5,8,yes,-0.172131973247104
8120,8473081,JungspylieSushi,7331,10062,6872,1723,,5360,1199,,12,39,8,yes,-0.17226382938110002
8121,4783153,Ulquiorra,14163,8867,,1813,yes,4717,1218,,1,3,0,,-0.1725558317335792
8122,9657753,Adrad,12366,9120,,1823,yes,7782,1144,,1,2,0,,-0.17260091940836636
8123,8954633,Gonito,5417,10590,8867,1685,,,1357,yes,0,0,19,yes,-0.17278502164201687
8124,2709588,Tabby Bee,13106,9009,,1819,yes,8383,1133,,1,1,0,,-0.172817428512472
8125,11071437,chelovek43,13122,9007,4830,1773,,,1257,yes,0,0,9,yes,-0.17283852909995012
8126,30351165,fuzoku,11424,9265,5259,1761,,,1273,yes,0,0,22,yes,-0.17284018667172468
8127,17066466,Ghoul1,12230,9140,5940,1744,,,1265,yes,0,0,3,yes,-0.17298371622421593
8128,11425117,dumb idiot,11868,9195,5898,1745,,,1269,yes,0,0,4,yes,-0.17305723405934206
8129,9666104,MATTYAN20XX,15439,8699,4136,1796,,,1239,yes,0,0,14,yes,-0.17312509265939002
8130,3937808,shoe lace,13422,8960,6983,1721,,3566,1263,,3,7,2,yes,-0.17326901422272237
8131,10849508,YuskasUwU,7530,10019,4985,1769,,7963,1141,,29,83,1,yes,-0.17333203078791928
8132,23664366,Putzy,11535,9246,,1828,yes,9687,1110,,1,2,0,,-0.17365140924636896
8133,8100759,RiseY,12259,9135,,1824,yes,6946,1161,,1,3,0,,-0.17371355833822155
8134,8335901,EatherBone,12759,9058,,1821,yes,9761,1109,,1,1,0,,-0.17374466396853655
8135,11184885,AltApprentice,27648,7576,2458,1862,,,1166,yes,0,0,52,yes,-0.1738535423787866
8136,28210295,Djemovampire,8028,9902,6554,1729,,,1313,yes,0,0,36,yes,-0.17394751318772386
8137,25060140,Liumiya,11781,9206,6331,1735,,,1270,yes,0,0,3,yes,-0.1739803983108243
8138,21033938,SLB_,12688,9068,,1821,yes,7151,1157,,1,2,0,,-0.17409485443307737
8139,9505673,crissof,18666,8333,,1791,yes,3396,1271,,34,129,0,,-0.17409617067026983
8140,11849244,WhiteCab,15244,8726,2172,1879,,6789,1165,,2,12,3,yes,-0.17423295717141885
8141,6233296,tilda,18506,8350,3456,1819,,3632,1260,,7,23,2,yes,-0.17439996883713355
8142,11130294,JCEY,13482,8951,6042,1742,,,1254,yes,0,0,1,yes,-0.17451288788794986
8143,8594847,Setollie,8335,9838,4169,1795,,9784,1109,,4,10,3,yes,-0.17468774760717867
8144,3624920,Flamation,14585,8810,,1811,yes,4506,1225,,1,1,0,,-0.17473429514419184
8145,24739006,ThyBomb,9267,9642,5954,1743,,,1297,yes,0,0,41,yes,-0.17475931805567857
8146,14069730,Arisaka Mashiro,7232,10087,4792,1774,,7600,1148,,32,86,13,yes,-0.17482261007440575
8147,1920049,goink,11964,9182,,1825,yes,6243,1176,,3,6,0,,-0.17497733501132484
8148,13679569,Pardo_felis,13946,8894,,1814,yes,5175,1204,,1,2,0,,-0.1749789075545103
8149,8522397,krzysiek456,18874,8311,3335,1823,,,1216,yes,0,0,14,yes,-0.17520344183727676
8150,6176928,OldnessAss,7487,10026,4962,1769,,8035,1140,,4,14,18,yes,-0.17596782863641058
8151,18671365,Jimboi69,13789,8914,5627,1752,,,1252,yes,0,0,1,yes,-0.17603892588982845
8152,13750042,Yuniquan,13121,9007,,1819,yes,8553,1130,,1,1,0,,-0.1760774955741572
8153,10688382,Cam,18731,8327,3382,1821,,,1217,yes,0,0,15,yes,-0.1762456167072638
8154,1756476,-Garrick,13664,8930,,1815,yes,4669,1220,,17,54,0,,-0.17625718897881654
8155,17274952,ADuskFox,14895,8770,4291,1790,,,1243,yes,0,0,41,yes,-0.17632686009406148
8156,32228397,Papusiaczek,9167,9661,5418,1757,,7539,1149,,1,3,12,yes,-0.17643486737597172
8157,5189370,MarshbleSoda,13704,8925,,1815,yes,6659,1167,,1,1,0,,-0.17659400826689192
8158,11437634,liget,14152,8869,5133,1765,,,1249,yes,0,0,1,yes,-0.1766277814888546
8159,2850104,m t g,12786,9053,,1820,yes,5026,1209,,15,49,0,,-0.17668265093186172
8160,28841460,betray,11521,9249,5384,1758,,,1272,yes,0,0,14,yes,-0.17673452268716072
8161,4571817,Mombei,15870,8643,6926,1722,,2498,1327,,1,8,4,yes,-0.17679393750311378
8162,19244009,yegg,18533,8347,3413,1820,,,1218,yes,0,0,14,yes,-0.176813085988199
8163,9633533,kombo_raif,8367,9829,4300,1790,,9546,1112,,3,10,7,yes,-0.17690266216020356
8164,10363871,iolak,12509,9096,,1822,yes,7633,1147,,1,2,0,,-0.17705005597820855
8165,8385864,My Angel Inanis,8544,9793,7248,1715,,6432,1172,,4,13,2,yes,-0.17706297099360851
8166,9364594,Sagisawa Arisu,6373,10311,,1867,yes,9536,1112,,22,80,0,,-0.17738909465045022
8167,3104031,LOOOOOOOOOOOOL,10526,9416,5741,1749,,7804,1144,,1,2,3,yes,-0.1775044049497258
8168,13980777,sayuri31,12669,9071,7845,1704,,,1261,yes,0,0,1,yes,-0.17761292264438353
8169,12716143,respective,24881,7773,,1766,yes,2531,1324,,14,64,0,,-0.1778802370860202
8170,15021904,Sauce Cake,14071,8879,4545,1782,,,1250,yes,0,0,12,yes,-0.17818934088541688
8171,11137266,18870,11237,9295,,1830,yes,6366,1174,,2,11,0,,-0.17819982442216886
8172,9501038,Phaisf,13063,9014,,1819,yes,5473,1195,,3,5,0,,-0.17819984009602668
8173,19367831,EmmiSerry,10897,9352,6063,1741,,,1278,yes,0,0,7,yes,-0.17820348769172586
8174,16940669,HasbinBTW,8491,9804,8561,1691,,,1307,yes,0,0,5,yes,-0.17820701980131162
8175,11160048,Bepco,12935,9033,5093,1766,,,1259,yes,0,0,6,yes,-0.17823434010679667
8176,17706585,FlyingB5sisa,9056,9682,,1844,yes,9913,1106,,2,6,0,,-0.17830162558845838
8177,24126911,RicardOsu,15479,8695,4052,1799,,,1239,yes,0,0,4,yes,-0.17848916957665462
8178,16082373,Lainveir,14148,8869,5203,1763,,,1249,yes,0,0,1,yes,-0.17884771273327457
8179,7121520,VladFedot,9684,9567,7890,1703,,,1292,yes,0,0,4,yes,-0.17891478464040694
8180,2073320,Tpee,9813,9547,,1839,yes,8871,1124,,2,6,0,,-0.17910599073285874
8181,3632402,LWMF,15778,8655,4424,1786,,3997,1244,,16,53,5,yes,-0.17944022664733947
8182,12143250,innocentDE,12346,9122,4763,1775,,7334,1153,,1,1,9,yes,-0.17944809549876428
8183,16997804,MeowHou,22128,8008,,1776,yes,2960,1298,,47,169,0,,-0.1795305381173647
8184,17957276,- joshh,26632,7646,1708,1907,,3075,1290,,4,15,2,yes,-0.1795744888146215
8185,19686199,Arkanjl,11664,9225,,1827,yes,5898,1184,,4,14,0,,-0.17962182095061707
8186,22973790,Vappy,8678,9762,7940,1702,,,1304,yes,0,0,6,yes,-0.17998217433857655
8187,14443745,dhuragin,14294,8850,4551,1782,,,1248,yes,0,0,6,yes,-0.18021803029221103
8188,17710284,Popadosych,16956,8516,3908,1803,,,1228,yes,0,0,70,yes,-0.18024218843414616
8189,8729924,Kraggi,13574,8941,,1816,yes,5803,1187,,1,2,0,,-0.18024838421316866
8190,13167772,QuekkeN,6363,10313,9294,1677,,,1339,yes,0,0,9,yes,-0.18028871470555774
8191,22592572,Donbass_Mrekk,4772,10817,9077,1681,,,1372,yes,0,0,32,yes,-0.18029196443568707
8192,2466834,Yapuku,16408,8578,4013,1800,,,1232,yes,0,0,43,yes,-0.18039878025894948
8193,29763113,No-riki,12149,9154,6165,1739,,,1266,yes,0,0,3,yes,-0.18049812741847907
8194,16143170,Nadale,20166,8180,3102,1832,,,1209,yes,0,0,13,yes,-0.1805838778814045
8195,19113673,Milk n Cookies,12956,9030,,1819,yes,9496,1113,,1,1,0,,-0.180758187222057
8196,7474188,S1r0ke,15128,8742,4171,1795,,,1241,yes,0,0,2,yes,-0.18105694624114385
8197,19934770,Vik1n6Z,12999,9025,,1819,yes,9376,1115,,1,1,0,,-0.18109690227613168
8198,10446597,Puggy,6697,10225,7667,1707,,7169,1157,,3,7,5,yes,-0.18143315789547013
8199,6307496,LukasBobeax,7264,10080,6896,1722,,,1324,yes,0,0,66,yes,-0.1815113218523962
8200,18091333,pinky965,13591,8939,,1816,yes,7291,1154,,1,1,0,,-0.181744844240178
8201,13768461,yuan,19147,8283,2247,1875,,5746,1188,,19,67,7,yes,-0.182142388137483
8202,8197861,bananabus3,15939,8635,,1803,yes,3851,1250,,2,7,0,,-0.1821466500699464
8203,19137524,Epicswag2012,10996,9337,,1831,yes,6585,1169,,3,12,0,,-0.18221063645409433
8204,12308923,Sieun,8261,9851,8062,1700,,,1310,yes,0,0,7,yes,-0.18222636568270892
8205,13501030,virrevicke,11166,9309,,1830,yes,9085,1120,,1,3,0,,-0.18242211916123685
8206,4341197,[Ruby Rose],13948,8894,,1814,yes,6340,1175,,1,1,0,,-0.18261285105836456
8207,8783852,LevathiaN,13149,9003,,1818,yes,6644,1168,,1,2,0,,-0.18274540207742102
8208,15751922,SoPqnda,13357,8971,,1817,yes,4905,1212,,6,27,0,,-0.18277227465892046
8209,15996730,Faulty,10584,9406,5634,1751,,,1282,yes,0,0,25,yes,-0.18278525582185845
8210,37091194,piiid,6339,10316,9360,1676,,,1340,yes,0,0,9,yes,-0.182839872872817
8211,10709970,burhi,11679,9222,,1827,yes,6161,1178,,3,10,0,,-0.18296912894223866
8212,1156813,KJF,11967,9181,5031,1768,,6508,1171,,1,4,1,yes,-0.1830451464351
8213,5012729,Arcelanya,18505,8350,,1791,yes,3154,1285,,3,9,0,,-0.1832217830446401
8214,17233121,alex5,13658,8931,6089,1741,,,1253,yes,0,0,1,yes,-0.18323809504856292
8215,23185001,W1nter1,13551,8944,,1816,yes,5032,1209,,4,8,0,,-0.1833270910425406
8216,15950212,Jayyhk,18969,8301,,1789,yes,3388,1272,,18,76,0,,-0.18333041588544505
8217,20918735,kiara01,11922,9187,,1826,yes,6167,1178,,4,8,0,,-0.18350530568241716
8218,2138739,TrickMirror,16614,8554,,1800,yes,3776,1253,,5,18,0,,-0.18373087126697532
8219,9475189,-Marson-,12489,9099,,1822,yes,7994,1140,,1,2,0,,-0.1843208209922019
8220,12819153,almondeye,8613,9779,,1848,yes,8119,1138,,6,24,0,,-0.1845323317836384
8221,8822528,xci,13226,8989,,1818,yes,5121,1206,,2,12,0,,-0.18476152007393967
8222,12899970,KeS_Play,11881,9193,,1826,yes,7901,1142,,2,3,0,,-0.18481880429535194
8223,10101384,Mrrp,13718,8923,6043,1742,,,1252,yes,0,0,1,yes,-0.18482265911529522
8224,12857805,- EmmaJus -,13176,8998,5056,1767,,,1257,yes,0,0,6,yes,-0.18484998419304027
8225,15313853,ErwinCarbone,5405,10592,8766,1687,,,1358,yes,0,0,25,yes,-0.1848968454581288
8226,15449676,Pururin2000,14769,8785,,1810,yes,4467,1226,,1,2,0,,-0.18514834535345126
8227,11119798,Tsus71,14085,8877,,1813,yes,5077,1207,,1,3,0,,-0.1856657086984178
8228,14459224,G a b i,6771,10208,8391,1694,,,1332,yes,0,0,13,yes,-0.18579136307633476
8229,8967382,woiester,11607,9236,6733,1726,,,1271,yes,0,0,3,yes,-0.18597693262571924
8230,17228573,Loreal Paris,16643,8550,3891,1804,,,1231,yes,0,0,11,yes,-0.1859918498428133
8231,32175304,V0RTEX,16861,8527,3748,1809,,,1229,yes,0,0,7,yes,-0.18605200912586134
8232,29721245,Kataru,13244,8987,6938,1722,,,1256,yes,0,0,1,yes,-0.18610662753002777
8233,3223520,nokenz,14406,8835,2308,1871,,8467,1131,,11,35,8,yes,-0.1863838577956809
8234,4123218,-Akeno-,20352,8163,,1783,yes,2773,1308,,2,9,0,,-0.1864751901016273
8235,16523449,oknico,16587,8556,3676,1812,,,1231,yes,0,0,4,yes,-0.18660126737815627
8236,7243516,tagorin,18626,8337,,1791,yes,3190,1283,,5,10,0,,-0.18661315813195847
8237,3509110,Nellox2000,16999,8512,,1798,yes,3722,1255,,4,21,0,,-0.18670212534421113
8238,33362634,hexagon buff,15404,8704,4259,1791,,,1239,yes,0,0,62,,-0.18691622879551212
8239,9027514,tingirmin,20312,8167,3235,1827,,,1208,yes,0,0,20,,-0.18700985018353672
8240,15959312,KotaDayo,11717,9216,,1827,yes,7455,1151,,2,4,0,,-0.18726441908604072
8241,7109508,-Rusty-,15201,8732,,1807,yes,4139,1239,,1,2,0,,-0.18745639864943145
8242,11379059,IglooKim,11099,9318,,1831,yes,7446,1151,,2,6,0,,-0.18752128534295373
8243,2970667,Tobi,22950,7934,,1773,yes,2389,1334,,2,10,0,,-0.18752798203965287
8244,2015300,verto,16015,8626,,1803,yes,3812,1252,,2,5,0,,-0.18755343087944107
8245,2582954,Miyeon,12076,9166,,1825,yes,9139,1120,,1,2,0,,-0.1876678507430253
8246,12404150,KyokoKirigiri,14628,8805,4556,1782,,,1245,yes,0,0,3,yes,-0.1876908115647037
8247,8624969,SightReading,31720,7324,2064,1884,,,1147,yes,0,0,24,yes,-0.18814808422434992
8248,22941837,paws,11504,9251,7894,1703,,,1272,yes,0,0,2,yes,-0.1883781900746074
8249,6178640,MagBlood,12021,9174,,1825,yes,5425,1196,,61,222,0,,-0.18846798638577986
8250,17264178,Axi0n,14356,8843,4611,1780,,,1247,yes,0,0,6,yes,-0.18851183587153775
8251,12960268,Zyk3,16511,8566,4061,1798,,,1231,yes,0,0,94,yes,-0.18864131795296707
8252,13661976,KeinanLP,16302,8590,4068,1798,,,1233,yes,0,0,25,yes,-0.18868562000679287
8253,17909384,IryN,8078,9891,,1852,yes,8928,1123,,6,20,0,,-0.18871667207883233
8254,10191295,Slender_95,17700,8435,2913,1840,,5335,1199,,10,40,9,yes,-0.18872864572224912
8255,5286078,Moreon,12690,9068,,1821,yes,5343,1199,,8,20,0,,-0.1887854290002951
8256,10132830,Ink,14620,8806,4524,1783,,,1245,yes,0,0,6,yes,-0.1896091262328055
8257,2327021,jon_chan,12363,9120,,1823,yes,8523,1130,,1,2,0,,-0.18970967858504884
8258,17794496,Botfault,8225,9860,7133,1717,,,1310,yes,0,0,15,yes,-0.1897774506048396
8259,3850861,Risa,27642,7577,,1756,yes,2359,1337,,21,91,0,,-0.18980611191057986
8260,7433950,GameGear,23018,7928,,1773,yes,2887,1302,,31,126,0,,-0.1902183704680293
8261,12098479,strawbewwiii,20249,8172,3403,1820,,,1208,yes,0,0,79,,-0.19022894626960268
8262,17891869,Tanvir,12577,9085,6831,1724,,3723,1255,,2,4,3,yes,-0.19024578120318997
8263,4113311,Izumi Hiyori,13878,8903,,1814,yes,4746,1217,,28,106,0,,-0.1903180102854425
8264,3696551,Deka San,13875,8903,,1814,yes,6998,1160,,1,1,0,,-0.1904133015305541
8265,16004080,Tylerderp,7605,10001,9794,1669,,,1319,yes,0,0,5,yes,-0.19043335715117293
8266,28603206,Comatosess,10149,9486,6919,1722,,,1286,yes,0,0,6,yes,-0.19056483625686732
8267,17671990,IssaKun_,12442,9107,,1822,yes,5668,1190,,3,12,0,,-0.19059751772915418
8268,7449304,MarekKratochvil,15837,8647,,1804,yes,4118,1240,,7,25,0,,-0.1908330521189591
8269,13506368,MyAim60FPS,9103,9673,9801,1669,,,1299,yes,0,0,3,yes,-0.19098097850858983
8270,7759641,Nikolas,15735,8661,,1804,yes,3996,1244,,2,5,0,,-0.19110976573596208
8271,6457300,NakanoAtsusa,13448,8956,5622,1752,,,1255,yes,0,0,2,yes,-0.19112835892868618
8272,20674528,I hate slider,10791,9372,5829,1746,,,1279,yes,0,0,14,yes,-0.19126438933070947
8273,22918430,nxvia,11114,9316,6782,1725,,,1276,yes,0,0,4,yes,-0.19128875182574134
8274,18264413,dustinrider,21633,8053,,1778,yes,1812,1386,,1,3,0,,-0.19129659545634617
8275,6784744,Gorge Watinton,14168,8867,,1813,yes,5134,1205,,2,3,0,,-0.19157336448422338
8276,8987234,Kyaringan,10192,9479,6925,1722,,4733,1217,,11,42,4,yes,-0.19166939248144077
8277,18010171,Tofaa,10816,9368,5077,1766,,6712,1166,,1,2,42,,-0.19170192491885857
8278,8969402,mkus,13033,9019,,1819,yes,5277,1201,,4,15,0,,-0.19174155357304462
8279,22094038,DIO I,10636,9397,6418,1733,,,1281,yes,0,0,7,yes,-0.19177934639134792
8280,28178576,Bl4zEPTX,11693,9220,,1827,yes,8441,1132,,2,3,0,,-0.192111837748622
8281,10796788,MustoriDinozavr,9862,9538,5498,1755,,6297,1175,,3,6,8,yes,-0.19212962653617455
8282,8130565,Adan,14630,8805,,1810,yes,4818,1214,,1,2,0,,-0.19249301006486566
8283,10001710,tinspoon,11016,9334,,1831,yes,8677,1127,,2,4,0,,-0.19264030113067804
8284,22516156,CocoDig,14084,8877,5127,1765,,,1249,yes,0,0,2,yes,-0.1926767996722743
8285,3793976,uee,15313,8717,,1807,yes,4303,1232,,7,21,0,,-0.19270273932819953
8286,5052238,Mukasaka,14753,8788,,1810,yes,4911,1212,,1,1,0,,-0.19283606435570572
8287,4339470,VicoTeen,18098,8391,,1793,yes,3535,1264,,8,24,0,,-0.1929647560349199
8288,37464098,varkuta,11083,9322,5831,1746,,,1276,yes,0,0,11,yes,-0.19317359196625514
8289,4507667,Swerro,23380,7896,,1771,yes,2868,1303,,39,177,0,,-0.19327140083373606
8290,20524617,KawaiiSniperBoy,13124,9007,,1818,yes,9835,1108,,1,1,0,,-0.19328432185539596
8291,13886826,ASaltyBunion,12138,9156,,1824,yes,9237,1118,,1,2,0,,-0.19339884394811152
8292,7360197,Yukitoh,11198,9303,5599,1752,,,1275,yes,0,0,18,yes,-0.19355068079963134
8293,12556700,Howaito,18005,8403,3044,1835,,,1222,yes,0,0,3,yes,-0.19374582357501907
8294,13358699,toyota,15196,8733,3043,1835,,9369,1115,,1,2,4,yes,-0.19387224037643128
8295,8299757,YTshanongaming,13093,9010,,1819,yes,5097,1206,,19,70,0,,-0.19399575574125277
8296,8549102,Padwith,11584,9239,5728,1749,,,1271,yes,0,0,9,yes,-0.1942118529894162
8297,11390612,Tokharya,13684,8927,,1815,yes,6125,1179,,1,2,0,,-0.19430072284963368
8298,19568517,silversnax,12361,9121,5499,1755,,,1264,yes,0,0,7,yes,-0.19430321386336838
8299,13047615,Ennosuke,13624,8935,,1816,yes,8017,1140,,1,1,0,,-0.19430377358571804
8300,4391431,Vonshlovens,14957,8763,,1809,yes,4482,1225,,2,3,0,,-0.19448454710628343
8301,33141911,IceTeeaTea,13296,8978,4157,1795,,5405,1197,,14,37,12,yes,-0.19452726629445444
8302,9730265,mallax_akbar,13211,8991,,1818,yes,9465,1113,,1,1,0,,-0.19459444716863064
8303,10286675,Tannhauser,11949,9183,7252,1715,,8171,1137,,1,1,1,yes,-0.19473579976988503
8304,6388387,Goombs,10815,9368,5140,1764,,8760,1126,,1,1,33,yes,-0.19488039941639362
8305,13618372,Vaiski,9733,9560,5976,1743,,5670,1190,,8,25,4,yes,-0.19493318200719784
8306,11404096,Lewakas on osu,10235,9471,,1837,yes,7528,1149,,4,12,0,,-0.1950217998971604
8307,15939997,Arson1st,10287,9460,3135,1831,,9335,1116,,3,10,2,yes,-0.19513305422980942
8308,14674001,yuqqy,13595,8938,5579,1753,,,1253,yes,0,0,2,yes,-0.19521309129866904
8309,7887319,Adronks,11725,9215,5414,1757,,,1270,yes,0,0,18,yes,-0.19521918044421696
8310,15789449,Yoanie,37802,7000,,1728,yes,1720,1396,,14,67,0,,-0.19533693951563663
8311,33614684,tastygrave7896,10829,9365,5551,1753,,,1279,yes,0,0,48,,-0.19546646229660808
8312,10627616,Dogacado,4636,10867,9608,1672,,9324,1116,,5,9,4,yes,-0.19551324601706305
8313,3256001,Zeptaxis,26438,7660,,1760,yes,2154,1352,,3,15,0,,-0.19575829856021362
8314,13156985,nekoflask,8463,9809,3787,1808,,9780,1109,,8,20,4,yes,-0.1957946045041934
8315,9660723,HoujuuNue,18303,8370,3150,1830,,5259,1202,,1,5,9,yes,-0.19599438695357524
8316,6642217,KingCS2,14782,8783,4232,1792,,5778,1188,,1,2,102,,-0.19662279905973035
8317,7109269,Zoont,10471,9426,,1835,yes,6517,1171,,17,60,0,,-0.19691311601885772
8318,19620816,kisyli4ka,15059,8750,4404,1786,,,1242,yes,0,0,34,,-0.1969958388343395
8319,14854209,Syuzureen,16818,8533,3478,1818,,5292,1201,,1,5,8,yes,-0.19713938217553434
8320,14402477,l Akemi l,7365,10055,,1858,yes,8878,1124,,28,87,0,,-0.19741071207420635
8321,21689695,Gr3nGmr21,7961,9918,8619,1690,,,1314,yes,0,0,7,yes,-0.19760666589444575
8322,13367816,Ghost-Tales,13261,8984,5234,1762,,,1256,yes,0,0,5,yes,-0.19760800588553493
8323,6830385,r3sp3ct,13690,8927,,1815,yes,5741,1189,,1,3,0,,-0.19767391982469903
8324,11839754,crashout,10832,9364,,1832,yes,6359,1174,,15,45,0,,-0.1977216004719053
8325,13904624,Sairens,18915,8307,3035,1835,,5821,1186,,2,7,18,yes,-0.19776808945690316
8326,9623691,FLEX420,16106,8614,3998,1801,,,1234,yes,0,0,4,yes,-0.19791088228716916
8327,28088244,Levi_,10602,9402,,1834,yes,8793,1125,,1,5,0,,-0.1981863443611122
8328,5159855,Harley Rizumu,7695,9979,7126,1717,,,1318,yes,0,0,29,yes,-0.19855039104333877
8329,31186974,matikora,18706,8330,3386,1821,,,1217,yes,0,0,8,yes,-0.19859460570669732
8330,11925843,hina choco,14648,8803,4575,1781,,,1245,yes,0,0,8,yes,-0.19863820707300642
8331,14371411,Avmeth,11674,9223,,1827,yes,8707,1127,,1,3,0,,-0.1986864380306705
8332,12060369,Argylian,59538,6134,,1681,yes,1044,1501,,10,50,0,,-0.1987653904342832
8333,12603043,LePako,8666,9766,7135,1717,,4306,1232,,1,1,13,yes,-0.1988312637109323
8334,13681885,miDDy,13383,8967,,1817,yes,6807,1164,,1,2,0,,-0.19894363522976433
8335,15655488,FFyto,11109,9317,,1831,yes,7466,1150,,2,7,0,,-0.1991100469258985
8336,7665175,koteyka20,14318,8848,,1812,yes,5410,1197,,1,2,0,,-0.19916898854403664
8337,4698952,Rayeku,10717,9385,,1833,yes,7271,1155,,3,11,0,,-0.19917542581507514
8338,10069015,Phirse,6011,10410,8964,1683,,3707,1256,,3,11,36,yes,-0.19931098122095214
8339,12973468,Absent Aim,16706,8545,3839,1806,,,1230,yes,0,0,5,yes,-0.19938380399464706
8340,9603326,PROMETHEAN KING,13253,8985,5577,1753,,,1256,yes,0,0,3,yes,-0.1994537363512319
8341,13406323,YodaRUST,14048,8881,,1813,yes,7081,1159,,1,1,0,,-0.19961820476009218
8342,9396365,-Reiko-,9327,9629,,1842,yes,9654,1110,,3,7,0,,-0.19966933927220887
8343,19949836,spUwUder,17002,8512,3521,1817,,,1228,yes,0,0,3,yes,-0.19993389280926907
8344,33762217,mama2,5955,10427,8485,1692,,3515,1265,,1,1,37,yes,-0.20023775674965447
8345,14386088,mizulon,11390,9272,,1829,yes,6010,1182,,21,61,0,,-0.2003011337892611
8346,3576684,Dupamin,19608,8239,4394,1787,,3283,1277,,4,21,3,yes,-0.20036078170997831
8347,14590106,Sakorii,8171,9870,,1851,yes,8418,1132,,17,46,0,,-0.20045975594517737
8348,7037000,Waaif,15554,8685,5547,1754,,4073,1241,,12,41,1,yes,-0.2005084049367792
8349,30648688,GamerKidYT,15909,8638,4210,1793,,,1236,yes,0,0,12,yes,-0.2007138337591432
8350,19532328,TopYopNop,14096,8876,5986,1743,,,1249,yes,0,0,1,yes,-0.201055361329318
8351,11357993,e0nik,15620,8676,4273,1791,,,1238,yes,0,0,7,yes,-0.20120135202952688
8352,10710046,Kosetsu,9143,9665,,1844,yes,7749,1145,,12,33,0,,-0.20123228549032685
8353,1770700,Reimu-,10963,9340,,1832,yes,6164,1178,,43,124,0,,-0.2013120186541782
8354,15898862,PIE230,12579,9085,,1822,yes,6009,1182,,3,8,0,,-0.20139172614062617
8355,9137267,Shiiraki,10559,9410,7463,1711,,,1282,yes,0,0,4,yes,-0.2017178709632757
8356,14989357,omisisdr1m,10545,9413,7065,1719,,,1282,yes,0,0,5,yes,-0.2019171041529053
8357,15855565,rhez,20139,8184,3464,1818,,,1209,yes,0,0,44,,-0.20193872776233218
8358,27002074,Replyer,15752,8659,4269,1791,,,1237,yes,0,0,13,yes,-0.20208212415138732
8359,12624814,chit,14198,8863,5856,1746,,,1248,yes,0,0,1,yes,-0.2020888504653787
8360,12225738,Diancie,13423,8960,5090,1766,,,1255,yes,0,0,7,yes,-0.20239426812729078
8361,7426260,xenonius,22030,8017,2630,1853,,4624,1221,,58,234,8,yes,-0.20318100923216909
8362,13256248,mar4,11103,9318,8951,1684,,,1276,yes,0,0,2,yes,-0.2031830012553509
8363,15434024,Errxr,9240,9647,6000,1742,,7328,1154,,1,1,27,yes,-0.20346519694986145
8364,10484123,Brodi,12645,9074,,1821,yes,8463,1131,,1,2,0,,-0.20347127902670292
8365,13040237,Meeeme,12809,9050,5110,1765,,,1260,yes,0,0,18,yes,-0.203697964475934
8366,12763134,timing,12958,9029,,1819,yes,7833,1143,,1,2,0,,-0.20371756331802396
8367,7511264,JivZ,12184,9148,5455,1756,,,1266,yes,0,0,12,yes,-0.20371947641731242
8368,9014375,fucj,16554,8560,4799,1774,,3729,1255,,7,27,7,yes,-0.2042885557197275
8369,17861019,rireba,15080,8747,4481,1784,,,1242,yes,0,0,11,yes,-0.20436827830899718
8370,12356252,zeppydotmoe,9554,9591,,1841,yes,7755,1145,,8,22,0,,-0.2044591022479692
8371,15615957,Haruka Amami,15003,8757,4520,1783,,,1242,yes,0,0,9,yes,-0.20477492234165717
8372,1366863,Racy,13715,8924,,1815,yes,5511,1194,,2,5,0,,-0.20563683016231915
8373,25233409,Moo_God,21517,8063,2954,1838,,,1202,yes,0,0,10,yes,-0.20571045223106685
8374,2276847,Amane-,16452,8573,,1801,yes,3656,1259,,1,3,0,,-0.20592636210856063
8375,14868762,Fooz,7989,9913,7174,1716,,,1313,yes,0,0,23,yes,-0.20592690505568126
8376,8806665,Jinji115,13756,8918,,1815,yes,5331,1200,,3,7,0,,-0.20610159749540685
8377,11539639,_Octavio,11630,9232,6158,1739,,,1271,yes,0,0,6,yes,-0.20612839103868702
8378,33688329,Phuchung1234,12477,9103,5216,1762,,,1263,yes,0,0,22,yes,-0.20619007566424513
8379,5233686,Tiny Hippo,15964,8633,,1803,yes,4231,1235,,7,19,0,,-0.206233982537565
8380,10716391,alfie_yo,14564,8812,3312,1824,,6251,1176,,20,66,9,yes,-0.20625469152330655
8381,11506206,ImTK,18849,8314,3213,1828,,,1216,yes,0,0,5,yes,-0.20630454753265368
8382,7334711,AngelXC,23786,7861,2456,1862,,5969,1183,,20,64,71,,-0.20647922270424213
8383,9155310,SVEI,11228,9297,5875,1745,,,1275,yes,0,0,12,yes,-0.20660131693334507
8384,8769136,Takamin,14263,8854,6791,1725,,4283,1233,,7,14,1,yes,-0.2068639706871512
8385,10743155,ManuPP,8781,9740,8351,1695,,,1303,yes,0,0,6,yes,-0.2069185411936521
8386,32133592,kirill2007,15011,8756,4512,1783,,,1242,yes,0,0,22,yes,-0.20699004405195326
8387,18903590,Yukipo15,24477,7806,2467,1862,,,1184,yes,0,0,9,yes,-0.20703885428011687
8388,12117255,PERMANENTIZ,13385,8967,,1817,yes,9772,1109,,1,1,0,,-0.20708057875959862
8389,8397914,sooky,12686,9068,,1821,yes,6811,1164,,1,4,0,,-0.20725360386361874
8390,23900335,yochik,7704,9976,8187,1698,,,1318,yes,0,0,11,yes,-0.20733622439154062
8391,12164423,Pandas4Lyfe,16546,8561,4134,1796,,,1231,yes,0,0,15,yes,-0.2078338714632966
8392,14666725,Sirek,12286,9131,6090,1741,,5181,1204,,39,89,1,yes,-0.2078663526479908
8393,6904819,c-atsuit,16133,8610,4213,1793,,,1234,yes,0,0,12,yes,-0.20799468210896732
8394,19137913,pOtAtOe_jOoStIN,8142,9877,7422,1711,,,1311,yes,0,0,15,yes,-0.20802798217039878
8395,8319501,The Spectre,6743,10214,8276,1696,,,1333,yes,0,0,19,yes,-0.2081600763854296
8396,11301506,Otti123,13900,8900,,1814,yes,6331,1175,,1,2,0,,-0.20862973313640196
8397,14920567,Baden,12111,9161,6731,1726,,,1266,yes,0,0,3,yes,-0.2087158536138561
8398,6627436,FuryDream,14964,8762,,1809,yes,4879,1213,,1,2,0,,-0.20886615901345906
8399,2563435,Captain,13907,8899,,1814,yes,5427,1196,,1,5,0,,-0.2089791562551487
8400,13611729,xxx7628797,11027,9332,,1831,yes,8535,1130,,2,5,0,,-0.20904087873710522
8401,8453742,OG_Dwarf,13626,8935,,1816,yes,5211,1203,,6,17,0,,-0.20908237609562805
8402,13195513,FerchoGm,15366,8710,4433,1786,,,1240,yes,0,0,2,yes,-0.20915692835997876
8403,21209893,Markiplier,33361,7231,2010,1887,,,1140,yes,0,0,22,yes,-0.20935428192359468
8404,14505253,Czosnus,7998,9909,6470,1731,,9231,1118,,1,1,28,yes,-0.20936633430526866
8405,8925010,_Nino_,10933,9344,6010,1742,,,1278,yes,0,0,13,yes,-0.20945702763175292
8406,10447058,dakiwii,31567,7334,,1745,yes,2044,1363,,10,37,0,,-0.20956458873019196
8407,18052804,Mr Folk,14219,8859,6088,1741,,,1248,yes,0,0,1,yes,-0.20960517014621935
8408,14988934,doram,10313,9454,5955,1743,,,1285,yes,0,0,32,yes,-0.20970623375267394
8409,29109558,Tronsi,33493,7224,2199,1877,,,1139,yes,0,0,49,yes,-0.20975015859936819
8410,11120533,shiroeneko,20919,8115,,1781,yes,3188,1283,,7,34,0,,-0.20976262303179372
8411,5850815,EziPL,11169,9309,6497,1731,,,1276,yes,0,0,6,yes,-0.2098093757054427
8412,19132590,tjukas,20129,8185,3013,1836,,,1209,yes,0,0,6,yes,-0.21002040756018803
8413,10948739,Dragonfire0512,42373,6781,,1717,yes,1603,1408,,23,128,0,,-0.21015510757295475
8414,14112217,tsubeka,18339,8367,3239,1827,,9796,1108,,1,1,13,yes,-0.2101860526613058
8415,12630754,PL4Y3R-,15358,8711,4450,1785,,,1240,yes,0,0,9,yes,-0.21036518454208292
8416,8414910,Keygen_,14867,8774,,1809,yes,5451,1196,,1,1,0,,-0.21057707124806493
8417,36227144,Agoostin,11600,9237,6238,1737,,,1271,yes,0,0,6,yes,-0.2107813212620347
8418,13145837,kaedori,127562,4668,1289,1942,,1354,1444,,10,40,280,,-0.21079154402598294
8419,1097352,Multtari,12491,9098,,1822,yes,6057,1181,,3,11,0,,-0.21087283380846691
8420,18876243,fatal,9059,9681,9198,1679,,,1299,yes,0,0,4,yes,-0.21105033661117245
8421,16166643,bir,19770,8222,3574,1815,,,1211,yes,0,0,28,,-0.21139212354474413
8422,5388645,Auggy,14195,8863,,1813,yes,7387,1152,,1,1,0,,-0.21139843341375453
8423,14271536,DSB,7565,10011,7215,1715,,,1320,yes,0,0,40,yes,-0.2114237375785212
8424,11471328,obeebok,14832,8778,4561,1781,,,1244,yes,0,0,65,yes,-0.2115553874150337
8425,24868477,xycian,13537,8945,5395,1758,,,1254,yes,0,0,4,yes,-0.21166175739662282
8426,8467741,Copri,24089,7836,,1768,yes,2808,1306,,15,58,0,,-0.211717355005263
8427,16130993,Ireland,9397,9617,9911,1667,,,1295,yes,0,0,3,yes,-0.21188011509985358
8428,18366689,0cantaim,7295,10071,9963,1666,,,1324,yes,0,0,6,yes,-0.2121089526552863
8429,2259090,My Waifu Rem,28630,7513,,1753,yes,2231,1345,,9,31,0,,-0.21231609222449369
8430,10077264,nik,12720,9064,5733,1749,,,1261,yes,0,0,5,yes,-0.21234882247780956
8431,3064025,TheMatsku,13638,8934,,1816,yes,6909,1162,,1,2,0,,-0.2123533009732808
8432,5334278,Retoree,11026,9332,2956,1838,,8829,1125,,48,185,7,yes,-0.21246704464845534
8433,10652591,FUNKYFUMOFRIDAY,23819,7859,2227,1876,,,1188,yes,0,0,5,yes,-0.21249889733502003
8434,34274601,KroZ,10943,9343,6148,1739,,,1278,yes,0,0,11,yes,-0.2125917923697122
8435,2199638,iWhorse,13391,8966,,1817,yes,6539,1170,,1,3,0,,-0.2127478213308059
8436,16833395,[SHK]qazoop,12575,9086,6383,1734,,,1262,yes,0,0,3,yes,-0.21280430354001414
8437,8747500,1 cigarette,13656,8931,2953,1838,,8907,1124,,6,16,12,yes,-0.21281352523375488
8438,13981456,Fallen_HK,11369,9278,,1829,yes,6116,1179,,54,182,0,,-0.21286390613714237
8439,1590138,Subbie,18423,8359,,1792,yes,1706,1397,,1,1,0,,-0.21286501863461257
8440,12573046,Khabib,13536,8945,,1816,yes,9595,1111,,1,1,0,,-0.21301222876606546
8441,19491304,justicedude,11550,9244,5681,1750,,,1272,yes,0,0,17,yes,-0.21322920149216862
8442,30154769,kooperr,9054,9683,7195,1716,,8459,1131,,1,2,4,yes,-0.213475612370785
8443,12112953,Polyr3x,9183,9658,8511,1692,,,1298,yes,0,0,5,yes,-0.21351519220856008
8444,14226960,ToasterCoaster7,14029,8884,,1814,yes,8057,1139,,1,1,0,,-0.21380453236785038
8445,18604372,Loopyng,110836,4960,,1604,yes,605,1655,,10,55,0,,-0.21397160815342509
8446,2145505,Nieudacznik,13788,8914,6988,1721,,,1252,yes,0,0,1,yes,-0.21408617570372812
8447,4552977,NESQIK,25712,7712,2751,1847,,,1177,yes,0,0,31,yes,-0.21424770357546233
8448,12198626,vamrulla,18494,8351,3550,1816,,,1219,yes,0,0,7,yes,-0.21440559306073115
8449,7882154,_Alex,15457,8697,,1806,yes,4469,1226,,2,4,0,,-0.21442172725551822
8450,30886221,kioqlz,14275,8852,4826,1773,,,1248,yes,0,0,10,yes,-0.21461180096835636
8451,8674027,amogus,18035,8399,,1793,yes,3649,1259,,5,13,0,,-0.21464854962460997
8452,15814060,woahdudehardmap,20965,8111,3350,1822,,,1204,yes,0,0,25,yes,-0.21467170611373543
8453,11004670,AkayaNoSkill,16401,8578,,1801,yes,4080,1241,,3,8,0,,-0.2149638364259116
8454,4625954,xDarxen,11895,9190,,1826,yes,6675,1167,,5,10,0,,-0.21506395828560562
8455,5190920,-Sinq-,14389,8837,,1812,yes,5305,1200,,2,4,0,,-0.21518334849478216
8456,17142856,Ayano Tateyama,9872,9536,5286,1761,,6494,1171,,25,87,3,yes,-0.21528761053808862
8457,4180036,revurii,16879,8525,,1799,yes,3331,1275,,2,2,0,,-0.215623839812258
8458,12297980,MasterIO02,20522,8148,3496,1817,,,1207,yes,0,0,41,yes,-0.21581510856573383
8459,20233547,Naw Nvm,20475,8152,3433,1819,,,1207,yes,0,0,25,yes,-0.21592647531385595
8460,12654568,Stoppedpuma,19115,8286,2885,1842,,,1215,yes,0,0,3,yes,-0.21617465072805836
8461,14687667,MoonCubed,13618,8936,,1816,yes,9579,1112,,1,1,0,,-0.2163000543821404
8462,9810515,Hachikuji Mayoi,14090,8877,3851,1805,,9414,1114,,2,3,23,yes,-0.2164517298195454
8463,10109279,jakes,10899,9351,,1832,yes,7919,1142,,3,8,0,,-0.2165000193358423
8464,5684621,andresrod,14937,8766,,1809,yes,5596,1192,,1,1,0,,-0.21653358491411231
8465,12245298,Sasii,7846,9945,8239,1697,,4820,1214,,3,7,9,yes,-0.216898531606294
8466,24295470,rllyding,13088,9011,6031,1742,,,1258,yes,0,0,3,yes,-0.21708794286863037
8467,10638863,- dark,10443,9430,7888,1703,,,1283,yes,0,0,4,yes,-0.21740697472799875
8468,6469536,Une Banane,16103,8614,,1802,yes,4055,1242,,1,3,0,,-0.21745047719978955
8469,13097881,LimeTwist,16836,8530,4176,1794,,,1229,yes,0,0,32,yes,-0.21752129923653535
8470,14488534,Mekanikal,14880,8771,4624,1779,,,1243,yes,0,0,16,yes,-0.21762257883924413
8471,7781304,AitorAmu,16650,8550,,1800,yes,4207,1236,,33,120,0,,-0.21764877270946678
8472,26210405,Jibril is Hot,7821,9950,8117,1699,,,1316,yes,0,0,12,yes,-0.2177527343840768
8473,7274550,henpai472,10321,9452,,1836,yes,9872,1107,,2,5,0,,-0.21777915042651452
8474,4020973,Mistrzux,14821,8780,,1809,yes,4767,1217,,12,48,0,,-0.21791377798289724
8475,15676991,HeX404,25120,7756,2713,1849,,,1180,yes,0,0,18,yes,-0.21804549692670847
8476,12660895,Pivix,7003,10147,9295,1677,,,1328,yes,0,0,9,yes,-0.21807007694185662
8477,5415236,NotuTya,13181,8996,,1818,yes,7008,1160,,1,3,0,,-0.2184774396686684
8478,26644719,Cleandude,9559,9591,6260,1736,,,1293,yes,0,0,52,yes,-0.21851247378821478
8479,4559180,JoduFurz,11912,9188,5798,1747,,,1268,yes,0,0,10,yes,-0.2185734014857483
8480,10672609,dpple1976,11079,9322,6189,1738,,4658,1220,,2,10,9,,-0.21884475457349054
8481,9932152,KadzO0i,10892,9352,,1832,yes,9025,1121,,2,5,0,,-0.21885912115839906
8482,36849069,hitclap,13882,8902,5007,1768,,,1251,yes,0,0,10,,-0.21893492081924815
8483,7307025,rekne,13797,8913,,1815,yes,9184,1119,,1,1,0,,-0.21905561693321807
8484,16201107,hivno,11753,9210,,1826,yes,6446,1172,,6,18,0,,-0.21908889069567378
8485,6129269,Nehi,14673,8799,,1810,yes,5533,1194,,2,2,0,,-0.21946420361985383
8486,11527341,MySliderClank,14267,8853,5240,1762,,,1248,yes,0,0,3,yes,-0.21948348934469813
8487,16931813,Sni7pe,11445,9261,8900,1685,,,1273,yes,0,0,2,yes,-0.2195392533011436
8488,12326498,Ouro-Kronii,13013,9023,,1819,yes,7305,1154,,1,3,0,,-0.21954471515287635
8489,11716902,yqleong,10276,9461,8996,1683,,,1285,yes,0,0,3,yes,-0.21972610764641254
8490,17216484,SoundCloud,11360,9279,5589,1752,,,1274,yes,0,0,57,yes,-0.219982734080654
8491,11003085,emptypudding,10434,9430,,1835,yes,6950,1161,,16,58,0,,-0.21998320591404713
8492,10286650,L e n,3887,11203,8433,1693,,9587,1111,,3,4,44,yes,-0.22018602305752963
8493,7132005,ditto lapras,11484,9255,,1828,yes,8855,1124,,3,4,0,,-0.22030567969398746
8494,8305600,_ms,16766,8539,4082,1798,,,1230,yes,0,0,6,yes,-0.22056569686861835
8495,7431143,kezo,7793,9958,,1855,yes,9926,1106,,6,22,0,,-0.22062797037769363
8496,11801822,Amabsu,13833,8909,,1815,yes,5543,1194,,3,7,0,,-0.22067785013955019
8497,8980839,azumi,14490,8822,,1811,yes,5142,1205,,1,7,0,,-0.22094077295579548
8498,9057237,Parato,23882,7852,2414,1864,,7264,1155,,3,9,50,yes,-0.22103688219789078
8499,5447229,jaybyabut,12178,9148,5297,1760,,,1266,yes,0,0,175,,-0.2210440279690459
8500,25142025,Stren,9304,9634,8411,1694,,7257,1155,,1,2,3,yes,-0.2210966727487228
8501,6541630,[ Dari ],12493,9098,7900,1703,,4377,1229,,4,10,2,yes,-0.22116513682487626
8502,26093361,iz6,13603,8938,5148,1764,,,1253,yes,0,0,9,yes,-0.2211987293833067
8503,18015468,georgewig,9582,9585,9909,1667,,,1293,yes,0,0,3,yes,-0.22122430022402556
8504,17233837,Sora Niimi,6664,10232,8704,1688,,,1334,yes,0,0,16,yes,-0.22122597042146747
8505,14370554,Eyesights,27585,7581,2189,1878,,,1167,yes,0,0,9,yes,-0.22126225627623106
8506,4852090,Thebigbehemoth,11053,9326,9566,1673,,,1277,yes,0,0,2,yes,-0.22162691680067123
8507,37658461,dariacore,12875,9041,5764,1748,,,1260,yes,0,0,5,yes,-0.2216680404381851
8508,5795337,TheShadowOfDark,24900,7772,,1766,yes,2632,1318,,7,24,0,,-0.22179680499802773
8509,6576972,Bae-,16958,8516,,1798,yes,3982,1245,,2,9,0,,-0.22191470909805291
8510,19295857,jrpxto,10691,9389,,1833,yes,8920,1123,,2,6,0,,-0.2221017438978468
8511,4420014,Elcheer,15759,8658,,1804,yes,4473,1226,,22,75,0,,-0.2223591270860905
8512,16323346,Pad Tie,8217,9861,6794,1724,,,1310,yes,0,0,96,yes,-0.2223669904906216
8513,17465623,yandax,18843,8315,3767,1808,,,1217,yes,0,0,19,yes,-0.222370854357742
8514,9432021,TmanGamer,12503,9096,,1822,yes,8193,1137,,1,3,0,,-0.2225126750222155
8515,2314115,Chippy,17106,8500,,1798,yes,3553,1263,,1,3,0,,-0.22262756634369427
8516,8682057,Sakura Airi,12443,9107,,1822,yes,6052,1181,,5,19,0,,-0.22265141402174368
8517,33883684,skazy,8423,9818,7818,1704,,,1307,yes,0,0,11,,-0.2226550396004014
8518,9489702,TypoFanGirl,12671,9070,,1821,yes,7916,1142,,1,3,0,,-0.22271298888281144
8519,18595366,HonokaKousakaTV,13309,8977,5081,1766,,,1256,yes,0,0,28,yes,-0.2228799063870127
8520,5281860,Nai,15279,8721,4568,1781,,,1240,yes,0,0,20,yes,-0.22305359230477895
8521,14964749,raifiu,10909,9349,4583,1781,,6977,1161,,9,23,1,yes,-0.2231835172520877
8522,12231334,Haruhime,13912,8898,7116,1718,,,1251,yes,0,0,1,yes,-0.22341419184016362
8523,11962776,Synergy_96,17242,8486,4023,1800,,,1227,yes,0,0,8,yes,-0.22343834339696603
8524,10397571,Scarlet Remilia,12113,9161,,1825,yes,8940,1123,,1,3,0,,-0.22345370311931698
8525,4199136,Hinshi Raito,12218,9142,7902,1703,,,1265,yes,0,0,2,yes,-0.22350633969962164
8526,14228057,Marullo,11575,9240,5963,1743,,,1272,yes,0,0,11,yes,-0.2236436899544826
8527,14366893,DerpyX_X,14743,8789,2984,1837,,7784,1144,,7,24,10,yes,-0.22384210894309334
8528,5811347,Dentise,13942,8895,5002,1768,,,1251,yes,0,0,12,yes,-0.22389302755898277
8529,16030610,zejsember-sama,8349,9834,8052,1700,,,1308,yes,0,0,10,yes,-0.2241118381009421
8530,11293699,Merami Hare,13622,8936,5115,1765,,,1253,yes,0,0,12,yes,-0.2243338867864086
8531,12759577,_Slowy_,14020,8885,,1814,yes,8807,1125,,1,1,0,,-0.22438703134272975
8532,20977823,Koboss2x,7647,9991,7638,1707,,,1318,yes,0,0,23,yes,-0.2244087106853736
8533,18592783,fierypollollo,8128,9879,9837,1668,,,1312,yes,0,0,5,yes,-0.22453475275277957
8534,14538909,Cliffe,11720,9215,8642,1690,,,1270,yes,0,0,2,yes,-0.22463584390775068
8535,2167082,brute,12383,9117,,1823,yes,7740,1145,,1,4,0,,-0.22465726629609525
8536,14055492,Dejwid999,18623,8337,3134,1831,,,1218,yes,0,0,3,yes,-0.22485508034408466
8537,14856887,Blixx,11406,9269,,1829,yes,7813,1144,,3,7,0,,-0.22493361059190428
8538,11465676,atokymat,12908,9037,5213,1762,,,1259,yes,0,0,28,yes,-0.22495628813313207
8539,11310782,rom btw,9592,9583,7048,1719,,,1293,yes,0,0,11,yes,-0.2250028636064982
8540,8063872,Sobe,15250,8725,4699,1777,,,1240,yes,0,0,3,yes,-0.22505979633820072
8541,10860518,bubs,12198,9145,,1824,yes,8011,1140,,1,4,0,,-0.2251296993772398
8542,11579982,Zait,13126,9007,,1818,yes,7335,1153,,2,3,0,,-0.22520295228857976
8543,10066534,anxs,11017,9334,,1831,yes,6993,1160,,8,23,0,,-0.22553145558044685
8544,5427230,Shiraori,12448,9106,5058,1767,,7376,1152,,2,2,6,yes,-0.22575262325452716
8545,14831389,fernspee,10114,9491,,1837,yes,9857,1107,,2,6,0,,-0.22581904334732167
8546,13720035,Gygs,9952,9523,5372,1759,,7970,1141,,5,13,1,yes,-0.22588410945234633
8547,18125082,Knorke75,25548,7724,2969,1837,,,1178,yes,0,0,123,,-0.2259272478624037
8548,16304580,shrddr,41537,6818,1497,1924,,,1109,yes,0,0,16,yes,-0.22602802230883162
8549,4183988,Zxcy,10581,9406,,1834,yes,8010,1140,,3,11,0,,-0.22604942107628523
8550,13398045,GarciXD,19305,8266,3693,1811,,,1214,yes,0,0,17,yes,-0.22606576796346717
8551,26239177,isac_l,7968,9917,9485,1674,,,1314,yes,0,0,6,yes,-0.22611668167162566
8552,2174403,Just_A_M0nk,19797,8219,,1786,yes,3034,1292,,2,6,0,,-0.2262410980056811
8553,5980661,Renamon,6941,10161,8494,1692,,,1329,yes,0,0,17,yes,-0.22627158834287284
8554,9610588,kinda sus dude,10233,9471,6565,1729,,,1285,yes,0,0,13,yes,-0.2262810793379498
8555,4938344,Fake Neeko,6139,10379,9702,1670,,,1343,yes,0,0,12,yes,-0.2262838207948506
8556,3942633,bahoopla,19481,8250,,1787,yes,3603,1261,,11,53,0,,-0.22636268096227516
8557,14582854,ilovemumei,12523,9094,,1822,yes,8295,1135,,1,3,0,,-0.22649704499026313
8558,8014622,ElMick26,14998,8758,,1808,yes,4813,1214,,10,24,0,,-0.22649874696870193
8559,14431596,stimex,11288,9287,,1829,yes,8277,1135,,1,6,0,,-0.2267211734055106
8560,29409169,Ratlovecheese,4516,10916,9632,1671,,,1378,yes,0,0,53,yes,-0.22673030396012817
8561,11155994,MEGAHELLO,8884,9719,6464,1731,,,1301,yes,0,0,186,yes,-0.22674151672798584
8562,4839300,Mancis,14953,8763,3664,1812,,7511,1150,,3,7,17,yes,-0.2267478819285851
8563,7713152,JokThree,20856,8120,2797,1845,,5531,1194,,107,448,16,yes,-0.22686870051760843
8564,6902328,Izzie,15848,8645,,1804,yes,4340,1231,,1,2,0,,-0.22693700894281277
8565,11280215,faste,12176,9149,8084,1700,,,1266,yes,0,0,2,yes,-0.2270535656165492
8566,15841832,Caleb Williams,10196,9478,,1837,yes,9329,1116,,3,7,0,,-0.22706036789045497
8567,12675707,RyanTux,9700,9565,6561,1729,,,1292,yes,0,0,21,yes,-0.2272004682748957
8568,13488753,-choumei,13572,8941,,1816,yes,6738,1166,,2,3,0,,-0.22721243718366455
8569,23123025,kaniki,13006,9024,5385,1758,,,1258,yes,0,0,12,yes,-0.22721528076162018
8570,9921688,den4ik_ytpro,8911,9712,6472,1731,,7533,1149,,1,1,23,yes,-0.2274031669648076
8571,10307622,BakmaUtaniyorum,8372,9828,6095,1740,,6992,1160,,1,3,106,yes,-0.22745081756223695
8572,16838191,lenasailer,10105,9493,7243,1715,,6885,1163,,1,1,5,yes,-0.22762420863035276
8573,14103871,misaki233,13255,8985,6077,1741,,,1256,yes,0,0,3,yes,-0.22769755346175197
8574,9076009,0ooproo0,18217,8380,3887,1804,,,1220,yes,0,0,13,yes,-0.22800081823948937
8575,13339390,4zora,11174,9308,6145,1739,,,1276,yes,0,0,13,yes,-0.22881583679247244
8576,12578706,yutos,15332,8714,4774,1775,,,1240,yes,0,0,2,yes,-0.22904110577784345
8577,9538536,udon337,11344,9282,,1829,yes,7788,1144,,5,8,0,,-0.22907839024404927
8578,24482558,Moneycase,6432,10295,7043,1719,,7585,1148,,2,8,15,yes,-0.22919275458566832
8579,20257813,T_Mythical,24189,7828,3001,1836,,,1185,yes,0,0,29,yes,-0.22928659254874517
8580,15956248,moosemonkeyryan,11803,9203,,1826,yes,9669,1110,,1,3,0,,-0.22937549169027432
8581,20283950,stellanova,15032,8753,5438,1757,,,1242,yes,0,0,1,yes,-0.22952215100441953
8582,8942234,my angel faker,14231,8857,,1812,yes,5516,1194,,3,6,0,,-0.22969777324915164
8583,9499290,Stickmano,16280,8592,,1802,yes,4370,1229,,7,21,0,,-0.2299053413537052
8584,11266889,declained1,23927,7848,5027,1768,,2836,1304,,15,62,2,yes,-0.23006729114812768
8585,5731507,Woody11,16955,8516,,1798,yes,3866,1250,,1,4,0,,-0.23021472363565998
8586,15902214,Ravel,19390,8258,3820,1806,,,1213,yes,0,0,57,yes,-0.23034344774036697
8587,16302470,soria,15393,8707,,1806,yes,4789,1215,,1,5,0,,-0.23036998532658037
8588,17897182,0rbit,14425,8833,6462,1732,,,1247,yes,0,0,1,yes,-0.23057587350142916
8589,11518421,gogoiop,13990,8889,,1814,yes,7033,1160,,1,2,0,,-0.23067808240103072
8590,17208181,-Razz,13625,8935,,1816,yes,7674,1147,,1,2,0,,-0.23098225928680843
8591,17896085,RiceballUwU,9331,9628,3861,1805,,9043,1121,,20,65,6,yes,-0.23110969282003507
8592,23134307,Diego6716,12424,9111,5446,1756,,,1264,yes,0,0,27,yes,-0.23114660528641695
8593,15424091,Skyscrapr,11056,9326,9858,1668,,,1277,yes,0,0,2,yes,-0.23128014873297736
8594,13127358,MasterLeyton,16307,8589,4356,1788,,,1233,yes,0,0,12,yes,-0.23128565072855461
8595,31774440,Askalon578,11925,9187,7342,1713,,,1268,yes,0,0,3,yes,-0.23141525339370556
8596,12017880,NekoShabeta,35288,7127,,1734,yes,2016,1366,,21,90,0,,-0.23176066060340317
8597,7592129,-Purple,13813,8911,,1815,yes,7369,1153,,1,2,0,,-0.23181497896614264
8598,10402984,sinky,10959,9341,7672,1707,,,1278,yes,0,0,4,yes,-0.23182181145353165
8599,15690343,Nmpi,19744,8225,3510,1817,,,1211,yes,0,0,10,yes,-0.2321139009032498
8600,6127070,Rustyard,16985,8514,4209,1793,,,1228,yes,0,0,13,yes,-0.2322588435122493
8601,2199609,Afternoon,15383,8708,,1806,yes,4797,1215,,2,7,0,,-0.2322770594268098
8602,15204377,MARVINFRAGZ77,20404,8158,3600,1814,,,1208,yes,0,0,27,yes,-0.23235128571682473
8603,4887929,My Angel Ranko,15536,8688,,1806,yes,5011,1209,,1,1,0,,-0.2324756101276644
8604,1026006,Uru Feneshisu,12121,9160,,1825,yes,8365,1133,,1,4,0,,-0.23249542538502088
8605,17638188,chewycx,13010,9023,,1819,yes,6814,1164,,2,5,0,,-0.2325180340394916
8606,11089621,Berka,17795,8424,3862,1805,,,1223,yes,0,0,6,yes,-0.23286676776106913
8607,19791176,AJasonT,9112,9671,5751,1748,,8318,1134,,1,3,24,yes,-0.23293135323347441
8608,4929497,Lunai,9154,9663,,1844,yes,8168,1137,,13,52,0,,-0.23307475398064656
8609,7485695,tekea,15594,8680,,1805,yes,4707,1218,,2,6,0,,-0.2332480179495659
8610,15532094,fatalex,10603,9402,6360,1734,,,1281,yes,0,0,16,yes,-0.23407742707249546
8611,17028924,Danyok19,9994,9516,8202,1698,,,1288,yes,0,0,5,yes,-0.23411088091747978
8612,6864656,JDS20,15830,8648,4491,1784,,,1236,yes,0,0,2,yes,-0.2343113726064341
8613,15069567,Asurayu,6700,10225,9647,1671,,,1333,yes,0,0,10,yes,-0.23433697266248896
8614,32808426,fuyohana,13476,8952,8480,1693,,,1254,yes,0,0,1,yes,-0.2343634524051551
8615,9892924,Wnksby,13871,8903,,1814,yes,5587,1193,,5,11,0,,-0.23443579691680327
8616,7057787,chiliawa52,13325,8975,5844,1746,,,1256,yes,0,0,4,yes,-0.2345964407277743
8617,11682403,cfe,11409,9269,,1829,yes,9471,1113,,2,4,0,,-0.2346881410145852
8618,5385017,squarercube,14914,8768,,1809,yes,5690,1190,,1,2,0,,-0.2347916927753449
8619,10180267,ImaHax3r,8705,9757,7424,1711,,,1304,yes,0,0,15,yes,-0.23483115038397726
8620,10212581,Xicyte,18443,8357,3996,1801,,4345,1231,,64,206,5,yes,-0.23527516633397788
8621,9537557,-Inferno-,12722,9064,3259,1827,,9337,1116,,3,5,2,yes,-0.23536552476815656
8622,15695117,meowkitya,8745,9748,7089,1718,,,1303,yes,0,0,24,yes,-0.23542371977612067
8623,28446579,Lotus7,11244,9294,9665,1671,,,1275,yes,0,0,2,yes,-0.235712191287184
8624,22840552,lala3131331,11413,9268,6969,1721,,,1273,yes,0,0,5,yes,-0.23577897861085612
8625,11913663,Carbine64,11670,9223,6534,1730,,,1271,yes,0,0,6,yes,-0.2357865658515126
8626,13954853,player1noob,15306,8718,,1807,yes,5660,1190,,1,1,0,,-0.2358291725457158
8627,3436625,Nyartin,14598,8808,6339,1735,,,1245,yes,0,0,1,yes,-0.23588168519812824
8628,11866532,Jalael,13988,8889,3183,1829,,8870,1124,,3,9,7,yes,-0.23604024013583585
8629,19418309,Vernwerg,11502,9251,9258,1678,,,1272,yes,0,0,2,yes,-0.2360623592084045
8630,13114589,skeow,19417,8256,4718,1776,,3473,1267,,8,29,15,yes,-0.23620675884508763
8631,14819917,Requiemm,13008,9023,,1819,yes,6922,1162,,2,5,0,,-0.2364204958311339
8632,10410165,tin,5004,10735,8941,1684,,8480,1131,,7,24,5,yes,-0.23642859422127713
8633,9908527,Conflict,14994,8758,4874,1772,,,1242,yes,0,0,6,yes,-0.2364600119849838
8634,18638219,Natezera,11311,9285,6417,1733,,,1274,yes,0,0,9,yes,-0.23651625308261673
8635,19788726,D4ne_X,12833,9046,5647,1751,,,1260,yes,0,0,9,yes,-0.23671153035992076
8636,7388062,iRumble,24246,7823,,1768,yes,2673,1315,,4,15,0,,-0.2367250363876883
8637,5291448,FreedomDive123,6157,10372,8432,1693,,,1343,yes,0,0,50,,-0.23688268996102124
8638,10318021,4rou,20554,8145,3437,1819,,,1207,yes,0,0,13,yes,-0.23717027879284958
8639,6867974,Banh Mi Monster,8634,9775,9552,1673,,,1305,yes,0,0,5,yes,-0.23722201393251496
8640,36010802,Blinoeb,11142,9312,6182,1738,,,1276,yes,0,0,15,yes,-0.23740754286104498
8641,10238090,fejgok,13239,8987,,1818,yes,6996,1160,,2,4,0,,-0.23740869396937786
8642,14467998,Acer,13524,8946,,1816,yes,5442,1196,,47,151,0,,-0.23743985906200082
8643,15286829,Dawuski,10919,9347,,1832,yes,9566,1112,,2,5,0,,-0.23775726567044905
8644,8909292,electimon,11941,9185,,1826,yes,6974,1161,,4,12,0,,-0.23780763600613014
8645,9100285,marcel727,10182,9480,,1837,yes,8702,1127,,6,11,0,,-0.23786546788803897
8646,8448098,[ O Y O] baa,21806,8038,,1778,yes,3352,1274,,45,125,0,,-0.2378694723234205
8647,14744835,szwedowskii,8752,9747,8127,1699,,,1303,yes,0,0,9,yes,-0.23789348387935202
8648,11555759,Chichobi,15944,8634,,1803,yes,4603,1222,,16,57,0,,-0.2380807862852781
8649,3970174,Shiku,16753,8539,,1799,yes,3344,1274,,1,1,0,,-0.2384204754874225
8650,17158552,Zureii,26376,7664,2101,1882,,6500,1171,,5,19,18,yes,-0.2384249723774624
8651,19835148,rpg314,9555,9591,8241,1697,,,1293,yes,0,0,6,yes,-0.23907490306919943
8652,11661764,Pokin,16397,8579,4194,1794,,,1232,yes,0,0,2,yes,-0.2391884234984154
8653,21104761,T0shiyuukii,12913,9035,5412,1757,,,1259,yes,0,0,20,yes,-0.23944866429127265
8654,2829934,6ixr,24230,7825,3112,1831,,,1185,yes,0,0,44,yes,-0.23951266849243066
8655,20684893,JumboCrab,15236,8727,4679,1777,,,1241,yes,0,0,59,yes,-0.23954329064889812
8656,14931579,Zakksu,10377,9442,9320,1677,,,1284,yes,0,0,3,yes,-0.23960499485412484
8657,4886116,Ciuriya,14486,8823,,1811,yes,5253,1202,,7,17,0,,-0.23967870298745614
8658,4757979,Boy_314,17011,8511,,1798,yes,3123,1286,,1,1,0,,-0.23980099426714424
8659,13473514,Among Us,14141,8870,,1813,yes,5465,1196,,4,14,0,,-0.24002558379979683
8660,10308411,Nadji,12968,9028,7300,1714,,,1259,yes,0,0,2,yes,-0.24004634997237734
8661,3367476,Knd,11176,9307,,1830,yes,6735,1166,,32,110,0,,-0.24014217268917837
8662,9322597,HET TPYCOB,9055,9682,7599,1708,,,1299,yes,0,0,11,yes,-0.2401579267304287
8663,20338180,acc demon,8411,9821,8457,1693,,,1308,yes,0,0,9,yes,-0.24041957696411823
8664,4349974,BlueCrystal004,8942,9705,,1845,yes,8795,1125,,11,31,0,,-0.2413852520722849
8665,11301847,WenqiE,14201,8862,,1813,yes,6094,1180,,1,4,0,,-0.2416250650282524
8666,14716624,Leary,16282,8592,4470,1784,,,1233,yes,0,0,58,,-0.24167624443475355
8667,6367247,chungis,11831,9199,,1826,yes,7306,1154,,3,10,0,,-0.24169352996277474
8668,6877397,Teriowom,19160,8281,,1788,yes,3533,1264,,2,10,0,,-0.24179732153997816
8669,3462985,pascualito,11859,9196,,1826,yes,6418,1173,,24,67,0,,-0.24181816447526458
8670,11923226,Oblivionis,12928,9034,7399,1712,,,1259,yes,0,0,2,yes,-0.24188909892455215
8671,16022830,GAS MASK,35788,7103,,1733,yes,2012,1366,,14,75,0,,-0.24191115807323138
8672,10839121,Enumou,19764,8223,3443,1819,,,1211,yes,0,0,7,yes,-0.2420687399977929
8673,12280208,Vincentcf,10752,9381,5678,1750,,6964,1161,,1,2,25,yes,-0.24209888115819406
8674,26762250,Hyunnah,12893,9039,7469,1711,,,1259,yes,0,0,2,yes,-0.24213205894010525
8675,4981738,epicercaner,9878,9535,5364,1759,,7105,1158,,7,27,5,yes,-0.24214814234192145
8676,5411734,cerena,18523,8347,2948,1838,,8914,1123,,2,8,67,yes,-0.2423843338441529
8677,11076829,RodrihBruh,9236,9648,,1843,yes,8153,1137,,31,81,0,,-0.24238895833645502
8678,3658054,Freckle,17837,8419,,1794,yes,3620,1261,,1,4,0,,-0.24241593587755322
8679,10985265,D_DestiNyZ,11784,9206,,1826,yes,9144,1119,,1,4,0,,-0.2424343244096697
8680,36519671,Aetherrs,8692,9760,6899,1722,,,1304,yes,0,0,56,,-0.24244653781629272
8681,10835205,kobba,14250,8855,,1812,yes,9316,1116,,1,1,0,,-0.2424646279875547
8682,4989296,BlackJack,15810,8651,5388,1758,,4000,1244,,22,75,10,yes,-0.24264707534240584
8683,28627926,EmisW,13020,9022,5377,1758,,,1258,yes,0,0,26,,-0.2431395061827445
8684,18680615,pose,11530,9247,9444,1675,,,1272,yes,0,0,2,yes,-0.2431410276270223
8685,16804164,JSpiriT,7897,9933,,1854,yes,9322,1116,,20,91,0,,-0.2431931397551094
8686,15601286,lefray,8994,9694,,1845,yes,9007,1122,,8,24,0,,-0.2431932254027125
8687,16479492,aljich,15013,8756,5909,1745,,,1242,yes,0,0,1,yes,-0.2432805740669582
8688,7666557,River-,8535,9795,8617,1690,,,1306,yes,0,0,8,yes,-0.24351488848262903
8689,20301125,LemonBread741,31625,7330,2317,1870,,,1147,yes,0,0,23,yes,-0.2436049576883221
8690,10543853,ryne,18978,8300,,1789,yes,3856,1250,,11,49,0,,-0.24380120443927122
8691,13131440,DalasReview,14736,8790,,1810,yes,7753,1145,,1,1,0,,-0.24396939663749137
8692,3584612,Boy,13711,8924,,1815,yes,7122,1158,,1,3,0,,-0.24402618026577702
8693,13507777,Pherese,12071,9167,8742,1688,,,1267,yes,0,0,2,yes,-0.24410663458864584
8694,20876410,Mew_ZedongFaZe,12578,9085,,1822,yes,6151,1178,,12,34,0,,-0.24418085742806334
8695,15232470,Syni-,14624,8806,6602,1729,,,1245,yes,0,0,1,yes,-0.24423976714145865
8696,5317898,-lokillo-,15133,8742,,1808,yes,6628,1168,,1,1,0,,-0.24435354427709133
8697,2459981,cocoa,8097,9886,5586,1753,,9328,1116,,8,28,1,yes,-0.24467554935763303
8698,15516421,Es Kepok,19518,8247,3547,1816,,,1213,yes,0,0,7,yes,-0.24473214262234133
8699,23935824,joycircled,10583,9406,7448,1711,,,1282,yes,0,0,6,yes,-0.24485682301375108
8700,31688492,JD14121,13407,8962,5166,1763,,,1255,yes,0,0,70,yes,-0.24514598798331186
8701,8316080,Valene,10448,9429,,1835,yes,7274,1155,,33,120,0,,-0.2454025729272069
8702,12013857,TaylorSwiftStan,14676,8799,,1810,yes,5935,1183,,2,3,0,,-0.24556066164601398
8703,10053599,revolutionttv,8350,9834,7024,1719,,,1308,yes,0,0,81,yes,-0.24630536665585398
8704,13358859,Xazuto,12790,9053,,1820,yes,7825,1144,,2,4,0,,-0.24647931058871472
8705,6755332,Nokie-,7383,10052,7494,1710,,6552,1170,,2,6,13,yes,-0.24672067287507674
8706,7302533,-Shirano,12055,9169,7012,1720,,,1267,yes,0,0,4,yes,-0.24672371547007443
8707,10568172,cmroki,12559,9088,8085,1700,,,1262,yes,0,0,2,yes,-0.24693003879345835
8708,8501053,ShaBae,14488,8823,,1811,yes,6191,1177,,1,3,0,,-0.2470490905932679
8709,11865515,Izomraktar,13173,8999,,1818,yes,8013,1140,,1,3,0,,-0.2471918122461063
8710,2211396,Badewanne3,16444,8573,,1801,yes,4343,1231,,1,3,0,,-0.2473839641102219
8711,2860339,Inaban,17249,8484,,1797,yes,4211,1236,,2,10,0,,-0.24762492622015925
8712,11957514,Pixel Art,13612,8936,,1816,yes,6872,1163,,1,4,0,,-0.24788932762805152
8713,14713685,[Griffin],13248,8986,,1818,yes,7892,1142,,1,3,0,,-0.2480069149491125
8714,13319294,Sai1kou,12092,9164,,1825,yes,6371,1174,,27,87,0,,-0.24806206741500897
8715,6080956,umerinya,21566,8059,3469,1818,,,1201,yes,0,0,21,yes,-0.24834193501714746
8716,7110363,Hououin Kyouma,10503,9420,,1835,yes,8601,1129,,4,11,0,,-0.2484434390556227
8717,13179722,Unicornhater,21610,8055,3627,1813,,,1201,yes,0,0,71,yes,-0.24889869663296893
8718,8568265,flameless,12953,9031,5449,1756,,,1259,yes,0,0,26,yes,-0.2489234286384676
8719,18570691,Lightwaves,7972,9916,7985,1701,,,1314,yes,0,0,18,yes,-0.24898768471121518
8720,10717173,uwuwac,11609,9236,6142,1739,,,1271,yes,0,0,14,yes,-0.2490973611248885
8721,11364967,Initialowo,9720,9562,9317,1677,,,1291,yes,0,0,4,yes,-0.24927687774836424
8722,30640106,PestoBois,12456,9106,5876,1745,,,1263,yes,0,0,11,yes,-0.2499334512507858
8723,11604012,haygiya,19125,8285,3919,1803,,,1215,yes,0,0,18,yes,-0.2500720748664136
8724,15538439,Sunnys1de-up,10132,9489,8476,1693,,7815,1144,,1,3,2,yes,-0.25017287942466054
8725,14217761,datnonameboi,16504,8567,4476,1784,,,1231,yes,0,0,15,yes,-0.2504361870216219
8726,16587646,Zoat,6492,10276,7747,1705,,5636,1191,,1,4,77,,-0.250540505403287
8727,7077554,KmK,20068,8193,,1784,yes,3243,1279,,2,7,0,,-0.2507675545962423
8728,29484664,Ensorid,25127,7756,3049,1834,,,1180,yes,0,0,35,yes,-0.25078345448319794
8729,9787963,Jongie,16727,8543,,1800,yes,4097,1240,,1,2,0,,-0.2509162925505815
8730,10188171,Xirelo,14842,8777,,1809,yes,6385,1173,,1,2,0,,-0.2516808429675867
8731,7451805,Tamadori,17505,8456,,1796,yes,4220,1236,,5,15,0,,-0.2517156107208368
8732,18475027,maxlime3,11496,9252,5574,1753,,9210,1118,,1,2,5,yes,-0.2519129913062344
8733,23306736,B1rch,14143,8870,5143,1764,,,1249,yes,0,0,20,yes,-0.2519753611309271
8734,19803174,RainbowCatTW,18948,8304,,1789,yes,3570,1263,,3,7,0,,-0.2520264175976413
8735,14255332,gwk,11616,9235,,1827,yes,6622,1168,,70,222,0,,-0.2520276979756681
8736,15880592,500s,12299,9129,,1823,yes,9673,1110,,1,3,0,,-0.25204496640910956
8737,17719833,Mythiclyy,20828,8122,3737,1809,,,1205,yes,0,0,51,yes,-0.25207653821464326
8738,2335907,ahh,13146,9003,,1818,yes,6123,1179,,5,19,0,,-0.25212958450884837
8739,7578295,papson,15167,8736,,1808,yes,5304,1200,,2,6,0,,-0.2522097399755834
8740,4054429,Madozito,11214,9301,4250,1792,,7884,1142,,17,40,12,yes,-0.2522517964784117
8741,16623618,NaTakem,11430,9264,6966,1721,,,1273,yes,0,0,6,yes,-0.2523208175575804
8742,10250838,shimaii,10942,9343,6569,1729,,,1278,yes,0,0,12,yes,-0.2523471992324991
8743,14013118,ply102,14717,8793,,1810,yes,8377,1133,,1,1,0,,-0.2523481631099368
8744,5952101,Mutantrabies,13604,8937,,1816,yes,7513,1150,,1,3,0,,-0.2523681618598663
8745,6501946,doug145,9954,9523,8563,1691,,,1289,yes,0,0,5,yes,-0.2523832573401227
8746,453226,CookEasy,16657,8550,,1800,yes,4180,1237,,2,2,0,,-0.2523842929692991
8747,3629043,nimfa109,18118,8389,,1793,yes,3808,1252,,2,6,0,,-0.25255942602308257
8748,16146884,Psywe,10787,9373,6305,1735,,,1280,yes,0,0,25,yes,-0.2525699410602743
8749,19128978,FloOoWeR,32350,7289,2522,1858,,,1144,yes,0,0,107,,-0.25262707092980474
8750,15362545,SoldOut,14364,8842,,1812,yes,7292,1154,,1,2,0,,-0.2530451148496929
8751,6035803,himuy3,12427,9111,,1823,yes,6854,1163,,5,13,0,,-0.2530821293357088
8752,20249211,blankww,14563,8812,5362,1759,,4712,1218,,9,33,5,yes,-0.2531503017059187
8753,12548432,sansrsrs,15614,8676,4982,1769,,,1238,yes,0,0,2,yes,-0.2532256125992029
8754,15186014,AI Avenger,22428,7981,3123,1831,,,1196,yes,0,0,10,yes,-0.2532491961523946
8755,14285808,PepeTree,13378,8968,,1817,yes,9155,1119,,1,2,0,,-0.2534066294594322
8756,16001080,pesti,13516,8947,6333,1735,,,1254,yes,0,0,3,yes,-0.2534671078463292
8757,13659816,Woop,12440,9107,,1822,yes,6256,1176,,27,81,0,,-0.2536501748936649
8758,9924079,Ayanami,8963,9701,8403,1694,,5934,1184,,1,2,6,yes,-0.2540060829231964
8759,1443338,punikidesu-,7641,9994,8605,1690,,,1318,yes,0,0,14,yes,-0.2540114647414428
8760,4506883,Vignette-,25927,7697,,1762,yes,2459,1329,,3,12,0,,-0.25410055318521957
8761,19695498,chocolate puffs,15549,8686,,1805,yes,4977,1210,,6,23,0,,-0.25436203561247595
8762,8438143,Trilinear,13200,8993,5490,1755,,4680,1219,,2,6,21,yes,-0.2546046228202352
8763,6182439,Firebool,9735,9559,4227,1793,,9254,1117,,5,19,2,yes,-0.2547101352606357
8764,9003832,Woopak,19946,8205,6231,1737,,2908,1301,,56,222,12,yes,-0.25478418598812275
8765,16346970,anhnhatbui,25411,7733,2376,1867,,5478,1195,,11,32,11,yes,-0.25483925073872615
8766,22663052,Koinobori,15384,8708,5702,1750,,,1239,yes,0,0,1,yes,-0.2549719907586843
8767,9377844,Dulphin,16131,8610,4071,1798,,6762,1165,,1,4,20,yes,-0.25524185479707606
8768,17975283,Sakagami Tomoyo,15898,8640,4549,1782,,5683,1190,,1,1,7,yes,-0.25538812466846256
8769,13366394,yencz,14684,8798,3889,1804,,8389,1133,,1,5,12,yes,-0.25545677688818585
8770,19766893,[Droo],6279,10333,9534,1673,,,1341,yes,0,0,16,yes,-0.2555671656992815
8771,1683740,paradaisu,21068,8102,,1780,yes,3064,1290,,2,7,0,,-0.2557391842629738
8772,6183725,Diamond PVP,9306,9633,4812,1774,,9437,1114,,4,15,1,yes,-0.25576679074850683
8773,6277316,Raiiden,15148,8740,,1808,yes,5157,1205,,5,26,0,,-0.25585460456922693
8774,8334724,matsubishi,12842,9045,6978,1721,,,1260,yes,0,0,3,yes,-0.2559115797990865
8775,22815579,AryN,7947,9921,7480,1710,,,1314,yes,0,0,49,yes,-0.2559128280140208
8776,9550257,ToshiroKen,4131,11080,8811,1686,,7060,1159,,9,30,32,yes,-0.25599228800028195
8777,20313227,Jeseija,12441,9107,8517,1692,,,1263,yes,0,0,2,yes,-0.25611398609218233
8778,9221036,wilsen,13242,8987,5410,1757,,,1256,yes,0,0,28,yes,-0.2561331377153722
8779,14107185,garfen_tun,10298,9458,6704,1726,,,1285,yes,0,0,18,yes,-0.2562522314059404
8780,18144664,Nimacos,12549,9091,,1822,yes,8491,1131,,1,4,0,,-0.25664091850967874
8781,10105607,LinCat,14281,8852,,1812,yes,5523,1194,,10,33,0,,-0.25736973135932273
8782,10659441,WholeWheatPete,14665,8800,,1810,yes,6025,1182,,2,4,0,,-0.2574410390280438
8783,25463405,Arrendor,12814,9050,5968,1743,,,1260,yes,0,0,8,yes,-0.25748080038069565
8784,6386041,Hyotic,15876,8642,,1804,yes,4893,1213,,7,13,0,,-0.2577856154751408
8785,16021981,Kataiki,12904,9037,,1820,yes,8053,1139,,1,4,0,,-0.25789615744730177
8786,7045024,-Toki-,17761,8428,,1795,yes,4265,1234,,5,29,0,,-0.2580188891262519
8787,21050003,Ninjaster,14596,8809,5083,1766,,,1245,yes,0,0,18,yes,-0.25802606257377914
8788,12126082,Locurador,17316,8476,,1797,yes,3983,1245,,1,3,0,,-0.2580443565762625
8789,15046462,Kanroji,15019,8755,,1808,yes,7801,1144,,1,1,0,,-0.25814023030921696
8790,9247399,Heartstrings,14606,8808,5037,1767,,,1245,yes,0,0,27,yes,-0.2581475743586567
8791,19124268,-Franky,11910,9188,,1826,yes,8139,1138,,3,7,0,,-0.25825560031955974
8792,26255311,NCLBop,18675,8332,2718,1849,,8402,1133,,1,4,6,yes,-0.2582855125233775
8793,17122133,Xuirtle,9974,9520,9253,1678,,,1288,yes,0,0,4,yes,-0.2583191743401796
8794,10577222,MakiBlank,8919,9711,,1846,yes,9987,1105,,7,16,0,,-0.2585056365105735
8795,14411900,Hello,10115,9491,8134,1699,,,1287,yes,0,0,6,yes,-0.2589330796389899
8796,11530725,Akar,15264,8722,,1807,yes,7094,1159,,1,1,0,,-0.25901366629624756
8797,4457053,Villizen,11520,9249,9208,1679,,5430,1196,,1,2,2,yes,-0.2591709981477923
8798,19910862,- Stay -,14713,8794,,1810,yes,8953,1123,,1,1,0,,-0.26013921911009735
8799,20701553,thefemboy666,11402,9269,7834,1704,,,1273,yes,0,0,4,yes,-0.2601540200692347
8800,2164627,Azuren,15818,8649,,1804,yes,4987,1210,,5,8,0,,-0.2603086906560698
8801,19852242,AceNihBos,8823,9732,7369,1712,,,1302,yes,0,0,23,yes,-0.26033238213041054
8802,1820694,yumea,12422,9111,,1823,yes,6422,1173,,14,65,0,,-0.2603476452466601
8803,8015010,F1re_E,9380,9620,6904,1722,,,1295,yes,0,0,35,yes,-0.26036008220818235
8804,5143605,m0fum0fu,18240,8377,,1792,yes,4237,1235,,50,197,0,,-0.26046403894331194
8805,10189326,ZebbyX,19290,8268,4063,1798,,,1214,yes,0,0,60,yes,-0.2605182515370213
8806,22037489,marc559_,14509,8819,5109,1765,,,1246,yes,0,0,20,yes,-0.26057842290426064
8807,8334445,_thicke,11581,9240,5313,1760,,6362,1174,,5,12,11,yes,-0.26067844543929597
8808,8170966,Rengmain,11810,9202,,1826,yes,8079,1139,,3,8,0,,-0.2609384378830454
8809,15882894,shimni,12614,9080,8417,1694,,,1262,yes,0,0,2,yes,-0.2611133025030455
8810,11662949,Azoute,17734,8431,5245,1762,,3371,1273,,1,3,2,yes,-0.2613691461211155
8811,6742421,- Jeem -,6658,10234,9774,1669,,,1334,yes,0,0,12,yes,-0.2614273533350209
8812,9378646,Claushmaga,12482,9102,,1822,yes,6597,1169,,9,28,0,,-0.2616258360025818
8813,9402025,WhetBoi37,10440,9430,7049,1719,,,1283,yes,0,0,11,yes,-0.26164043571078327
8814,6802470,jorty420,14497,8820,,1811,yes,7362,1153,,1,2,0,,-0.2619371061861183
8815,12406005,Panaxeth,14898,8769,,1809,yes,5665,1190,,2,6,0,,-0.26209147445799064
8816,4926586,Tachibana Rika,19655,8234,3918,1803,,,1212,yes,0,0,19,yes,-0.26217334947706356
8817,8759093,Movingxd,16405,8578,,1801,yes,4686,1219,,1,4,0,,-0.26233305445207145
8818,20884418,shortkid27,36602,7061,3854,1805,,2497,1327,,40,155,14,yes,-0.2625055773681
8819,20004746,Jellyfey,13825,8909,,1815,yes,8654,1128,,1,2,0,,-0.2625486357809419
8820,13211236,VarvalianFanboy,21313,8081,,1780,yes,3250,1279,,3,11,0,,-0.26270190717946984
8821,17855321,Bausha,9235,9648,6901,1722,,,1297,yes,0,0,49,yes,-0.2627455245084111
8822,3224243,Legless,19216,8274,,1788,yes,3894,1249,,5,21,0,,-0.2628205429159689
8823,11716660,Spastow,14534,8816,5078,1766,,,1246,yes,0,0,40,yes,-0.26282851734801577
8824,36611265,VectorDirrect,12357,9121,6009,1742,,,1264,yes,0,0,13,yes,-0.26312955700598006
8825,18861024,lalauzinho,11551,9243,6528,1730,,,1272,yes,0,0,10,yes,-0.26322218826038407
8826,25654156,asphexi,17839,8419,3939,1803,,,1223,yes,0,0,3,yes,-0.26357099612409046
8827,13603871,Korinna,13032,9019,,1819,yes,6235,1176,,11,33,0,,-0.26366454862416233
8828,7427165,Pale Citrus,15547,8686,,1805,yes,5254,1202,,2,6,0,,-0.26367645724788846
8829,12340186,Aesop1,15007,8757,6645,1728,,,1242,yes,0,0,1,yes,-0.2638597185328337
8830,16892134,deomantius,14302,8849,5312,1760,,,1248,yes,0,0,12,yes,-0.2638963102423124
8831,8102140,Yeva,12276,9133,,1823,yes,6887,1163,,9,22,0,,-0.26395112440018875
8832,17640749,4lw,14566,8812,5179,1763,,,1246,yes,0,0,13,yes,-0.2639581286813327
8833,16785061,SparxieFan327,14691,8797,,1810,yes,6153,1178,,2,4,0,,-0.2640137252066479
8834,10573622,Someguy6,20269,8170,3771,1808,,,1208,yes,0,0,16,yes,-0.264080063594724
8835,11168578,coolmans,15216,8730,,1807,yes,6250,1176,,2,2,0,,-0.26419436571570754
8836,8398166,Xuechun,17198,8492,4387,1787,,,1227,yes,0,0,8,yes,-0.26429132712692105
8837,15262479,IsThatDecay,7234,10087,8819,1686,,,1325,yes,0,0,17,yes,-0.26450867626561925
8838,4366565,Stoney,16975,8515,,1798,yes,4182,1237,,1,2,0,,-0.26457447133455303
8839,9113518,Louane,14999,8758,5543,1754,,4612,1221,,1,1,3,yes,-0.2646034482847402
8840,14267782,StarkyLab,13856,8905,,1814,yes,8689,1127,,1,2,0,,-0.2647023754260148
8841,24421391,tadashiosu,17989,8404,4246,1792,,,1222,yes,0,0,13,yes,-0.2647459822242312
8842,14860127,dezorted,17845,8418,4251,1792,,,1223,yes,0,0,10,yes,-0.2648941987056619
8843,7364902,Voiga,12844,9045,8209,1698,,,1260,yes,0,0,2,yes,-0.26496028952004086
8844,15132402,MaXD,13529,8946,,1816,yes,8055,1139,,1,3,0,,-0.2650921041524183
8845,7652902,TemX,18342,8367,4179,1794,,,1220,yes,0,0,15,yes,-0.26529848031945735
8846,6358902,MrRed,8854,9726,7929,1702,,5131,1205,,5,12,10,yes,-0.26531542815028647
8847,17507174,shibenz,14121,8873,3077,1833,,9832,1108,,11,36,25,yes,-0.2653270008571261
8848,12031486,tuzzi,20295,8168,3695,1811,,,1208,yes,0,0,11,yes,-0.2653304666382269
8849,18227681,Quickeryes,15571,8684,4816,1773,,,1238,yes,0,0,45,yes,-0.265408641860473
8850,18682614,yuyuqk,25442,7731,2871,1842,,,1178,yes,0,0,14,yes,-0.2654741511948545
8851,24557110,Miich000,11662,9225,9917,1667,,,1271,yes,0,0,2,yes,-0.26552275207412784
8852,23358427,YakumoYukari,22518,7971,3466,1818,,,1195,yes,0,0,26,yes,-0.26555935401620406
8853,23697895,Floflorian,17128,8498,4391,1787,,,1227,yes,0,0,6,yes,-0.2656112257219871
8854,3018516,Hydro7,14286,8852,,1812,yes,7964,1141,,1,2,0,,-0.2656147549645493
8855,2114779,Ami,16857,8528,,1799,yes,4561,1223,,4,9,0,,-0.2657047767464952
8856,16055740,Goaw,14996,8758,6741,1726,,,1242,yes,0,0,1,yes,-0.265836730809641
8857,9901787,DaSwagTurtle,11309,9285,6442,1732,,,1274,yes,0,0,15,yes,-0.2658657318296477
8858,7042978,Karhu,18090,8392,4315,1789,,,1221,yes,0,0,125,,-0.26600849149289696
8859,32295926,ChubNubonOSU,10693,9388,8135,1699,,,1281,yes,0,0,5,yes,-0.2660188236506115
8860,17808471,awke,15955,8633,4836,1773,,,1235,yes,0,0,4,yes,-0.26606542059814975
8861,16091585,Deployer,17821,8420,,1794,yes,4314,1232,,6,24,0,,-0.26620710140864856
8862,11034669,sangmin0599,9560,9591,,1841,yes,9836,1108,,5,13,0,,-0.26634855094968646
8863,4422446,clefable,15157,8739,5084,1766,,4710,1218,,5,22,17,yes,-0.2664090113694979
8864,14892156,Vampella,7050,10138,9189,1679,,6598,1169,,2,6,7,yes,-0.26644597082532356
8865,4859362,steved,18475,8353,2223,1876,,8509,1130,,9,41,8,yes,-0.2664700247257529
8866,16850122,fiveskulls,17915,8411,4294,1790,,,1222,yes,0,0,18,yes,-0.2666932197680475
8867,14628042,gapii,14387,8837,,1812,yes,6965,1161,,1,3,0,,-0.2668321802670944
8868,13656799,mloh,12232,9139,7839,1704,,,1265,yes,0,0,3,yes,-0.26692287369469275
8869,11566638,Sazul,19136,8284,3931,1803,,,1215,yes,0,0,9,yes,-0.2670782358978913
8870,19932527,[Kanna],14646,8803,,1810,yes,9745,1109,,1,1,0,,-0.2673687589867125
8871,18373235,Also,16471,8571,2966,1838,,6764,1165,,3,11,3,yes,-0.26742549032284046
8872,25833136,-Solutionist-,7718,9972,7971,1701,,,1317,yes,0,0,32,yes,-0.26746776191489935
8873,4663628,nuggetchama,12405,9114,7679,1707,,,1264,yes,0,0,3,yes,-0.2676112666823418
8874,19514181,m7md,9069,9680,7723,1706,,6792,1165,,1,2,8,yes,-0.2677456867488458
8875,16987040,ReiJun,13158,9001,,1818,yes,8031,1140,,2,4,0,,-0.2677839183484175
8876,9140390,Eroubf,11840,9198,7112,1718,,5707,1189,,7,27,2,yes,-0.2681478682019556
8877,7452418,swededed,26573,7651,2714,1849,,,1172,yes,0,0,13,yes,-0.26815738027658087
8878,4538370,NatChan,14919,8767,,1809,yes,5874,1185,,3,5,0,,-0.2682588596620338
8879,3975137,egedi,11219,9298,,1830,yes,7421,1151,,11,39,0,,-0.26826734602988034
8880,10927454,Shijie,11050,9327,,1831,yes,7922,1142,,8,20,0,,-0.2682753513807471
8881,9157643,ZIENARD,15786,8655,5130,1765,,,1237,yes,0,0,2,yes,-0.26831411134658856
8882,24752641,Secretboy,9958,9523,,1838,yes,9792,1108,,5,11,0,,-0.2685782964729916
8883,5937545,Kirinagi,9716,9563,4756,1775,,8349,1134,,14,41,15,yes,-0.2685882969237684
8884,12790525,JinPots,11778,9206,5919,1744,,,1270,yes,0,0,57,yes,-0.2686654856189463
8885,20932364,whatever,17321,8476,4386,1787,,,1226,yes,0,0,8,yes,-0.26868408723395193
8886,7297633,MarinoX,16723,8544,,1800,yes,4697,1219,,3,16,0,,-0.26891140436912847
8887,9849712,Paski,19657,8234,,1786,yes,3235,1280,,2,4,0,,-0.2689194171931696
8888,4147680,Vovan,7367,10055,8215,1697,,,1323,yes,0,0,34,yes,-0.2690253569065635
8889,27525072,Hitury,13710,8925,,1815,yes,9212,1118,,1,2,0,,-0.2691140908052357
8890,13722775,Ethan7x,14884,8771,,1809,yes,8971,1122,,1,1,0,,-0.26931554001695135
8891,25749018,mpkal,22958,7933,2878,1842,,,1193,yes,0,0,6,yes,-0.2693740115854023
8892,10401304,geczy,8098,9886,6187,1738,,8284,1135,,4,13,10,yes,-0.2699165074975584
8893,10194478,Hogrider,10388,9440,9050,1682,,,1284,yes,0,0,4,yes,-0.2700290613269714
8894,9195856,Sano,17010,8511,,1798,yes,4381,1229,,1,3,0,,-0.27013707704908446
8895,10831457,thiez,11316,9285,4077,1798,,8151,1137,,36,129,7,yes,-0.2704213183271603
8896,15151447,alexiiosu,18442,8357,,1792,yes,4227,1235,,12,33,0,,-0.27042823153082896
8897,13619939,Aishyu,10074,9500,4598,1780,,8977,1122,,8,21,24,yes,-0.2704909848635254
8898,9426809,SinCrone,6573,10255,7395,1712,,9564,1112,,9,17,4,yes,-0.2704922666754137
8899,9558849,CwazY,27866,7562,2841,1843,,,1165,yes,0,0,31,yes,-0.27060212002311307
8900,11182399,MrSparklepants,11615,9235,,1827,yes,7301,1154,,13,31,0,,-0.2707367230356068
8901,17094356,Lapoxs,11175,9308,7450,1711,,,1276,yes,0,0,6,yes,-0.27089810629473127
8902,5177939,Loco,14847,8776,,1809,yes,9251,1117,,1,1,0,,-0.27090080710999676
8903,24137192,Spokuj,15270,8722,4956,1769,,,1240,yes,0,0,29,yes,-0.27091828383280947
8904,21896770,ipren,11204,9302,6409,1733,,,1275,yes,0,0,21,yes,-0.27096547958053074
8905,11313751,Sandaran Langit,13224,8989,,1818,yes,7602,1148,,1,5,0,,-0.27149626156779877
8906,15349293,noble,12987,9025,,1819,yes,6746,1165,,4,14,0,,-0.27162055058276824
8907,13649254,xNyannn,5812,10463,9579,1672,,,1349,yes,0,0,26,yes,-0.27168757579819985
8908,11893247,nano desu,13237,8987,4954,1769,,8003,1140,,1,2,33,yes,-0.27170126176681325
8909,12471020,[Teo],10646,9396,7897,1703,,6084,1180,,13,45,2,yes,-0.27197317945158683
8910,23102325,ZETAJOTA,10252,9466,7722,1706,,,1285,yes,0,0,8,yes,-0.2720337237851591
8911,24305482,Mococo Fan,15256,8723,5048,1767,,,1240,yes,0,0,13,yes,-0.27204537226682335
8912,12956624,bbloopy,14260,8854,5731,1749,,,1248,yes,0,0,5,yes,-0.2721540777787627
8913,20197329,Matt [fr],6278,10333,8372,1694,,6137,1179,,1,4,35,yes,-0.2721675603270149
8914,10985924,kazurii,12609,9081,7011,1720,,,1262,yes,0,0,4,yes,-0.27234796486604956
8915,9583444,Genetic Prodigy,20497,8150,,1783,yes,3814,1252,,17,72,0,,-0.2724085580785019
8916,812814,Stoneybeans,18612,8339,4284,1790,,,1218,yes,0,0,370,,-0.2729911440176858
8917,11435973,Necc,19536,8245,4117,1796,,,1212,yes,0,0,74,,-0.2730695526742314
8918,24789103,BIoom Into You,11946,9184,6364,1734,,,1268,yes,0,0,12,yes,-0.2731366435335606
8919,12409213,Aeri Uchinaga,13699,8926,5448,1756,,,1253,yes,0,0,26,yes,-0.2732003886970046
8920,10855993,AmazingSausage,20469,8152,3700,1811,,,1207,yes,0,0,10,yes,-0.27327709100587044
8921,15373780,ulmitat,14764,8786,,1810,yes,9721,1109,,1,1,0,,-0.27329071658133175
8922,8327990,ironapples,20778,8126,3391,1821,,,1205,yes,0,0,6,yes,-0.2734121930035613
8923,2843469,Noguk,20670,8135,3317,1824,,,1206,yes,0,0,5,yes,-0.27345237329006483
8924,4824078,Narathan,13586,8940,3689,1811,,8905,1124,,6,23,27,yes,-0.27347514168227627
8925,5667763,CantBeTaymed,18319,8368,,1792,yes,3668,1258,,1,3,0,,-0.2739045679182087
8926,20708070,EmkoDelirdi,14449,8830,,1811,yes,7127,1158,,1,3,0,,-0.2739820353781416
8927,19930516,Sh1raori,15803,8652,4852,1772,,,1236,yes,0,0,18,yes,-0.2740110136499652
8928,11157083,I N E R O,9358,9623,7221,1715,,,1296,yes,0,0,24,yes,-0.27406200423832666
8929,5116811,Maxlo,13777,8915,5643,1751,,,1252,yes,0,0,10,yes,-0.2740846737628903
8930,5405852,0e4ef622,17210,8491,4538,1782,,,1227,yes,0,0,39,yes,-0.27434361989415773
8931,419705,Synchrostar,18852,8314,6989,1721,,3795,1253,,17,61,1,yes,-0.27441141277577635
8932,22228511,[Kyotto],17070,8504,4563,1781,,,1228,yes,0,0,62,,-0.2744259046104685
8933,9639782,Sandro,13941,8895,6126,1740,,5649,1191,,5,13,1,yes,-0.27453530723381975
8934,7718734,Bible,15583,8682,,1805,yes,7104,1158,,1,1,0,,-0.274544232556219
8935,10867377,Dejw27,8669,9766,6408,1733,,6904,1163,,3,9,27,yes,-0.2746402158281903
8936,33671030,box1n,18751,8325,3933,1803,,,1217,yes,0,0,5,yes,-0.2746500164569037
8937,2361192,Deuceswild,14517,8818,,1811,yes,7856,1143,,1,2,0,,-0.27494822102805094
8938,9956589,HUBERCIKK,11676,9223,,1827,yes,8559,1130,,2,8,0,,-0.27494934874876487
8939,9199433,Harutoraa,15707,8665,5815,1747,,,1237,yes,0,0,1,yes,-0.2749587133784551
8940,11445615,BlueParrot1,14255,8855,,1812,yes,8414,1132,,1,2,0,,-0.27526378467824403
8941,13133011,Uchinku,12437,9108,6006,1742,,,1263,yes,0,0,17,yes,-0.27527976085163874
8942,13279819,[Axvyn],13401,8963,5893,1745,,5283,1201,,2,5,5,yes,-0.2752886673659556
8943,2317990,Sylian,16757,8539,,1799,yes,4449,1227,,1,1,0,,-0.2755586973919553
8944,5144730,Yamaraja,12187,9147,,1824,yes,9042,1121,,2,5,0,,-0.2759042337914587
8945,17890673,Mykado le gato,13821,8910,3449,1819,,7433,1151,,49,175,5,yes,-0.27591380018314565
8946,31320113,247Mello,21905,8029,3155,1830,,,1199,yes,0,0,6,yes,-0.27605268272992967
8947,15401104,Qaslp,11213,9301,8324,1695,,2460,1329,,1,3,18,yes,-0.2761626781014258
8948,4544218,BlueBook,14943,8765,,1809,yes,7193,1156,,2,2,0,,-0.27643765163109846
8949,18109572,na1d3,9977,9519,6751,1725,,,1288,yes,0,0,47,yes,-0.2766731983982944
8950,10772580,ravensong,13803,8913,,1815,yes,7163,1157,,3,5,0,,-0.277054278985466
8951,10702232,milo Penguin,11867,9195,9983,1666,,,1269,yes,0,0,2,yes,-0.27710995951738177
8952,12171170,Toha-,15012,8756,,1808,yes,6174,1178,,1,4,0,,-0.2771882551340639
8953,7307130,Zenzi,16733,8543,,1799,yes,4794,1215,,5,15,0,,-0.27728362098589127
8954,10229383,ShadowRin,13284,8981,,1817,yes,7700,1146,,2,5,0,,-0.27735176623109714
8955,15077398,[Widow],9980,9518,,1838,yes,8812,1125,,7,27,0,,-0.2773785492061407
8956,19974305,KingOfNekos,12529,9094,6147,1739,,,1263,yes,0,0,12,yes,-0.2774843646559906
8957,12643234,Tickle Monster,14227,8858,8850,1686,,,1248,yes,0,0,1,yes,-0.27763403884895915
8958,12760199,JoeBidenMegaFan,15374,8709,6513,1731,,,1239,yes,0,0,1,yes,-0.2780665857119709
8959,8476191,[Astro],6971,10154,9760,1669,,3805,1252,,2,4,21,yes,-0.27817309262209383
8960,4494439,Sayoounara,14942,8765,,1809,yes,5612,1192,,8,18,0,,-0.2781749216173319
8961,13021730,Oulo,13318,8976,,1817,yes,6416,1173,,10,25,0,,-0.27875160124303516
8962,4147031,[soul1027],14742,8789,5074,1766,,5042,1208,,1,4,160,yes,-0.2787758924909527
8963,11416040,[ Kangurek ],11687,9221,5837,1746,,6605,1169,,4,7,6,yes,-0.27881157318787
8964,7052939,owlful,14341,8846,,1812,yes,6979,1161,,1,4,0,,-0.2789706080660932
8965,15569107,Kurutta,11953,9183,6628,1728,,,1268,yes,0,0,9,yes,-0.27909378173094157
8966,14595209,maxb,32585,7275,2103,1882,,,1143,yes,0,0,11,yes,-0.2792991771675799
8967,6489819,-Kusakabe-,15746,8659,6274,1736,,3769,1253,,13,37,11,yes,-0.27933326657543467
8968,26557968,stellafly,14492,8822,5613,1752,,,1246,yes,0,0,6,yes,-0.2793885523251222
8969,15033784,hydrogen bot,14750,8789,5136,1764,,,1244,yes,0,0,64,yes,-0.2794283548852286
8970,10894297,wilambae,14856,8775,7304,1714,,5118,1206,,1,1,1,yes,-0.27949713007680627
8971,9611401,diyo,12815,9050,6190,1738,,,1260,yes,0,0,9,yes,-0.2795463898971531
8972,13194203,NotHuai,17562,8449,4418,1786,,,1224,yes,0,0,8,yes,-0.2795545500156007
8973,20758295,Wristslittr,12926,9034,,1820,yes,9601,1111,,1,3,0,,-0.279587906988644
8974,8736217,OpenGL,14790,8782,4277,1791,,8310,1134,,2,3,5,yes,-0.27962547929898146
8975,26450778,Bangray,23796,7861,3494,1817,,,1188,yes,0,0,78,yes,-0.2796389830107899
8976,11825315,NoPengoo,17029,8509,,1798,yes,4688,1219,,2,8,0,,-0.27990649401641926
8977,10045132,rptl,9463,9607,7380,1712,,6734,1166,,1,2,10,yes,-0.28018154010296853
8978,12831225,Vdexxx,15489,8694,4996,1768,,,1239,yes,0,0,23,yes,-0.28035873329156163
8979,10661152,ZAKRZEWSKI,13265,8984,4759,1775,,6705,1167,,4,12,13,yes,-0.28049931681765183
8980,27818219,heptadic,8404,9822,9091,1681,,,1308,yes,0,0,9,yes,-0.280516472954055
8981,17685446,huntaa,16380,8581,,1801,yes,5044,1208,,1,5,0,,-0.280699224072489
8982,1602727,Kazan,17414,8466,,1796,yes,4593,1222,,4,15,0,,-0.2812370753292427
8983,8256403,Lewty,15521,8690,,1806,yes,5788,1187,,1,4,0,,-0.28128976724140264
8984,16087001,k4r1cow,22836,7945,3152,1830,,,1193,yes,0,0,8,yes,-0.28133688781776334
8985,5084172,PurePeace,16548,8561,,1800,yes,4958,1211,,1,3,0,,-0.28141254399237553
8986,8510650,RudyOmega,24482,7805,3234,1827,,,1184,yes,0,0,21,yes,-0.2815054090485979
8987,4734497,feifeiis,12295,9129,,1823,yes,6924,1162,,11,50,0,,-0.2815241082824261
8988,11966411,Revitalize,15144,8740,,1808,yes,9049,1121,,1,1,0,,-0.2815802402640692
8989,10248474,FART LORD,12795,9052,7400,1712,,7631,1147,,1,1,2,yes,-0.28182103105722656
8990,8669198,BabyChickenPL,17587,8446,,1795,yes,4615,1221,,44,168,0,,-0.28190948497903
8991,20164146,noobzexe,5811,10463,8775,1687,,7687,1146,,2,6,15,yes,-0.28218453307149505
8992,14690886,Kselon122,13669,8930,7564,1709,,,1253,yes,0,0,2,yes,-0.2822008196074824
8993,11040072,Den59,14757,8787,,1810,yes,6960,1161,,1,3,0,,-0.2824153829422328
8994,9298185,DeathPheonix,13209,8991,,1818,yes,8395,1133,,1,4,0,,-0.28264402009593137
8995,11489119,bjs,15385,8708,,1806,yes,8266,1135,,1,1,0,,-0.28270441525142437
8996,5014714,Kurogemy,15800,8652,,1804,yes,5417,1197,,2,6,0,,-0.2828092212754799
8997,22530176,qrchie,15107,8744,,1808,yes,7170,1157,,1,2,0,,-0.28288862903733986
8998,8826046,_Riley,9794,9550,6498,1731,,8006,1140,,3,7,5,yes,-0.28296535886760943
8999,13905767,Shad0w332,15405,8704,,1806,yes,8194,1137,,1,1,0,,-0.2830275728217289
9000,13042655,Grovyle,14794,8782,,1809,yes,6934,1162,,1,3,0,,-0.2830410385549662
9001,4399623,Deadpool,21064,8103,3316,1824,,,1204,yes,0,0,5,yes,-0.2833608396479959
9002,12210732,Flamiras,10445,9429,8674,1689,,,1283,yes,0,0,5,yes,-0.28336316557301433
9003,28324615,Joevertae,19823,8216,3960,1802,,,1211,yes,0,0,11,yes,-0.2834736392230278
9004,2070407,B O X,22912,7937,,1773,yes,3212,1281,,4,15,0,,-0.2835250878053426
9005,694480,Hakumo Ai,14639,8804,,1810,yes,5651,1191,,51,209,0,,-0.28384123722436216
9006,11980735,superalv123,13679,8928,,1815,yes,6156,1178,,14,51,0,,-0.2840928074509728
9007,4257559,Knakworst,14903,8769,,1809,yes,5640,1191,,12,33,0,,-0.28409850731505687
9008,32749601,pawell,13368,8969,7069,1719,,,1255,yes,0,0,3,yes,-0.284180090461398
9009,12723512,ThatFatOsuDude,15377,8709,,1806,yes,8391,1133,,1,1,0,,-0.28431008868715224
9010,9611797,Mocaca,9622,9579,,1841,yes,9105,1120,,10,34,0,,-0.2843919860276082
9011,14138663,Unluckyest,14792,8782,5347,1759,,,1244,yes,0,0,12,yes,-0.28460796635036656
9012,12763959,ameponzu,12704,9066,4415,1786,,7430,1151,,7,29,10,yes,-0.2846449153073698
9013,20644852,[Jameson],19135,8284,4103,1797,,,1215,yes,0,0,10,yes,-0.28466436349209656
9014,21631052,DonutStorm,9753,9556,6843,1723,,,1291,yes,0,0,73,yes,-0.2847570917415403
9015,14719114,Sliderlink,11699,9220,6669,1727,,,1270,yes,0,0,11,yes,-0.28476755108330004
9016,14812612,SUBA_,14813,8780,5941,1744,,,1244,yes,0,0,3,yes,-0.2848703734555619
9017,32378952,hot pocket,14944,8765,5845,1746,,,1243,yes,0,0,3,yes,-0.28494567169922114
9018,1407516,-N a n a k o-,23393,7894,,1771,yes,3378,1272,,11,53,0,,-0.2849739961856762
9019,13145504,Gesu,26103,7684,2868,1842,,5205,1203,,7,21,18,yes,-0.28533540458639534
9020,12045415,rrohe,14636,8804,,1810,yes,5732,1189,,17,59,0,,-0.28555723406112693
9021,12408478,FreshinS,12800,9051,6449,1732,,,1260,yes,0,0,7,yes,-0.28563574970194106
9022,12699168,Reveall,12860,9043,,1820,yes,9978,1105,,1,3,0,,-0.28567950128907976
9023,21815688,Boness,12899,9038,5866,1745,,,1259,yes,0,0,21,yes,-0.2859432331815765
9024,5297738,Cyron,16327,8586,,1801,yes,5346,1199,,1,2,0,,-0.2859978964953186
9025,34470719,vetochkin,20615,8140,3448,1819,,,1206,yes,0,0,5,yes,-0.2861961406554698
9026,11026352,Rupo,12268,9134,5949,1744,,8839,1125,,1,4,1,yes,-0.2864323910335027
9027,194294,Mara,29777,7442,2498,1860,,5766,1188,,7,16,32,yes,-0.2865270402979048
9028,7209831,Relos,27934,7557,,1755,yes,2612,1319,,4,20,0,,-0.2869257039784775
9029,11379588,Majernja,14775,8784,5258,1761,,,1244,yes,0,0,26,yes,-0.2869731231164361
9030,34271325,n3cv0,9417,9614,7487,1710,,,1295,yes,0,0,20,yes,-0.28700185127559436
9031,23556812,ShirokoMyWaifu,26881,7628,2846,1843,,,1170,yes,0,0,15,yes,-0.28707192710108137
9032,10862128,n0 body,11777,9207,,1826,yes,7252,1155,,26,77,0,,-0.2874050341669058
9033,15620983,finwah,12267,9134,9668,1671,,,1265,yes,0,0,2,yes,-0.28740762110436724
9034,16783559,capixuji,9553,9591,4731,1776,,9754,1109,,6,20,5,yes,-0.2879057150249423
9035,4019511,Maharen,16114,8613,,1802,yes,5311,1200,,2,6,0,,-0.28796965855405354
9036,21963702,fjdjdn,15041,8752,5655,1751,,,1242,yes,0,0,4,yes,-0.2880687840693559
9037,14737048,KawII,16927,8520,4685,1777,,,1229,yes,0,0,17,yes,-0.2882036422171899
9038,5280914,Barto,13757,8918,6242,1737,,,1252,yes,0,0,5,yes,-0.28821821191883196
9039,9649701,xayanide,22658,7960,3090,1833,,,1195,yes,0,0,6,yes,-0.28823388617424994
9040,5587303,Ben-Hur,16911,8522,4669,1778,,,1229,yes,0,0,3,yes,-0.2883296757169038
9041,19499782,New York,9260,9643,,1843,yes,9225,1118,,16,55,0,,-0.288341781803914
9042,31194166,KK0123,15156,8739,5169,1763,,,1241,yes,0,0,22,yes,-0.2884228577956148
9043,6374167,Asoreand,17400,8467,,1796,yes,4679,1219,,4,11,0,,-0.2886513738509537
9044,7440644,-Slasher,10347,9447,7602,1708,,,1284,yes,0,0,10,yes,-0.2887390867783565
9045,13869921,[AE-86],13263,8984,7246,1715,,,1256,yes,0,0,3,yes,-0.28888165289993406
9046,5351310,odlewnyk,13416,8961,8360,1695,,4753,1217,,2,3,2,yes,-0.2889949732260911
9047,11799961,RNG Dice,15260,8723,6463,1732,,5174,1204,,3,6,1,yes,-0.28901073968885965
9048,10748840,Treex,16012,8626,4965,1769,,,1235,yes,0,0,12,yes,-0.2892556407317951
9049,10258683,Doblon,15891,8641,,1804,yes,5772,1188,,2,3,0,,-0.28954557901480643
9050,12159050,lip,16376,8581,4862,1772,,,1232,yes,0,0,10,yes,-0.2896256637276811
9051,30813924,Pyee,16357,8583,4911,1771,,,1232,yes,0,0,6,yes,-0.2896696395471632
9052,10344658,Ayrie-,13426,8960,,1817,yes,6291,1175,,50,133,0,,-0.28998278052256515
9053,5276579,Pyrooo,18636,8336,,1791,yes,3908,1248,,1,4,0,,-0.2899872214840792
9054,10276624,Faro,14859,8775,,1809,yes,5720,1189,,15,46,0,,-0.2903176256321432
9055,11010372,naoe,17463,8461,4487,1784,,,1225,yes,0,0,4,yes,-0.2904815048186311
9056,9841061,RandyAura,16287,8592,,1802,yes,6023,1182,,1,1,0,,-0.2904816299339647
9057,10658494,potar,11220,9298,8144,1699,,,1275,yes,0,0,5,yes,-0.29049796578065906
9058,4411044,Arhella,25584,7722,,1763,yes,3157,1284,,22,95,0,,-0.2907651237880018
9059,11548403,_mushr00m_,17711,8433,3988,1801,,6968,1161,,1,3,10,yes,-0.2907830780250739
9060,15539198,Ritso,20106,8188,3751,1809,,,1209,yes,0,0,6,yes,-0.2910719860323461
9061,29984260,wiiik,12241,9138,6873,1723,,,1265,yes,0,0,7,yes,-0.2910924784863788
9062,4639122,Nabiha,13371,8969,7201,1716,,,1255,yes,0,0,3,yes,-0.2912620516916418
9063,10204412,Sqlslammer_LV,9671,9571,5615,1752,,8442,1132,,6,19,5,yes,-0.2913601865820902
9064,9249359,SqualZ,14803,8781,,1809,yes,5999,1182,,5,13,0,,-0.2915408554002072
9065,18718900,Jexhy,16704,8545,4797,1774,,,1230,yes,0,0,8,yes,-0.2919644387552252
9066,7509103,Nezol,15542,8687,,1806,yes,8364,1133,,1,1,0,,-0.29208242979597554
9067,10057811,OGK_psyduck,8835,9730,8611,1690,,,1302,yes,0,0,11,yes,-0.29217040436281344
9068,14765820,[MG]Lunar,13570,8941,,1816,yes,8230,1136,,3,4,0,,-0.29219733161673433
9069,4445335,Lorn,17420,8465,,1796,yes,4586,1222,,2,4,0,,-0.29222818243592524
9070,69114,YGOkid8,19505,8248,,1787,yes,4105,1240,,5,19,0,,-0.2923355511587413
9071,22691178,Dwego,12290,9130,7669,1707,,,1265,yes,0,0,4,yes,-0.29238526509887913
9072,10321695,celestialgaze,13639,8933,7899,1703,,,1253,yes,0,0,2,yes,-0.2924319540607945
9073,8329811,1miss_rita,17808,8422,,1794,yes,4074,1241,,1,2,0,,-0.29247188524577666
9074,14359594,Fordor,26458,7659,2446,1863,,,1173,yes,0,0,6,yes,-0.29266050999531656
9075,8843479,liquidzoot,15188,8734,,1807,yes,7420,1151,,1,2,0,,-0.29290443557163326
9076,14966599,end12352,8026,9902,9896,1667,,,1313,yes,0,0,8,yes,-0.2930258004705092
9077,7946730,Shide,14781,8783,5338,1759,,,1244,yes,0,0,22,yes,-0.29320504758598775
9078,14978228,Google184,11310,9285,7503,1710,,,1274,yes,0,0,7,yes,-0.2935937807598914
9079,14895608,Sheppsu,22440,7980,3474,1818,,,1196,yes,0,0,11,yes,-0.29362143735136254
9080,8162718,Namjoon,17098,8501,,1798,yes,4741,1217,,1,2,0,,-0.29370824547987107
9081,11491075,Flow aim,16062,8620,4960,1769,,,1235,yes,0,0,20,yes,-0.2938204035905836
9082,5432606,-KuroTsuki-,14795,8782,,1809,yes,6864,1163,,1,4,0,,-0.29389187191090815
9083,29808311,kotax,13442,8957,8208,1698,,,1255,yes,0,0,2,yes,-0.29395811323920334
9084,18786334,ryexeu,15734,8661,5280,1761,,,1237,yes,0,0,5,yes,-0.29407401682268974
9085,17979583,eve enthusiast,15529,8689,5473,1756,,,1238,yes,0,0,4,yes,-0.2941399538772871
9086,17682485,moI,14258,8854,,1812,yes,8073,1139,,1,3,0,,-0.2942554111045796
9087,7554042,pillowcase,12461,9105,8256,1697,,6503,1171,,1,2,2,yes,-0.2944784313515123
9088,33634210,cloudland,12751,9060,9158,1680,,,1261,yes,0,0,2,yes,-0.29448573003637146
9089,4147275,HeartlessF,17381,8470,4628,1779,,,1226,yes,0,0,12,yes,-0.29464268334998267
9090,8221504,Karmagyre,24554,7799,3204,1828,,5046,1208,,8,19,16,yes,-0.2948812178644565
9091,12000574,-pinecone,11123,9314,8837,1686,,,1276,yes,0,0,4,yes,-0.2949638741753336
9092,17936840,sweetdip,15704,8666,,1805,yes,8029,1140,,1,1,0,,-0.29501006781928324
9093,37022452,runshit,12955,9030,7152,1717,,,1259,yes,0,0,4,yes,-0.2950766203809316
9094,25530991,ayberk,15395,8706,4141,1796,,8394,1133,,1,4,7,yes,-0.2951111891717217
9095,13483139,Vladkor,18224,8379,4498,1783,,,1220,yes,0,0,71,yes,-0.2953727392461276
9096,35360565,qwengel290,9726,9561,9098,1681,,,1291,yes,0,0,6,yes,-0.29541152120414554
9097,11015908,Euggs,20711,8131,,1782,yes,3556,1263,,2,8,0,,-0.2954245689531722
9098,12846190,BaLsNeR,13271,8983,6636,1728,,,1256,yes,0,0,5,yes,-0.2955271424031901
9099,16667400,Luanico,13168,9000,5786,1747,,,1257,yes,0,0,34,yes,-0.29558007891851695
9100,10933523,KANITEL,25796,7706,3284,1825,,,1176,yes,0,0,42,yes,-0.29572477223863347
9101,3228967,Jing Yuan,25648,7717,3141,1830,,5099,1206,,8,25,25,yes,-0.2957452031929735
9102,14760799,medidoux,15451,8698,7021,1720,,,1239,yes,0,0,1,yes,-0.29590121648569606
9103,11884894,Aemi,11992,9177,6130,1739,,,1268,yes,0,0,60,yes,-0.29618453670542544
9104,13600684,kdj8381,24255,7823,3056,1834,,,1185,yes,0,0,9,yes,-0.29621931472327095
9105,18009205,ayekas,12663,9072,9324,1677,,,1261,yes,0,0,2,yes,-0.29621983411477343
9106,13906869,Malky,10737,9382,7277,1714,,,1280,yes,0,0,12,yes,-0.2962551081538388
9107,12638442,iamoneofthegods,14445,8830,,1811,yes,7877,1143,,1,3,0,,-0.2963769120325561
9108,10060797,girls kissing,15381,8708,,1806,yes,7227,1156,,1,2,0,,-0.2965838944684758
9109,5102089,cannedfruit,17665,8438,,1795,yes,3861,1250,,1,1,0,,-0.29661208151407803
9110,3868804,Niel,18819,8318,,1790,yes,3751,1254,,1,3,0,,-0.2967896499061634
9111,17336678,MauricioJr,6956,10158,9237,1678,,8374,1133,,1,2,10,yes,-0.2968133245312584
9112,16594522,pt0,13880,8902,,1814,yes,7360,1153,,2,6,0,,-0.2968239083658688
9113,6442494,missyou,15702,8666,,1805,yes,6669,1167,,1,2,0,,-0.29690843840551306
9114,3836243,IEatCookies,17105,8500,,1798,yes,4907,1212,,3,7,0,,-0.29693372609234114
9115,15721285,tomatomofoo,8266,9851,8536,1691,,,1310,yes,0,0,17,yes,-0.2970190271518258
9116,13697018,FragileBox,14041,8882,,1813,yes,9890,1107,,1,2,0,,-0.2970693175534516
9117,18607342,Kheops,12362,9120,5993,1742,,,1264,yes,0,0,66,yes,-0.29712165540812263
9118,9768311,Xenoray,12254,9136,,1824,yes,7553,1149,,5,22,0,,-0.2974834205823754
9119,5142960,-Lolisim-,16896,8523,,1799,yes,5031,1209,,6,8,0,,-0.29749855076912646
9120,22616792,s3ven_0,28244,7538,4591,1780,,2851,1304,,4,24,50,yes,-0.29749940021463184
9121,6060569,Lady MiddleRing,17979,8406,4562,1781,,,1222,yes,0,0,64,,-0.2975863082462965
9122,3897320,nagato555,16218,8599,,1802,yes,5344,1199,,3,10,0,,-0.29761891532007223
9123,5122587,Isanya,21282,8083,3975,1801,,,1203,yes,0,0,38,yes,-0.2976725530001987
9124,24997394,Enterpriselol,16876,8525,4794,1774,,,1229,yes,0,0,9,yes,-0.29773910718621516
9125,8834193,John Porking,17266,8482,4686,1777,,,1226,yes,0,0,17,yes,-0.29776377355027717
9126,4192805,RedLight748,11462,9257,,1828,yes,8217,1136,,7,20,0,,-0.29789847235100064
9127,14003547,Andrews,6796,10200,9347,1676,,,1332,yes,0,0,22,,-0.29797648923822345
9128,4369309,Lunicia,18893,8310,3079,1833,,7651,1147,,12,42,19,yes,-0.29808479078920336
9129,13789459,Hoho,15352,8711,,1807,yes,6384,1173,,2,4,0,,-0.2981006713521101
9130,6757493,Rekoe,12419,9112,9806,1669,,,1264,yes,0,0,2,yes,-0.29826833476471293
9131,18930094,OffSomi,21033,8106,3318,1824,,,1204,yes,0,0,4,yes,-0.2982931565598115
9132,17865200,Sayuuu_,6004,10414,9491,1674,,8804,1125,,5,14,5,yes,-0.2983979465799448
9133,12749779,[Lily_White],26205,7677,,1761,yes,3028,1292,,9,34,0,,-0.29902639191864216
9134,12058601,Squink,14027,8884,4347,1788,,7019,1160,,75,253,29,yes,-0.29951457006428994
9135,12776283,V1tos910,15285,8720,,1807,yes,9851,1107,,1,1,0,,-0.2996307724198436
9136,13260792,BBC Enjoyer,12201,9145,,1824,yes,7402,1152,,12,37,0,,-0.2997012062350024
9137,7399442,kurumilover,17921,8411,4458,1785,,,1222,yes,0,0,5,yes,-0.30010410584301306
9138,3607337,Xiaoraini,16283,8592,,1802,yes,5278,1201,,7,26,0,,-0.300120700828017
9139,13510754,MistEclipse,12513,9095,,1822,yes,7965,1141,,5,11,0,,-0.3004895196425788
9140,19613509,4ng3l,16951,8517,4779,1774,,,1228,yes,0,0,89,yes,-0.3005433315959976
9141,14472654,jase,13424,8960,6325,1735,,,1255,yes,0,0,7,yes,-0.3006042964183881
9142,7093373,papika,8383,9826,6670,1727,,7275,1155,,28,83,10,yes,-0.3006226898251133
9143,18680168,Velolyn,16145,8608,4950,1769,,,1234,yes,0,0,123,,-0.3007017733968391
9144,14579989,deGLe,15186,8734,5208,1762,,,1241,yes,0,0,80,yes,-0.30073036732788483
9145,13313613,-wwww,12892,9039,,1820,yes,9461,1114,,1,4,0,,-0.3008450891592819
9146,9189261,Praxeology,17617,8443,,1795,yes,4692,1219,,1,6,0,,-0.30105532956386943
9147,20557407,metallobaza,12592,9083,6446,1732,,,1262,yes,0,0,11,yes,-0.3011573560495223
9148,14399995,YumiNekomori,17385,8470,4687,1777,,,1226,yes,0,0,14,yes,-0.30144390883798294
9149,7849833,allumin,15238,8727,4596,1780,,9196,1118,,1,2,31,yes,-0.301944341204347
9150,1926383,Chupalika,18460,8355,,1792,yes,4268,1234,,3,5,0,,-0.3022901416991852
9151,12871529,Kyumi,15031,8753,,1808,yes,5894,1184,,8,25,0,,-0.3025249157852656
9152,16545893,xMelonpantsu,15505,8692,,1806,yes,5638,1191,,14,36,0,,-0.30257904825158694
9153,16102492,PapaGunch,9385,9619,5334,1759,,8072,1139,,21,83,35,yes,-0.30278817225990384
9154,12914832,Sviblow,17250,8484,5360,1759,,4332,1231,,3,9,6,yes,-0.3028873683676415
9155,10054893,hahahami,16260,8594,,1802,yes,5295,1201,,23,76,0,,-0.30303922584135606
9156,17235615,Asher1,15712,8665,5176,1763,,,1237,yes,0,0,15,yes,-0.30307092959877535
9157,12080859,wackyburgerdude,16369,8581,5706,1750,,,1232,yes,0,0,1,yes,-0.30326831531987286
9158,20237935,KCS2,25952,7695,2447,1863,,,1175,yes,0,0,5,yes,-0.30344575701804777
9159,35248950,balleater,21575,8058,2965,1838,,,1201,yes,0,0,3,yes,-0.3035257027006901
9160,9153879,Akko The Rock,13542,8944,7295,1714,,,1254,yes,0,0,3,yes,-0.3035367133439092
9161,23872463,AliciAnSeele,13865,8904,,1814,yes,8241,1136,,2,4,0,,-0.30370324644711505
9162,11913173,Chrueso,10571,9408,,1834,yes,9996,1105,,4,11,0,,-0.3037362051813793
9163,9047034,Gary Eats,15111,8744,,1808,yes,5776,1188,,31,127,0,,-0.3041226387103847
9164,6291386,Tactic,17460,8461,,1796,yes,4783,1216,,1,4,0,,-0.3043670745444681
9165,11247658,Exxorcist,20453,8154,3783,1808,,,1207,yes,0,0,6,yes,-0.3044240086148277
9166,16748901,MoonWheel,27079,7615,9509,1674,,2089,1359,,2,11,1,yes,-0.30447306962805587
9167,30797639,Serika,10081,9499,7537,1709,,,1287,yes,0,0,16,yes,-0.3046376506714654
9168,3345466,Abrown516,16181,8603,6340,1735,,4972,1210,,7,21,1,yes,-0.3049574023029866
9169,23902737,zixby,12657,9073,6133,1739,,,1261,yes,0,0,25,,-0.3050691968800909
9170,6787641,JESSMI2,20393,8159,,1783,yes,4007,1244,,6,20,0,,-0.30526186362520763
9171,3583351,Gatuto,18952,8303,,1789,yes,4214,1236,,2,7,0,,-0.30529649092701244
9172,6567273,emo_drain_2009,20712,8131,,1782,yes,4027,1243,,13,41,0,,-0.3054393442853826
9173,4101254,maybeAghost,13743,8919,,1815,yes,6812,1164,,4,17,0,,-0.3054701818754841
9174,5209873,artem2007,13074,9013,,1819,yes,8778,1126,,2,5,0,,-0.305547546659755
9175,18445272,robarto,14740,8790,5131,1765,,8354,1133,,1,2,1,yes,-0.3056263879450989
9176,3457063,bemp,11645,9229,,1827,yes,8428,1132,,5,16,0,,-0.30565439297927094
9177,3780087,kiinain,24894,7772,3269,1826,,,1181,yes,0,0,16,yes,-0.30569492882048915
9178,21031812,Batinay,19265,8270,4084,1798,,,1214,yes,0,0,5,yes,-0.30594464492956985
9179,12637171,-buba,11468,9257,8733,1688,,,1273,yes,0,0,4,yes,-0.30605280560521075
9180,18272029,Dinkii,16215,8600,4989,1768,,,1233,yes,0,0,72,yes,-0.30622794682635485
9181,12835025,tx_,13943,8895,6421,1733,,,1251,yes,0,0,5,yes,-0.30623056604078414
9182,38078470,[wuhf],13502,8949,8473,1693,,,1254,yes,0,0,2,yes,-0.30628690975768375
9183,8873753,jonttu45,11666,9224,7445,1711,,,1271,yes,0,0,7,yes,-0.3064438866304036
9184,3074897,Tew,9885,9534,7994,1701,,,1289,yes,0,0,12,yes,-0.3064541819752753
9185,12009129,bapelis,13955,8893,6640,1728,,,1250,yes,0,0,4,yes,-0.30652223490551184
9186,2042565,jms8719,31933,7312,3629,1813,,3448,1269,,6,24,38,yes,-0.3066925764784326
9187,28675520,[QwQ],11218,9299,7045,1719,,,1275,yes,0,0,14,yes,-0.30711739940283117
9188,7933825,ronaldonater,18871,8312,4440,1785,,,1216,yes,0,0,29,yes,-0.3072005354764175
9189,4935477,Cawfee,15733,8661,,1804,yes,5980,1183,,2,6,0,,-0.30730168621050946
9190,29329456,Reunify,11206,9301,7329,1713,,,1275,yes,0,0,10,yes,-0.30731619861330095
9191,17722628,Aukoto,13507,8948,5198,1763,,8935,1123,,1,3,2,yes,-0.30754783706993394
9192,9473917,BurninLight,17080,8503,4815,1773,,,1228,yes,0,0,60,yes,-0.3077260390064418
9193,10910261,Hu_Ai,16855,8528,,1799,yes,5172,1204,,10,30,0,,-0.30783667860820096
9194,10247725,Gurix,14448,8830,,1811,yes,6488,1171,,3,15,0,,-0.30792865795188107
9195,5166438,Nexius,21090,8100,,1780,yes,3345,1274,,1,5,0,,-0.3079427881533234
9196,30100479,jjelyuno4,8908,9712,7625,1707,,,1301,yes,0,0,44,yes,-0.3079566177519338
9197,34062850,Ripa333,18445,8357,4363,1788,,,1219,yes,0,0,5,yes,-0.3079713812806195
9198,12067932,speed,10699,9387,7323,1713,,,1280,yes,0,0,14,yes,-0.3081566634575118
9199,16259432,Snoumu,11548,9244,8358,1695,,7058,1159,,1,5,2,yes,-0.30827321953522135
9200,6375199,BASARA,13989,8889,5966,1743,,,1250,yes,0,0,10,yes,-0.3084126424497599
9201,12295900,CasualNobody-,10101,9493,8124,1699,,,1287,yes,0,0,10,yes,-0.3085919768791676
9202,18472036,Autism0,13234,8988,8899,1685,,,1256,yes,0,0,2,yes,-0.30863112600307974
9203,1786945,Kaine,21487,8065,,1779,yes,3499,1266,,2,8,0,,-0.3089170276294741
9204,8762583,Kodykamka,10059,9503,7489,1710,,,1287,yes,0,0,19,yes,-0.3092345862792505
9205,12832395,Roestvrij Staal,13153,9002,9058,1682,,,1257,yes,0,0,2,yes,-0.3095986994094763
9206,7428460,Razito,13881,8902,9734,1670,,4041,1242,,1,3,2,yes,-0.3096450024508366
9207,14259540,ripmansion,14369,8841,,1812,yes,7486,1150,,1,5,0,,-0.31000629094692544
9208,19634079,_Simple_,18516,8349,4559,1781,,,1218,yes,0,0,104,,-0.31018165663859243
9209,20124667,Bo_Bandy,14905,8769,3293,1825,,9377,1115,,10,30,11,yes,-0.31035277647961473
9210,10426253,Moeta,13027,9020,,1819,yes,7542,1149,,6,14,0,,-0.31051843697534726
9211,30374398,shevy1661,8195,9864,8214,1697,,,1311,yes,0,0,36,yes,-0.31056084236859516
9212,13871531,Ciastek61,30821,7378,1536,1921,,9728,1109,,1,7,10,yes,-0.310630671250286
9213,9441958,steen,23843,7856,,1769,yes,3435,1269,,13,33,0,,-0.3108804408262174
9214,11911704,sprongle,10831,9364,7932,1702,,,1279,yes,0,0,8,yes,-0.31090059214187044
9215,31023286,1ncstinct,9225,9649,8609,1690,,,1297,yes,0,0,11,yes,-0.31101070209540177
9216,12577108,woofus,8621,9777,7266,1714,,8809,1125,,1,2,22,yes,-0.31111923781050294
9217,13854489,skro,7813,9951,9703,1670,,,1316,yes,0,0,11,yes,-0.3111682440307805
9218,18522853,Beanon,10589,9405,9721,1670,,,1282,yes,0,0,4,yes,-0.311635146970232
9219,24737781,Lox,11637,9231,6469,1731,,,1271,yes,0,0,41,yes,-0.3116572814858085
9220,12102232,Vindrue,12927,9034,6102,1740,,,1259,yes,0,0,27,yes,-0.31169744594713755
9221,11226442,d_senoval,14237,8857,,1812,yes,8712,1127,,2,3,0,,-0.3117429862308817
9222,33477836,Madowek,10118,9491,8503,1692,,,1287,yes,0,0,8,yes,-0.311836206978753
9223,7461207,Gingah,16175,8604,5147,1764,,,1234,yes,0,0,11,yes,-0.31195980646502713
9224,31274036,Dan_Z,7696,9978,9538,1673,,,1318,yes,0,0,13,yes,-0.3121415234551267
9225,13976265,chasangel,10326,9452,7265,1714,,,1284,yes,0,0,22,yes,-0.31216448434381855
9226,4564031,EldarGinz,13834,8909,,1815,yes,9350,1115,,1,3,0,,-0.3121883991490437
9227,11283763,Qutatos,18541,8346,4482,1784,,,1218,yes,0,0,10,yes,-0.31224150138842316
9228,33065994,reyphs,15724,8663,5214,1762,,,1237,yes,0,0,27,yes,-0.31224505177231476
9229,2272587,Trainjumper,16750,8540,,1799,yes,5248,1202,,38,115,0,,-0.31229316033831267
9230,9479117,Userfound,8233,9858,7848,1703,,,1310,yes,0,0,108,yes,-0.3124183017999952
9231,12017896,ToasterCat,11806,9202,,1826,yes,9765,1109,,3,7,0,,-0.3124879394371699
9232,23110197,annarisa,20681,8134,,1782,yes,3368,1273,,1,4,0,,-0.3124941003892123
9233,35383814,[Karina],8646,9772,9420,1675,,,1305,yes,0,0,9,yes,-0.3126114798329038
9234,1201586,RndGuy,26758,7637,,1759,yes,3112,1288,,12,51,0,,-0.31269692049835124
9235,16583941,MisonoMika,12465,9104,7509,1710,,,1263,yes,0,0,5,yes,-0.3127646558247593
9236,10875943,Jokermann,14833,8778,,1809,yes,8942,1123,,1,2,0,,-0.31282677188591224
9237,15258926,klezz,10807,9370,7822,1704,,,1279,yes,0,0,9,yes,-0.31295380948501306
9238,3420218,Lukowie,15333,8714,8027,1701,,,1240,yes,0,0,1,yes,-0.3132304560136358
9239,7764053,_Chroma,24388,7812,2473,1862,,5795,1187,,3,9,5,yes,-0.3132318373208216
9240,12275487,Virma,13885,8902,6281,1736,,,1251,yes,0,0,7,yes,-0.3132604184735062
9241,14554816,r0st1shka,15272,8722,,1807,yes,8118,1138,,1,2,0,,-0.31329244548473334
9242,13369419,Pilvion,19197,8276,4355,1788,,,1214,yes,0,0,13,yes,-0.3134015268855191
9243,11811036,4XnL,48736,6518,,1702,yes,1697,1397,,42,154,0,,-0.313411208383989
9244,32736786,PlippPlopp,14164,8867,7014,1720,,,1249,yes,0,0,3,yes,-0.313687945389702
9245,7717845,Avery,19171,8280,,1788,yes,4104,1240,,1,5,0,,-0.3138364703222863
9246,24287506,MorgoRex,14594,8809,,1811,yes,9475,1113,,1,2,0,,-0.31385982281325875
9247,15020799,Ryouuta,13593,8939,,1816,yes,7439,1151,,3,10,0,,-0.31395398358684673
9248,14436232,QockkeN,15603,8679,,1805,yes,6873,1163,,3,3,0,,-0.31416093064923756
9249,22225935,tyler,11918,9188,6345,1734,,,1268,yes,0,0,58,yes,-0.31416471466690093
9250,34918003,paraliz,12642,9075,6307,1735,,,1262,yes,0,0,20,yes,-0.3142310206980649
9251,18202495,Zanno,16035,8623,6644,1728,,,1235,yes,0,0,1,yes,-0.31443374015124326
9252,12013741,Purple_,15427,8701,5570,1753,,,1239,yes,0,0,7,yes,-0.31465272580649417
9253,13622508,kapikki,11014,9334,6851,1723,,,1277,yes,0,0,31,yes,-0.31472284886275365
9254,5242347,-Sphere-,14317,8848,5677,1750,,,1248,yes,0,0,26,yes,-0.31501913564065415
9255,11687585,kukoyoshi,9581,9585,7142,1717,,8700,1127,,1,3,9,yes,-0.31513631634022976
9256,10278556,Fredward Benson,13741,8919,,1815,yes,7587,1148,,2,8,0,,-0.3151846063813757
9257,11321305,Mayoka223,18735,8327,4560,1781,,,1217,yes,0,0,79,yes,-0.3158361676786291
9258,21618731,zsamael,15675,8669,,1805,yes,9588,1111,,1,1,0,,-0.3158724257511528
9259,11924802,Denis L,14316,8848,,1812,yes,8772,1126,,1,3,0,,-0.31595812263099315
9260,3878133,xLePhantom,9713,9564,9489,1674,,,1291,yes,0,0,6,yes,-0.3159766554582341
9261,13336172,akiiiiii,13040,9018,9384,1676,,,1258,yes,0,0,2,yes,-0.31600582397184435
9262,10247076,NM2,10582,9406,4585,1781,,9692,1110,,7,18,1,yes,-0.3160244673735452
9263,16826031,Arelochka,21008,8108,4149,1795,,,1204,yes,0,0,37,yes,-0.3160354789518218
9264,9482185,Bashur,17655,8439,,1795,yes,4932,1211,,3,6,0,,-0.3162498730574001
9265,18962838,CirF,13719,8923,5865,1745,,,1252,yes,0,0,25,,-0.31637735722749044
9266,14462636,tadpole,13517,8947,,1816,yes,8218,1136,,1,6,0,,-0.31664870394178724
9267,4869346,Afmun,11225,9297,,1830,yes,8130,1138,,28,107,0,,-0.31685126992260765
9268,13406083,FlyingDzban,14567,8812,6732,1726,,,1246,yes,0,0,3,yes,-0.31687420422340246
9269,17834207,FlightlessAz,15914,8637,,1803,yes,6275,1176,,1,4,0,,-0.3169059539749626
9270,20400723,Bram,17762,8428,4580,1781,,,1223,yes,0,0,2,yes,-0.3169175904603512
9271,3214844,Feiri,14305,8849,6161,1739,,5270,1201,,8,42,5,yes,-0.3169285493238214
9272,34959337,Panzer4OSU,12771,9056,6624,1728,,,1260,yes,0,0,10,yes,-0.3170734065469748
9273,11938221,kafajala,18163,8385,3956,1802,,7453,1151,,1,5,15,yes,-0.3171422348145204
9274,6265645,Azubux1,16965,8515,,1798,yes,5540,1194,,1,2,0,,-0.31719903346708134
9275,20704956,Twistedreality,13641,8933,6214,1738,,6917,1162,,4,9,1,yes,-0.3173134302060755
9276,21241984,SUPERtitilt,21018,8107,3982,1801,,,1204,yes,0,0,11,yes,-0.31737455393732783
9277,9066838,AndrewRK,13511,8948,,1816,yes,7821,1144,,3,8,0,,-0.31741509541630386
9278,18349668,Aeghil,19768,8223,4182,1794,,,1211,yes,0,0,8,yes,-0.3175890634017471
9279,9225321,Monodii,14378,8839,6932,1722,,,1247,yes,0,0,3,yes,-0.3177593523608965
9280,15202426,IDeadlyI,14377,8839,5632,1751,,,1247,yes,0,0,39,yes,-0.3178375477327442
9281,665148,sigmadroid,17489,8458,,1796,yes,5080,1207,,10,38,0,,-0.3179873740318959
9282,10806320,jiahuey6,17094,8501,,1798,yes,5286,1201,,2,5,0,,-0.31803614517285517
9283,15336211,megakeyrum,21088,8100,2357,1868,,9733,1109,,8,28,15,yes,-0.3182547218445663
9284,12055633,T1 Minji,13634,8934,,1816,yes,6888,1163,,11,35,0,,-0.3182787089198826
9285,4763906,LeIouche,16399,8578,,1801,yes,5486,1195,,9,26,0,,-0.3182867427902096
9286,6030596,Samake05,14287,8852,,1812,yes,7809,1144,,1,5,0,,-0.3183958540052496
9287,6575153,yorumi,9740,9558,,1840,yes,9655,1110,,14,41,0,,-0.3184188410881523
9288,3094900,Shi Thi,18575,8341,,1791,yes,4664,1220,,4,15,0,,-0.31889061260672763
9289,14942888,cxzxx,12421,9112,8148,1699,,,1264,yes,0,0,4,yes,-0.31889135936102
9290,31840719,Spang,9066,9680,7624,1707,,,1299,yes,0,0,52,yes,-0.31889851577809614
9291,22336807,DeeTea_,16313,8588,6335,1735,,,1233,yes,0,0,1,yes,-0.3190788823002578
9292,10208188,J u s t_J a k e,22696,7958,3342,1823,,,1194,yes,0,0,6,yes,-0.3192239631635572
9293,22989754,Gachouk,9697,9565,7990,1701,,,1292,yes,0,0,16,yes,-0.31923954094403106
9294,10634940,Wonderful Shiro,16158,8606,7023,1720,,4920,1212,,1,3,1,yes,-0.3193175362656517
9295,2988018,Lamina,16995,8513,5162,1764,,,1228,yes,0,0,2,yes,-0.31935361027736775
9296,14754071,thecrazypudding,12104,9162,6725,1726,,6988,1161,,1,2,7,yes,-0.3194466193773011
9297,22501569,FakeDomisax,23549,7880,3764,1808,,,1189,yes,0,0,42,,-0.3196630079012611
9298,13344402,Radial,11597,9238,,1828,yes,8078,1139,,13,56,0,,-0.3196890507030216
9299,3997200,Floob,19721,8228,,1786,yes,3651,1259,,3,3,0,,-0.31985209110696683
9300,4381866,DoTrO,17772,8426,2506,1860,,8527,1130,,36,122,6,yes,-0.3200516444624079
9301,7586612,Emi__,18105,8390,,1793,yes,4833,1214,,5,15,0,,-0.3201103660173193
9302,12250416,blod814,12634,9076,7060,1719,,,1262,yes,0,0,7,yes,-0.32016682965468446
9303,4182426,abuser,19362,8261,4192,1794,,,1213,yes,0,0,5,yes,-0.32019589070071847
9304,19680480,xeladir,10568,9409,,1834,yes,8719,1127,,24,83,0,,-0.32052290515812737
9305,8715572,Microb,15455,8697,6115,1740,,,1239,yes,0,0,3,yes,-0.32059012189534297
9306,13092721,hrSuzu,7938,9923,9775,1669,,,1314,yes,0,0,11,yes,-0.3211552234758664
9307,3363171,abinsan,10223,9473,5435,1757,,9492,1113,,6,16,3,yes,-0.32129154091322004
9308,3556629,Mak Kau Hijau,17416,8466,,1796,yes,5153,1205,,2,6,0,,-0.32142453884720734
9309,20486709,CosmosWasTaken,18956,8303,4333,1789,,,1216,yes,0,0,5,yes,-0.321441307869364
9310,17710097,Dracium,16008,8626,6984,1721,,,1235,yes,0,0,1,yes,-0.32161290386840097
9311,12340596,retardado,15697,8667,4220,1793,,9766,1109,,1,3,7,yes,-0.32164749902382445
9312,15121355,a m a,25507,7726,2634,1853,,,1178,yes,0,0,5,yes,-0.3218443087122079
9313,18360878,_tek,12834,9046,9857,1668,,,1260,yes,0,0,2,yes,-0.32188717788248505
9314,14330379,i love nm,18512,8349,4621,1779,,,1219,yes,0,0,26,yes,-0.3220345486744012
9315,13212155,khalil14,15668,8670,7687,1707,,,1237,yes,0,0,1,yes,-0.32216710315073277
9316,23139927,emacikass,10010,9513,8283,1696,,,1288,yes,0,0,11,yes,-0.32216908764075936
9317,15807562,Komoro,12386,9116,7236,1715,,,1264,yes,0,0,7,yes,-0.32218149440953275
9318,16661068,echo6,13799,8913,,1815,yes,8105,1138,,2,6,0,,-0.3222012518360523
9319,14876629,NichtNinjaa,12262,9135,6524,1730,,,1265,yes,0,0,22,yes,-0.32228294017567244
9320,22338202,Quark,10856,9359,9047,1682,,,1279,yes,0,0,5,yes,-0.3225025366187405
9321,11364028,popera,14481,8823,,1811,yes,6980,1161,,4,10,0,,-0.32269890132900314
9322,8447215,KanyRadman,15681,8669,5979,1743,,,1237,yes,0,0,3,yes,-0.32275103032481567
9323,19433565,Radi7002,15239,8727,,1807,yes,6956,1161,,1,5,0,,-0.323016887226686
9324,5051719,Thaism,34210,7185,1966,1890,,,1136,yes,0,0,8,yes,-0.32307648278902756
9325,7317147,TheChaozEmperor,11510,9250,4861,1772,,9061,1121,,4,15,11,yes,-0.3230844078570679
9326,12515823,My Angel Erina,16176,8604,,1802,yes,6850,1163,,1,2,0,,-0.3231002718232078
9327,11907594,legsomile,10522,9416,8621,1690,,,1282,yes,0,0,7,yes,-0.32310160216143496
9328,13846250,White Clouds,16731,8543,5085,1766,,,1230,yes,0,0,16,yes,-0.3232346219959898
9329,21065049,[Zaxx],17361,8472,4898,1771,,,1226,yes,0,0,31,yes,-0.3232680088234284
9330,15904468,Reekpo,20078,8192,4249,1792,,,1209,yes,0,0,12,yes,-0.32338813263390553
9331,21902211,Jungle Pocket,14967,8762,,1809,yes,9208,1118,,1,2,0,,-0.323749353861952
9332,11823229,Fiskie,14093,8876,5173,1763,,8947,1123,,1,2,17,yes,-0.3240791929552598
9333,13372905,Flotskey,16461,8572,5026,1768,,5633,1191,,2,7,2,yes,-0.3240922195818132
9334,10979692,--Chaotic--,16612,8554,,1800,yes,7154,1157,,1,1,0,,-0.3241712730223255
9335,9008076,WilloSeshKing,17776,8426,,1795,yes,4924,1212,,2,3,0,,-0.32421122139013375
9336,9097783,Bingus,11425,9264,,1829,yes,9438,1114,,4,12,0,,-0.3242770806975852
9337,21118566,Arsac,11858,9196,7439,1711,,,1269,yes,0,0,8,yes,-0.3243636444256278
9338,12825668,paszaBiceps,11065,9324,7496,1710,,,1277,yes,0,0,12,yes,-0.32444931602881716
9339,11679851,Pebblin,14936,8766,,1809,yes,6476,1171,,5,16,0,,-0.3245014703033025
9340,9661461,forzenyubi,11351,9281,9206,1679,,7935,1142,,2,3,2,yes,-0.32471747147772856
9341,23925219,Roxy_Migurdia_,9360,9623,9035,1682,,,1296,yes,0,0,9,yes,-0.32480312278876067
9342,15275211,Sonak,31764,7321,2670,1851,,,1147,yes,0,0,21,yes,-0.32481566088499936
9343,7855006,LimyY,16179,8603,,1802,yes,5657,1190,,14,33,0,,-0.3248318373861713
9344,4362050,Stingrays,16542,8561,,1800,yes,7373,1153,,1,1,0,,-0.3248947325229261
9345,12017546,nek-,20417,8157,,1783,yes,4317,1232,,20,59,0,,-0.3250864860419929
9346,16290451,Sakuya Risu,13775,8915,8687,1689,,,1252,yes,0,0,2,yes,-0.32519816761200104
9347,19385395,NaberMudur,8074,9892,9600,1672,,9136,1120,,1,3,5,yes,-0.32528322482081473
9348,14358780,Tyzmo,14582,8810,,1811,yes,6682,1167,,5,17,0,,-0.32532170971678065
9349,8337056,LosPedros,15437,8700,4419,1786,,7026,1160,,4,15,7,yes,-0.3254124578559071
9350,20406861,frali,21308,8081,4022,1800,,,1203,yes,0,0,12,yes,-0.3255506148031144
9351,25179539,ced1l,9227,9649,8449,1693,,,1297,yes,0,0,15,yes,-0.32557696783591483
9352,13756940,Born in Ashes,15978,8631,,1803,yes,9233,1118,,1,1,0,,-0.3256123951125525
9353,6338935,Kurona,16251,8595,,1802,yes,8275,1135,,1,1,0,,-0.325719040471778
9354,13464446,Austin-,10405,9437,8193,1698,,,1284,yes,0,0,10,yes,-0.32575279649023586
9355,7263047,King Hong,18274,8373,,1792,yes,4847,1213,,5,14,0,,-0.325787104392317
9356,14951226,DerpyCarrot123,13742,8919,5485,1755,,9028,1121,,1,1,57,yes,-0.3258953201069071
9357,16576647,barryp,15328,8714,,1807,yes,8544,1130,,2,2,0,,-0.3260163689762249
9358,7852147,Senrox,16954,8516,5047,1767,,,1228,yes,0,0,15,yes,-0.3261045876530443
9359,11168731,Danaloshka51,16231,8598,,1802,yes,8380,1133,,1,1,0,,-0.3262947309279059
9360,15112768,dUwUby,16373,8581,,1801,yes,7967,1141,,1,1,0,,-0.3263204217928135
9361,38870867,btrx,12155,9153,6520,1730,,,1266,yes,0,0,30,yes,-0.3264832334848272
9362,15839660,ReDLinE-,17166,8494,4952,1769,,,1227,yes,0,0,85,yes,-0.32654926570276904
9363,11693591,L9 PP GLITCH,16787,8536,5911,1745,,,1230,yes,0,0,1,yes,-0.3266154016951134
9364,10482211,eidi,15685,8668,,1805,yes,5918,1184,,13,36,0,,-0.32664290904574184
9365,6493109,MommysKitten,12728,9063,,1821,yes,9415,1114,,2,6,0,,-0.3266774488420419
9366,2361479,Jesus Christ,18534,8347,,1791,yes,4527,1224,,2,4,0,,-0.32675864515586284
9367,33401465,Natohin,16743,8541,,1799,yes,7022,1160,,1,1,0,,-0.3267930233947397
9368,10649063,Basel_MA,17046,8507,,1798,yes,6223,1177,,1,1,0,,-0.3268465218383125
9369,27901106,Leoo-,14426,8833,7070,1719,,,1247,yes,0,0,3,yes,-0.32685938445079654
9370,13630640,Afsdjkf,12467,9104,8994,1683,,,1263,yes,0,0,3,yes,-0.32694271461328955
9371,1066242,Hexa1_,13730,8921,8800,1687,,,1252,yes,0,0,2,yes,-0.32695249762280504
9372,7919079,Chiful,13760,8917,,1815,yes,8265,1135,,3,6,0,,-0.3271797516881695
9373,17456069,snackychan420,10270,9462,9191,1679,,,1285,yes,0,0,6,yes,-0.32719256230653787
9374,1176704,Lapis,14670,8799,,1810,yes,8012,1140,,1,4,0,,-0.3273516829624661
9375,6367107,IStoleThePants,15578,8683,,1805,yes,6478,1171,,2,7,0,,-0.32739776167084855
9376,32285001,EnvyMD_,9776,9553,7704,1706,,,1291,yes,0,0,26,yes,-0.3279563314508622
9377,4298072,iBell,18373,8364,,1792,yes,4752,1217,,2,6,0,,-0.32803178871285615
9378,10873482,KEK0,17388,8469,,1796,yes,5522,1194,,1,1,0,,-0.3281126991046595
9379,18469819,TheDizieFox,12464,9105,6817,1724,,,1263,yes,0,0,12,yes,-0.3281496932985783
9380,3517198,Poofie,16422,8576,,1801,yes,5787,1187,,4,9,0,,-0.328432374715843
9381,15242660,aconite,21146,8095,2879,1842,,9039,1121,,2,3,6,yes,-0.3285013787745856
9382,11082742,BlackWolfosu,12541,9092,7239,1715,,,1263,yes,0,0,7,yes,-0.3287170524133743
9383,12446486,Kereminho,28455,7525,4021,1800,,3587,1262,,6,24,13,yes,-0.3288584294165852
9384,4354895,snezni,22849,7943,,1773,yes,3754,1254,,8,30,0,,-0.32888835637274194
9385,11065601,Kirisuu,15153,8739,,1808,yes,7017,1160,,1,6,0,,-0.32897249199917555
9386,2629230,suwavi,31124,7361,2971,1837,,,1150,yes,0,0,66,,-0.3290159231139599
9387,33424194,Ace1fy,10801,9371,7372,1712,,,1279,yes,0,0,18,yes,-0.32901600999654174
9388,10193978,CrisZR,16775,8538,,1799,yes,5931,1184,,1,3,0,,-0.32912350354270165
9389,14913516,cutie femboy 69,17843,8418,4822,1773,,,1223,yes,0,0,16,yes,-0.3291998786093885
9390,12111819,Tacticalcacti,22296,7994,3553,1816,,,1197,yes,0,0,6,yes,-0.32931125454800997
9391,14565778,LilyNoice,8452,9812,9030,1682,,,1307,yes,0,0,15,yes,-0.32950796885028705
9392,2431931,HolyPoly,20752,8128,,1782,yes,4168,1238,,5,19,0,,-0.32950988474099563
9393,20573292,dweeeet,13510,8948,9111,1681,,,1254,yes,0,0,2,yes,-0.32954323786549866
9394,8066515,MyAngelMorph1ne,17932,8410,9565,1673,,3671,1258,,13,32,2,yes,-0.3295518406434547
9395,35955258,FartMonster14,13420,8961,6631,1728,,,1255,yes,0,0,8,yes,-0.33003848820859844
9396,12029842,lustrous,12564,9087,7452,1711,,,1262,yes,0,0,6,yes,-0.3302297368438388
9397,15160261,johnson1201,15490,8693,,1806,yes,6541,1170,,2,8,0,,-0.3303219659666068
9398,18107601,QIYO9487,21210,8089,4132,1796,,,1203,yes,0,0,16,yes,-0.3303869807086795
9399,19045871,rewired,10336,9449,8188,1698,,,1284,yes,0,0,11,yes,-0.330462164580217
9400,1076236,ToGlette,16981,8514,,1798,yes,5964,1183,,1,2,0,,-0.33049516941344315
9401,16575519,SpaghetCat,7467,10030,9461,1674,,,1321,yes,0,0,19,yes,-0.33054034200868343
9402,20052432,Silorment,8931,9707,8705,1688,,,1301,yes,0,0,15,yes,-0.33081801781555736
9403,24605189,1kotori,15885,8641,,1804,yes,9961,1106,,1,1,0,,-0.33088139898927316
9404,24862970,astridzxc,46100,6621,,1708,yes,1484,1424,,3,17,0,,-0.3309669054329071
9405,12747252,Seed,9156,9663,8447,1693,,,1298,yes,0,0,17,yes,-0.3311152591579869
9406,29591822,- Hatsune Miku,10804,9371,7767,1705,,,1279,yes,0,0,12,yes,-0.33112735036912755
9407,9436587,RUDavE,13698,8926,8952,1684,,,1253,yes,0,0,2,yes,-0.3311830041448194
9408,12156022,akagetora,16258,8595,6893,1723,,,1233,yes,0,0,1,yes,-0.3313209091006916
9409,25780399,Taiki Shuttle,6161,10370,8492,1692,,8233,1136,,3,9,22,yes,-0.33161580611843167
9410,25277154,kotishewski,26014,7690,3532,1816,,,1175,yes,0,0,55,,-0.3316491650745286
9411,19287060,ldk_Erica,14766,8786,,1810,yes,10000,1105,,1,2,0,,-0.3316565168784241
9412,9883829,adelaide,16464,8571,,1801,yes,8080,1139,,1,1,0,,-0.33173218091782847
9413,3600776,daggah,15343,8713,,1807,yes,7344,1153,,1,4,0,,-0.3317700459678003
9414,18461207,aiyz,12861,9043,6219,1737,,,1260,yes,0,0,50,yes,-0.33177037628125067
9415,11073207,squidstain,17814,8421,3412,1820,,7855,1143,,65,249,18,yes,-0.331792304710337
9416,3601553,2popte,23861,7854,,1769,yes,3702,1257,,22,87,0,,-0.33179584603714485
9417,14462309,big door jr,32654,7271,2710,1849,,,1143,yes,0,0,28,yes,-0.33182959376944654
9418,7810796,Akroma1,8809,9734,8317,1695,,,1302,yes,0,0,26,yes,-0.3319302044503272
9419,607979,12123435,16319,8587,,1801,yes,6263,1176,,1,4,0,,-0.33208629253202215
9420,10508355,Kahojin,12723,9064,6579,1729,,7745,1145,,1,1,8,yes,-0.3323254548691755
9421,3301398,oi boi,20022,8198,5907,1745,,3338,1275,,1,4,2,yes,-0.33285969586065645
9422,17236004,Croopwer234,15227,8728,7111,1718,,,1241,yes,0,0,2,yes,-0.33288046872155164
9423,23181506,luvlxckdown,10720,9384,7071,1719,,8184,1137,,3,10,3,yes,-0.33292624629954115
9424,15742087,hais,12041,9171,7096,1718,,,1267,yes,0,0,12,yes,-0.3332662612725883
9425,6665667,yhsphd,19703,8229,,1786,yes,4596,1222,,15,59,0,,-0.33335006420634433
9426,17435097,Juice___,12947,9031,5150,1764,,9816,1108,,3,4,6,yes,-0.33343856272634687
9427,13445197,caIcuIus,18476,8353,,1791,yes,4979,1210,,32,117,0,,-0.33359688002162785
9428,4870077,Froot,16359,8582,,1801,yes,8496,1131,,1,1,0,,-0.3337702921848281
9429,11485703,Drayko,17323,8476,4993,1768,,,1226,yes,0,0,27,yes,-0.3339480540715028
9430,15364779,R3taliati0n,10874,9356,8833,1686,,,1279,yes,0,0,6,yes,-0.33403150241355356
9431,6149313,Pata-Mon,55814,6258,,1688,yes,1496,1422,,25,104,0,,-0.3343223626762172
9432,16542724,Hide_,15631,8675,,1805,yes,6591,1169,,4,7,0,,-0.3346446714637561
9433,8299854,Viggma,17451,8462,,1796,yes,5724,1189,,1,1,0,,-0.33486882970254045
9434,9249465,NewCreatorOn,7960,9918,7813,1704,,9291,1116,,2,4,13,yes,-0.3350619950378655
9435,15577031,Loham,11231,9296,,1830,yes,9363,1115,,6,18,0,,-0.33515659438493933
9436,12712754,Tiednine Dash,16070,8619,3936,1803,,8747,1126,,3,5,4,yes,-0.3352457590863755
9437,16277145,Lukioto,12603,9082,7791,1705,,7149,1157,,1,5,2,yes,-0.33535911623262527
9438,15161921,112233HOme,11479,9255,6594,1729,,8728,1127,,3,8,2,yes,-0.33545533240482805
9439,7309033,ishokuP,14217,8860,,1813,yes,7842,1143,,2,7,0,,-0.3354740441626114
9440,11635832,Tohorvic,19632,8237,4416,1786,,,1212,yes,0,0,10,yes,-0.3355454238050054
9441,11633380,Skunk,21012,8108,4158,1795,,,1204,yes,0,0,12,yes,-0.3358970621979533
9442,22116676,Ruka Kayamori,10065,9501,7484,1710,,,1287,yes,0,0,38,,-0.33619433654901354
9443,15695715,Redeal,23088,7922,3389,1821,,,1192,yes,0,0,6,yes,-0.33637584448399444
9444,19357382,3e4tv3425yrth,15151,8739,4254,1792,,9714,1110,,2,5,8,yes,-0.33637885433826376
9445,673214,Roro Rosset,24140,7832,,1768,yes,2307,1340,,1,3,0,,-0.33669056115508356
9446,15512176,Axeer,12298,9129,6911,1722,,,1265,yes,0,0,14,yes,-0.3367970756542273
9447,9486777,suya,16053,8621,,1803,yes,6994,1160,,1,3,0,,-0.33679780915764923
9448,2749019,Fizim,10087,9498,8054,1700,,6214,1177,,1,5,9,yes,-0.3368190942480157
9449,2723790,[Leo],17243,8485,,1797,yes,5452,1196,,5,15,0,,-0.3369770459838022
9450,26161753,Zeoxxion,14327,8847,4857,1772,,7599,1148,,3,10,13,yes,-0.3369795785138783
9451,17411022,Toromi Hearts,17491,8457,5128,1765,,,1225,yes,0,0,2,yes,-0.33703387373692306
9452,11151214,feizu,13689,8927,6108,1740,,5403,1197,,2,9,18,yes,-0.3371473593932006
9453,20049262,Nirux,13811,8911,,1815,yes,9412,1114,,1,4,0,,-0.33720288309600754
9454,27843352,InfernalQueen,17037,8508,5106,1765,,,1228,yes,0,0,22,yes,-0.3372740287525583
9455,4261853,Chal,11094,9319,,1831,yes,9821,1108,,7,15,0,,-0.33773861717707554
9456,6125457,RedSkyNight,13402,8963,8799,1687,,6693,1167,,1,1,2,yes,-0.3379547397597359
9457,9289332,Fauna Enjoyer,14970,8762,,1809,yes,7039,1160,,4,9,0,,-0.3379718219354558
9458,10816653,-Kirigiri,20931,8114,,1781,yes,4358,1230,,22,81,0,,-0.33797352312478013
9459,13820038,RobotSkin_,19967,8203,,1785,yes,4569,1223,,13,56,0,,-0.3380506573580174
9460,6686954,Ndzeksimus,18380,8363,4638,1779,,,1219,yes,0,0,3,yes,-0.3382263608380736
9461,19098673,Doshd,15354,8711,,1807,yes,9082,1120,,1,2,0,,-0.3382914183924364
9462,4976553,parufczak,16460,8572,,1801,yes,5825,1186,,3,15,0,,-0.33833365727165876
9463,16980912,Ewat83,22992,7930,4012,1800,,,1193,yes,0,0,45,yes,-0.3383553808534599
9464,17446506,JJHo,12018,9175,7437,1711,,,1267,yes,0,0,9,yes,-0.33850646473204893
9465,13688990,Lunar_,8901,9714,6067,1741,,9750,1109,,10,21,6,yes,-0.3385649255969553
9466,2084869,[Amachi Niya],17656,8439,,1795,yes,5297,1200,,7,17,0,,-0.3385990395567051
9467,19092126,TheRealArmin,10587,9405,9601,1672,,,1282,yes,0,0,5,yes,-0.33865857157813517
9468,9915797,Badplayer101,14882,8771,,1809,yes,6777,1165,,4,16,0,,-0.33871786016012806
9469,32438645,athers,27075,7615,2912,1840,,,1169,yes,0,0,9,yes,-0.3388019681844021
9470,16029422,Ekoro FanBoy,10701,9387,8342,1695,,,1280,yes,0,0,9,yes,-0.3390805915378183
9471,13748858,Yamoriy,17958,8407,,1794,yes,4967,1210,,1,1,0,,-0.3393726368120911
9472,9778431,Mori Summer,22415,7982,,1775,yes,3752,1254,,4,13,0,,-0.3393865203734429
9473,4325547,[Nik],16672,8548,,1800,yes,5868,1185,,3,8,0,,-0.33957272891860035
9474,9503884,Quimby,10209,9475,9145,1680,,,1286,yes,0,0,7,yes,-0.33963532802531526
9475,8265726,Desiuot,21602,8056,4236,1792,,,1201,yes,0,0,43,yes,-0.33974634580621754
9476,2721083,Trabanto,19011,8297,,1789,yes,4361,1230,,1,3,0,,-0.3398662496594631
9477,16853416,naxique,14068,8879,5682,1750,,7546,1149,,1,2,12,yes,-0.339996956735959
9478,4649165,Akkuto,16520,8565,6792,1725,,,1231,yes,0,0,1,yes,-0.34012741882636766
9479,11204825,Rayked,16440,8574,,1801,yes,6007,1182,,2,9,0,,-0.34036188188536626
9480,1610169,Yama_,19353,8262,4337,1789,,,1213,yes,0,0,4,yes,-0.34037820655556605
9481,8532081,genetics,16820,8533,5361,1759,,,1229,yes,0,0,6,yes,-0.3405629585324194
9482,7511250,Haroko,16185,8603,4197,1793,,8726,1127,,3,10,103,yes,-0.340624467435831
9483,7811093,w9ne,20241,8173,,1784,yes,3684,1257,,1,3,0,,-0.34071154266093717
9484,13565878,Yuuki Sakuna,10301,9456,9424,1675,,,1285,yes,0,0,6,yes,-0.34084094305177887
9485,4800420,Makushi,14427,8833,,1811,yes,7037,1160,,6,20,0,,-0.3409297080631958
9486,9109665,Mukihiko,19591,8241,4517,1783,,,1212,yes,0,0,13,yes,-0.34096585008950553
9487,11596118,Galax_y,15147,8740,,1808,yes,8439,1132,,1,3,0,,-0.3411014429942496
9488,17704987,cup the chad,14836,8777,5713,1749,,,1244,yes,0,0,44,yes,-0.3413543315642822
9489,9301242,2ch,16828,8531,3798,1807,,9357,1115,,5,9,18,yes,-0.34139482026392814
9490,12126638,domiyyyy,18396,8361,,1792,yes,5030,1209,,2,10,0,,-0.34156032713638607
9491,18118387,Cips,12183,9148,,1824,yes,9278,1117,,4,11,0,,-0.3415718590515294
9492,6425836,Scramzi,17725,8432,4925,1771,,5349,1199,,8,14,2,yes,-0.3415770384978344
9493,11578368,PINGU_3,23910,7850,3948,1802,,,1187,yes,0,0,126,,-0.3416794222238235
9494,4858555,SDKO,16765,8539,6493,1731,,4365,1230,,37,145,8,yes,-0.341801659991027
9495,10042496,YAT1,16335,8585,5462,1756,,,1233,yes,0,0,9,yes,-0.3419309912828181
9496,4835044,Pakuya00,16540,8562,5255,1761,,,1231,yes,0,0,36,,-0.34193674675744623
9497,2852816,MikaXD,13451,8956,,1816,yes,9006,1122,,1,6,0,,-0.34204772081159646
9498,7849372,iFactor,22002,8019,,1777,yes,4053,1242,,7,25,0,,-0.34218888802577624
9499,33433370,traher666,17498,8457,6084,1741,,4889,1213,,1,3,1,yes,-0.3422100470006819
9500,4866665,[ Mystic ],10523,9416,9344,1676,,2452,1330,,1,3,31,,-0.3422484064464476
9501,11965744,Goldey,16262,8594,,1802,yes,6441,1172,,3,5,0,,-0.34236441520670435
9502,16107872,Mamu11,29602,7454,3074,1833,,,1157,yes,0,0,29,yes,-0.34239785968862085
9503,11826166,Bheader,13691,8927,9261,1678,,,1253,yes,0,0,2,yes,-0.3424011413729334
9504,19163066,abatis,16681,8548,5260,1761,,,1230,yes,0,0,21,yes,-0.34255071225216627
9505,5317242,AndreC,15692,8667,5557,1753,,,1237,yes,0,0,19,yes,-0.3425959912186344
9506,5252640,meat computer,14254,8855,,1812,yes,6847,1163,,24,85,0,,-0.34269942850402213
9507,3484548,Almond Eye,10373,9442,,1835,yes,9199,1118,,56,200,0,,-0.34283769164289174
9508,7128826,-Ayame,20168,8180,3792,1807,,6538,1170,,47,193,27,,-0.34301350546611575
9509,14421510,EnzoSuperCraftZ,15228,8728,6241,1737,,,1241,yes,0,0,5,yes,-0.34303472952721387
9510,18340940,twinks,19495,8248,4570,1781,,,1213,yes,0,0,17,yes,-0.34321043398934686
9511,11437646,InFiNiTi,10973,9339,8397,1694,,,1278,yes,0,0,8,yes,-0.343390881628099
9512,13381374,zak1e,12865,9042,,1820,yes,8152,1137,,8,19,0,,-0.34341993061041404
9513,6900708,Spells,12660,9072,8409,1694,,,1261,yes,0,0,4,yes,-0.3436066128073808
9514,2074459,Solitude,24714,7787,3231,1827,,7775,1144,,1,4,35,,-0.34367596180602145
9515,11895909,Yoko,12666,9072,,1821,yes,8396,1133,,5,17,0,,-0.34372464611970965
9516,12925539,butter dog,13193,8994,,1818,yes,9354,1115,,3,6,0,,-0.343744213876503
9517,17169328,ankakung101,12393,9115,6553,1729,,,1264,yes,0,0,38,yes,-0.3438236783770525
9518,8162936,[ Max ],18618,8338,,1791,yes,4553,1223,,2,2,0,,-0.34406930693055704
9519,6516635,Sevy,21691,8048,,1778,yes,3824,1252,,1,8,0,,-0.34412944792315164
9520,4681677,eggg,18734,8327,,1790,yes,4981,1210,,7,19,0,,-0.3442576612313074
9521,6510583,PlatSen,19871,8212,4417,1786,,,1211,yes,0,0,9,yes,-0.34441020799629574
9522,4871378,Braixen,17271,8482,,1797,yes,6695,1167,,1,1,0,,-0.344476232020385
9523,38089397,indigo0445,32683,7269,2905,1840,,,1143,yes,0,0,57,,-0.344584288634206
9524,14488321,Nax_Music,22342,7989,4196,1793,,,1197,yes,0,0,147,,-0.3446951591179154
9525,9948156,Atara,13774,8915,5509,1755,,6667,1167,,13,60,4,yes,-0.3449685719517023
9526,11981885,golgolb,18709,8329,4755,1775,,,1217,yes,0,0,15,yes,-0.3451551786386091
9527,8305894,Kager,15400,8705,,1806,yes,6739,1166,,4,11,0,,-0.34539327015281196
9528,13716465,SkrillyPhilly,15215,8730,,1807,yes,9735,1109,,1,2,0,,-0.3454186444835907
9529,30778252,PlayDokkan,10839,9363,7864,1703,,,1279,yes,0,0,13,yes,-0.34547451158167825
9530,8630110,3zachm,16275,8593,7406,1712,,,1233,yes,0,0,1,yes,-0.3454864711610738
9531,14439582,-[Ash]-,10990,9337,7647,1707,,,1277,yes,0,0,15,yes,-0.34575126702871367
9532,3257714,Tuna Salat,15300,8719,,1807,yes,8367,1133,,1,3,0,,-0.3458521037613191
9533,21656379,DMac431,23880,7852,3768,1808,,,1187,yes,0,0,18,yes,-0.34636976053627044
9534,4657263,Wynner,15175,8736,5735,1749,,6081,1180,,2,6,5,yes,-0.3465903739637468
9535,3001648,Darkform,18500,8350,,1791,yes,4367,1230,,1,1,0,,-0.34676870796431436
9536,9202834,Kreet,14038,8883,5686,1750,,6939,1162,,3,6,7,yes,-0.3468456304326021
9537,24585885,Weenywalker,16146,8608,5765,1748,,,1234,yes,0,0,5,yes,-0.34688848495987423
9538,7082439,WingedMaiden,16967,8515,6338,1735,,,1228,yes,0,0,1,yes,-0.34698844579985305
9539,19127449,Nhade,14871,8773,5869,1745,,,1243,yes,0,0,19,yes,-0.3470994857256887
9540,13285844,Arbuzik,16248,8595,,1802,yes,9877,1107,,1,1,0,,-0.3473818612207235
9541,37430019,Ponsh,21425,8070,4316,1789,,,1202,yes,0,0,48,yes,-0.34738429531965836
9542,9191318,VOR4CITY,21492,8065,4180,1794,,,1202,yes,0,0,14,yes,-0.34745964292411075
9543,16191222,DragonZei,11282,9289,9153,1680,,,1274,yes,0,0,5,yes,-0.3475861055976113
9544,10542785,Cipa,16905,8522,,1799,yes,7865,1143,,1,1,0,,-0.3476126889627751
9545,22600547,gpvk,22978,7931,3882,1804,,,1193,yes,0,0,14,yes,-0.34774905049914845
9546,5607931,Diegod,10084,9499,7604,1708,,7715,1146,,2,4,9,yes,-0.3477944951632176
9547,25422206,Alina Clover,21108,8099,3705,1811,,7214,1156,,1,2,7,yes,-0.3479296322385446
9548,14121149,[BigPenguin],16112,8613,,1802,yes,7999,1140,,1,2,0,,-0.34800492322112786
9549,20700133,nlkuran,20376,8160,4471,1784,,,1208,yes,0,0,33,yes,-0.34804690414479184
9550,10263422,ElPeponcio,13752,8918,6413,1733,,,1252,yes,0,0,14,yes,-0.3481468397520927
9551,13268805,Adamxd,11741,9212,,1827,yes,9041,1121,,10,22,0,,-0.34834410068092875
9552,13837558,Domiuau,12213,9144,8066,1700,,,1266,yes,0,0,6,yes,-0.3483600769848041
9553,20455495,SammyM4t,16183,8603,5651,1751,,,1234,yes,0,0,7,yes,-0.3483803847842032
9554,7885244,Loopins,15652,8672,,1805,yes,7949,1141,,1,3,0,,-0.3486202950287328
9555,27532356,SF29,10638,9397,7254,1714,,,1281,yes,0,0,50,yes,-0.3488171379622619
9556,9861159,Winter Empress,11742,9212,6036,1742,,9649,1111,,2,6,3,yes,-0.3492661644162869
9557,11290817,nuchii,7309,10067,9821,1668,,,1324,yes,0,0,20,,-0.3495134600009354
9558,13718356,S_Neke,15981,8630,6790,1725,,7213,1156,,1,1,1,yes,-0.3495411142598287
9559,15947199,tlpc,30670,7387,2928,1839,,,1152,yes,0,0,22,yes,-0.349629888115335
9560,16520493,Gt86,15183,8735,6376,1734,,,1241,yes,0,0,5,yes,-0.34975925877495373
9561,17717052,Larcila,15265,8722,6198,1738,,,1240,yes,0,0,6,yes,-0.34993424612364565
9562,9939590,PlayChris,11210,9301,7085,1718,,,1275,yes,0,0,43,yes,-0.3500185059541486
9563,19286803,Veace,16345,8584,7472,1711,,,1233,yes,0,0,1,yes,-0.3500591229809607
9564,19681559,TheARGovernment,15852,8645,,1804,yes,7699,1146,,2,3,0,,-0.35011507621349824
9565,14197654,Ichijo Meguru,19020,8296,,1789,yes,4352,1231,,1,2,0,,-0.35021469268983896
9566,19168645,Micall,20845,8121,4321,1789,,,1205,yes,0,0,14,yes,-0.3503466157909248
9567,7314158,Purplegaze,22247,7998,,1776,yes,4046,1242,,5,21,0,,-0.35035686472419986
9568,6752242,ZelLink,17337,8474,,1797,yes,6891,1163,,1,1,0,,-0.35046062466236594
9569,9991650,WitherFlower,29801,7441,2760,1847,,,1156,yes,0,0,11,yes,-0.3507849294343909
9570,11728370,impero,22729,7955,3728,1810,,,1194,yes,0,0,7,yes,-0.3507895599757322
9571,17617430,atori_,30016,7428,3139,1830,,,1155,yes,0,0,40,yes,-0.35125032169607695
9572,18559186,OmegaPopper,13372,8969,9980,1666,,,1255,yes,0,0,2,yes,-0.35138645699204113
9573,5377178,Minorsonek,13299,8978,7443,1711,,4682,1219,,1,4,8,yes,-0.3515520138860666
9574,22087852,Niderk,13447,8956,9856,1668,,,1255,yes,0,0,2,yes,-0.3516259594227603
9575,11320605,hort98,13879,8902,,1814,yes,9861,1107,,1,4,0,,-0.3516724716846758
9576,14367718,Prikolist,22761,7952,3959,1802,,,1194,yes,0,0,13,yes,-0.35182588411410776
9577,4148449,Krimsu,18060,8396,,1793,yes,5322,1200,,1,1,0,,-0.3519038877858669
9578,9336422,HodBestGirl,17122,8499,6295,1736,,,1227,yes,0,0,1,yes,-0.35216146544536187
9579,22590166,IPhotonicI,13977,8891,9204,1679,,,1250,yes,0,0,2,yes,-0.35248656256634536
9580,17799545,Mijumaru,7659,9989,9345,1676,,,1318,yes,0,0,26,yes,-0.3525357585429908
9581,5134380,rawrneru,16928,8520,6604,1729,,,1229,yes,0,0,1,yes,-0.35267471090224783
9582,4025457,McK,10006,9515,8679,1689,,6801,1164,,16,65,4,yes,-0.3529985517719986
9583,9642390,Luckydaka,18169,8384,,1793,yes,5173,1204,,1,1,0,,-0.35319000652660176
9584,16832906,sp1ral,16556,8560,,1800,yes,6896,1163,,1,3,0,,-0.35319793328370974
9585,18294542,6ohh,15066,8749,,1808,yes,9029,1121,,1,3,0,,-0.3536996665030778
9586,11948653,hiyori_,16776,8538,,1799,yes,7167,1157,,1,2,0,,-0.35387751648037785
9587,15924859,Cirno not Baka,23889,7852,3442,1819,,,1187,yes,0,0,7,yes,-0.35396515943418033
9588,11168797,surfing,29432,7464,3201,1828,,,1158,yes,0,0,34,yes,-0.35417157924572773
9589,2920540,Gravel,14966,8762,6008,1742,,,1243,yes,0,0,14,yes,-0.35430347871563606
9590,12772345,XonarDG,13945,8894,6310,1735,,,1251,yes,0,0,18,yes,-0.3543260590010327
9591,629091,Kana,12753,9060,6759,1725,,,1261,yes,0,0,19,yes,-0.35434631657137994
9592,15266984,Borrero,15894,8640,6026,1742,,,1236,yes,0,0,5,yes,-0.3545626607855531
9593,15324096,kRionik,21771,8041,3838,1806,,,1200,yes,0,0,5,yes,-0.35469616438963814
9594,11807272,RuiTachi-,15756,8658,,1804,yes,6504,1171,,6,19,0,,-0.35515998813787303
9595,21943128,Tower Of Heaven,7756,9966,9694,1670,,,1317,yes,0,0,18,yes,-0.3553048984475483
9596,16606471,ItsWonkaVision,15378,8709,,1806,yes,7690,1146,,2,5,0,,-0.3554058722186268
9597,11026954,ZugamiRA,16320,8587,,1801,yes,7244,1155,,2,3,0,,-0.3554654078198363
9598,7031407,E-van,17770,8427,3788,1808,,8836,1125,,1,2,2,yes,-0.35567931046577317
9599,6453819,Fr0g_,16487,8569,5734,1749,,,1232,yes,0,0,5,yes,-0.3557464907229066
9600,3850211,Grant,10341,9448,7531,1709,,,1284,yes,0,0,45,yes,-0.35592998524584385
9601,20605187,Zencake,15357,8711,,1807,yes,9949,1106,,1,2,0,,-0.355986725695449
9602,14376625,elfer89,17077,8504,,1798,yes,5879,1185,,4,11,0,,-0.35601383965682226
9603,20308280,StreetLights,18144,8386,4999,1768,,,1221,yes,0,0,15,yes,-0.3560585853615865
9604,15627043,Edrran,13089,9011,,1819,yes,8922,1123,,4,10,0,,-0.3560955771747333
9605,4057781,pill,23686,7869,4014,1800,,,1188,yes,0,0,38,yes,-0.35632375150572704
9606,2279351,Atsuro,18932,8306,,1789,yes,5106,1206,,21,50,0,,-0.35641751185897586
9607,13468052,lhn,12827,9048,6657,1727,,,1260,yes,0,0,24,yes,-0.35663320842224155
9608,14330432,ThatPicaro,15091,8747,,1808,yes,8421,1132,,1,4,0,,-0.3566637359215754
9609,2083664,Xim,22524,7971,,1775,yes,2547,1323,,1,2,0,,-0.35677493527374904
9610,2352484,grimacee,21644,8052,,1778,yes,3717,1256,,2,5,0,,-0.35700824642153817
9611,7290585,Masshorse,16180,8603,,1802,yes,7457,1151,,1,3,0,,-0.35710445067568586
9612,3206030,LyHank,12868,9042,,1820,yes,9319,1116,,4,9,0,,-0.35754387971715096
9613,195946,woahsia,28174,7542,,1755,yes,3314,1275,,36,135,0,,-0.35757369098903546
9614,11329507,JWalk,17199,8492,,1797,yes,5957,1183,,3,7,0,,-0.3575842024586822
9615,13955752,-AmHappy-,24709,7788,8303,1696,,2992,1296,,37,156,3,yes,-0.35770088418676604
9616,15252633,Alt0610,24772,7782,3060,1834,,,1182,yes,0,0,5,yes,-0.3578755476708341
9617,11131719,Melair,17530,8452,,1796,yes,5719,1189,,3,8,0,,-0.3579402471253579
9618,6542616,Ramsa,18332,8368,5192,1763,,4468,1226,,1,1,4,yes,-0.35798804397236916
9619,4877004,Rezk,13939,8895,,1814,yes,9366,1115,,2,5,0,,-0.35799440143779987
9620,11546399,Kihachu,11752,9210,7725,1706,,7368,1153,,1,2,6,yes,-0.35810503752481115
9621,21803290,ijeqra,11325,9284,7030,1719,,5909,1184,,1,3,32,yes,-0.35823079739921015
9622,19705248,SuperiorForces,15835,8647,6114,1740,,,1236,yes,0,0,5,yes,-0.3582424132135057
9623,6632719,- Sugoi Sugoi -,10334,9450,6656,1727,,7915,1142,,3,6,25,yes,-0.3583216041693902
9624,12710460,Noel The Witch,16811,8534,,1799,yes,6109,1179,,4,10,0,,-0.35838826171305327
9625,19968226,theater,11513,9250,9797,1669,,,1272,yes,0,0,4,yes,-0.35838850754572243
9626,11068443,ItsTomButOn_osu,17309,8477,,1797,yes,6516,1171,,1,2,0,,-0.3583971280728811
9627,9357029,EnchantedSpider,10934,9343,7922,1702,,,1278,yes,0,0,14,yes,-0.35853300472702226
9628,9190726,-iamme,10931,9344,8011,1701,,7179,1157,,11,40,3,yes,-0.3586183986652881
9629,14182204,dapemode,17372,8471,,1796,yes,5937,1183,,3,5,0,,-0.35867118922742025
9630,14189971,NotDire,14058,8880,6572,1729,,,1250,yes,0,0,10,yes,-0.35882634992595686
9631,15681785,GirthMaster,15795,8653,,1804,yes,9125,1120,,1,2,0,,-0.3591287913515332
9632,5104352,Abbe,22775,7951,,1774,yes,3506,1266,,1,6,0,,-0.35930268069469296
9633,17089925,Yelocp,14057,8880,6483,1731,,,1250,yes,0,0,12,yes,-0.35930979342434183
9634,12306743,Panino Magico,14777,8784,,1809,yes,7932,1142,,3,7,0,,-0.3593186521295968
9635,11093605,Neotopisch,12825,9048,5843,1746,,7310,1154,,11,35,4,yes,-0.35937216732233945
9636,14423163,Vixera,19781,8221,,1786,yes,4904,1212,,29,101,0,,-0.3594763174001422
9637,31465030,irm,11096,9319,7923,1702,,,1276,yes,0,0,13,yes,-0.3595618331005405
9638,20183455,TheMagician,17438,8463,5619,1752,,,1225,yes,0,0,2,yes,-0.35984340823899486
9639,6703171,Aube,19366,8261,,1787,yes,4292,1233,,1,2,0,,-0.36020187424533123
9640,8973937,LissMyQueen,15203,8731,,1807,yes,7216,1156,,4,11,0,,-0.3602832001406975
9641,13415000,Jerezz,22331,7991,4048,1799,,,1197,yes,0,0,10,yes,-0.36056596614206204
9642,11440162,retnuhhh,15072,8748,6829,1724,,,1242,yes,0,0,4,yes,-0.36058966743031917
9643,18409333,ProjectWill,10103,9493,5396,1758,,9897,1107,,12,40,4,yes,-0.3606374415463385
9644,11893561,hoshimathi,15671,8670,,1805,yes,9463,1113,,2,2,0,,-0.36093200077873644
9645,31105193,OmegaWorldz,21600,8056,2941,1839,,9799,1108,,1,1,3,yes,-0.36095982772552737
9646,22706478,neki_s,17277,8481,5507,1755,,,1226,yes,0,0,4,yes,-0.3610526582757326
9647,20446241,bluji,12369,9119,7178,1716,,,1264,yes,0,0,14,yes,-0.3610749770026121
9648,15633395,humble,15476,8695,6886,1723,,,1239,yes,0,0,3,yes,-0.3611362579378582
9649,16195878,skyshard,17468,8460,,1796,yes,5679,1190,,16,49,0,,-0.36127190580373403
9650,6860786,BLEHBLEHBLEH,15808,8651,9119,1681,,,1236,yes,0,0,1,yes,-0.3613445877761444
9651,31980396,dotSepia,33305,7234,2136,1880,,8753,1126,,4,15,37,yes,-0.361525528997527
9652,14336446,ltamI,13601,8938,9981,1666,,,1253,yes,0,0,2,yes,-0.36166980662895093
9653,22072280,Niraa721,18352,8366,4980,1769,,,1219,yes,0,0,2,yes,-0.36169526702638893
9654,13452161,Tremes,17062,8505,,1798,yes,8382,1133,,1,1,0,,-0.361794058679104
9655,17091856,JigglingJerome,32010,7308,,1743,yes,2902,1301,,17,62,0,,-0.36180589783119543
9656,33499785,1Hope,13473,8952,7054,1719,,,1254,yes,0,0,8,yes,-0.3618255085758078
9657,13771539,Murin,12873,9041,8143,1699,,,1260,yes,0,0,5,yes,-0.36206425078397886
9658,14450761,Kikife,15493,8693,7565,1709,,,1239,yes,0,0,2,yes,-0.3621829625867092
9659,17901433,bvx27,16362,8582,,1801,yes,8147,1137,,1,2,0,,-0.362206949233449
9660,3806055,Sanzai,22118,8009,,1776,yes,3629,1260,,3,5,0,,-0.36250015362443305
9661,5833329,THEawesomeCow,14703,8796,,1810,yes,7816,1144,,2,9,0,,-0.3628786596660597
9662,8467121,Volpix,13002,9024,,1819,yes,8413,1132,,7,21,0,,-0.36292127838438465
9663,16833061,MarioKartya,15574,8683,,1805,yes,7322,1154,,1,7,0,,-0.36293616188692696
9664,20602365,kamiradesu_,23716,7867,3483,1818,,,1188,yes,0,0,6,yes,-0.36300815626730615
9665,7183657,DJ YOSHITAKA,17856,8417,,1794,yes,5885,1184,,1,2,0,,-0.3630240545033499
9666,5407837,RaZYoB,19176,8279,4214,1793,,6484,1171,,5,17,11,yes,-0.3630536779860829
9667,9552884,Oddster,15138,8741,,1808,yes,7732,1145,,2,7,0,,-0.3632445919517086
9668,12839846,milord21,11393,9271,9982,1666,,6927,1162,,3,14,2,yes,-0.3633035536218523
9669,15150195,grubykamillo12,22711,7957,3987,1801,,,1194,yes,0,0,10,yes,-0.3634790835442153
9670,12663870,aux_13,14226,8858,6361,1734,,,1248,yes,0,0,16,yes,-0.36349261357331564
9671,28638246,Tokiwa Kano,14574,8811,,1811,yes,9293,1116,,1,4,0,,-0.3635217006658529
9672,11113807,RemSitOnMyFace,13526,8946,6818,1724,,,1254,yes,0,0,11,yes,-0.3636032074727643
9673,36297908,Morcao,15670,8670,5793,1747,,,1237,yes,0,0,18,yes,-0.3638215063929055
9674,14127164,flametato,16388,8580,,1801,yes,6201,1177,,8,32,0,,-0.36389263492479534
9675,17339514,Manuuou,10639,9397,8231,1697,,,1281,yes,0,0,14,yes,-0.36418129104040287
9676,17538027,susOutside,23112,7921,3673,1812,,,1192,yes,0,0,6,yes,-0.3642308500288504
9677,10733857,WhiteMerami,17430,8464,,1796,yes,6571,1170,,2,2,0,,-0.3643664505768507
9678,6717559,ruruichi,10535,9415,,1834,yes,9825,1108,,20,62,0,,-0.36443391388274343
9679,12505119,Cherriezz,22081,8012,4020,1800,,6424,1173,,1,2,13,yes,-0.3644947846815496
9680,6086495,TIMON,17279,8480,,1797,yes,6800,1164,,1,2,0,,-0.36497595964609914
9681,14625260,Essere,16613,8554,5648,1751,,,1231,yes,0,0,8,yes,-0.36499366629848046
9682,3775516,Mugs,15089,8747,,1808,yes,8684,1127,,3,4,0,,-0.3650409597646179
9683,4505479,[Mad],20971,8111,3901,1804,,,1204,yes,0,0,3,yes,-0.3650414601105657
9684,17290055,ihungoutwithjoe,16901,8523,7115,1718,,,1229,yes,0,0,1,yes,-0.3650969289127454
9685,16470671,Karlosian,16127,8611,,1802,yes,7828,1143,,1,3,0,,-0.36512060148335873
9686,13890225,BOJlWE6CTBO,17389,8469,,1796,yes,7678,1147,,1,1,0,,-0.36522658940161135
9687,18885419,Giants_105,29339,7469,2364,1868,,,1158,yes,0,0,5,yes,-0.36522701601361546
9688,10249079,Mikashi-,16252,8595,,1802,yes,8474,1131,,1,2,0,,-0.3653558344007876
9689,4592763,faer,17621,8443,,1795,yes,7064,1159,,1,1,0,,-0.36560445407383557
9690,4437441,troublemonkey1,19065,8291,4582,1781,,,1215,yes,0,0,2,yes,-0.36570632854990404
9691,5054244,Emezys,14977,8761,4660,1778,,7424,1151,,30,118,9,yes,-0.36595167198394885
9692,9666070,Kaku,17727,8431,5857,1746,,,1223,yes,0,0,1,yes,-0.3659746579401398
9693,2330619,Mr HeliX,21141,8095,5304,1760,,4315,1232,,16,59,33,yes,-0.3661623442536823
9694,12491458,Rayq,12066,9168,9430,1675,,,1267,yes,0,0,4,yes,-0.36618306848201143
9695,1556861,Hadal,23049,7926,4127,1796,,,1192,yes,0,0,23,yes,-0.3662656449957729
9696,15341835,3ms,14271,8853,6527,1730,,,1248,yes,0,0,11,yes,-0.36634791420431867
9697,19650134,Ari-,13960,8893,7000,1720,,,1250,yes,0,0,7,yes,-0.3664626902956831
9698,7083079,SoraRyow,13356,8971,,1817,yes,9264,1117,,2,8,0,,-0.3665024027911634
9699,17566680,TapeJlka,17225,8488,5465,1756,,,1227,yes,0,0,8,yes,-0.3669532271200431
9700,741613,Dika312,28198,7541,,1755,yes,3274,1278,,12,44,0,,-0.3671821926469768
9701,11636465,AceEagleGamer,17585,8446,5263,1761,,,1224,yes,0,0,19,yes,-0.3674364074779706
9702,17308615,Monstrrrr,36725,7055,2394,1866,,,1126,yes,0,0,16,yes,-0.3674499576712231
9703,6804599,WaseyCoods,15657,8672,7519,1710,,,1237,yes,0,0,2,yes,-0.36747287138213686
9704,6466461,Billibix,17885,8413,,1794,yes,5799,1187,,1,4,0,,-0.36755725127019123
9705,3736595,Fer,15938,8635,,1803,yes,7719,1146,,3,4,0,,-0.3677915673425476
9706,21703431,irfys,15740,8660,5826,1746,,,1237,yes,0,0,16,yes,-0.3681097975861618
9707,4284673,Candina,10279,9461,9303,1677,,,1285,yes,0,0,8,yes,-0.3683300835400444
9708,7164546,danissima,23117,7920,,1772,yes,3890,1249,,3,13,0,,-0.36855047325926105
9709,3050252,Lucas TW,27704,7572,2877,1842,,,1166,yes,0,0,7,yes,-0.36882366294209645
9710,22206304,Giguel67,40564,6863,2805,1845,,3567,1263,,12,39,9,yes,-0.36906442385851246
9711,3824882,Gyro Zeppeli,17172,8494,,1797,yes,6268,1176,,1,6,0,,-0.3691491401437419
9712,8509562,ocularr,11465,9257,8632,1690,,6879,1163,,1,6,4,yes,-0.369176354128439
9713,20388417,Erikillo,12681,9069,3648,1813,,9960,1106,,25,73,3,yes,-0.3693556111666454
9714,25014172,tasou256,11281,9289,8615,1690,,,1274,yes,0,0,8,yes,-0.3693706309459132
9715,10104587,ShreddedToast,27591,7581,3655,1812,,,1167,yes,0,0,98,yes,-0.36967002666407933
9716,20307190,Makimm,21793,8039,4078,1798,,,1200,yes,0,0,6,yes,-0.3699206208612016
9717,12011021,unknownpattern,19537,8245,,1787,yes,5048,1208,,7,19,0,,-0.37000831345541385
9718,19299792,3o3xy,28208,7540,3039,1835,,,1164,yes,0,0,10,yes,-0.370142563992957
9719,33897800,ressurect,12320,9126,9251,1678,,,1265,yes,0,0,4,yes,-0.37021380766987977
9720,14135953,CatPlayer,10046,9506,9547,1673,,,1288,yes,0,0,8,yes,-0.3703336512275114
9721,15684152,Yunotone,21976,8022,4401,1786,,,1199,yes,0,0,59,yes,-0.3703506122752174
9722,7104176,Amethyst,16244,8596,,1802,yes,6761,1165,,4,9,0,,-0.370374799373904
9723,2379533,ginrou0803,19023,8296,,1789,yes,4989,1210,,1,3,0,,-0.3703781982533046
9724,10415491,Amasugi,10647,9396,8880,1685,,,1281,yes,0,0,9,yes,-0.37052136814030556
9725,4573923,FlamyBird,16454,8572,4790,1774,,6954,1161,,5,18,15,yes,-0.37059464695047484
9726,12059009,Pitia,9392,9617,8929,1684,,,1295,yes,0,0,16,yes,-0.3707270973091034
9727,18084922,Vovan4eg,17390,8469,6546,1730,,,1226,yes,0,0,1,yes,-0.37115108960097887
9728,17820309,nunca,11559,9243,8458,1693,,,1272,yes,0,0,8,yes,-0.37135400771982585
9729,14274982,ManiaMan710,27948,7556,3353,1822,,,1165,yes,0,0,20,yes,-0.3713998848292087
9730,6397367,Hunxin,12190,9147,,1824,yes,8661,1128,,19,69,0,,-0.3715593835562331
9731,38039493,MugiDL,28015,7552,3009,1836,,,1165,yes,0,0,9,yes,-0.371688455964338
9732,6024493,Platanop,15820,8649,,1804,yes,9656,1110,,1,2,0,,-0.37172215755357574
9733,9093149,AnotherDream,16038,8623,,1803,yes,6562,1170,,8,29,0,,-0.3718995741482008
9734,26039502,ClashCrave,16242,8596,5591,1752,,,1233,yes,0,0,51,,-0.37201850666878156
9735,7111844,Tropic-senpai,13179,8997,,1818,yes,9606,1111,,2,8,0,,-0.37210084825410383
9736,16586027,- caffeine -,25451,7730,3766,1808,,,1178,yes,0,0,23,yes,-0.372128005891022
9737,11746150,penfifteen,15497,8692,,1806,yes,6852,1163,,7,32,0,,-0.3721350901024187
9738,3344333,Big Brayn,12611,9080,,1821,yes,8264,1135,,47,144,0,,-0.37214537563859296
9739,2705769,Shapy,25727,7711,,1763,yes,2948,1298,,1,6,0,,-0.3722929954230714
9740,16921612,hairlinegod,18148,8386,5186,1763,,,1221,yes,0,0,8,yes,-0.3725722243732287
9741,23402023,djdeadly,16816,8533,5646,1751,,,1229,yes,0,0,9,yes,-0.372857086061685
9742,19681128,TheLastCreeper,13905,8900,6347,1734,,,1251,yes,0,0,40,yes,-0.3731282335220332
9743,39187975,forbiddenb1rd,24722,7786,3724,1810,,,1182,yes,0,0,12,yes,-0.37327045902169864
9744,15461531,holub,9136,9667,9792,1669,,6367,1174,,17,44,6,yes,-0.3732958512891323
9745,7898150,FaZZeR,18058,8396,,1793,yes,6434,1172,,1,1,0,,-0.37332589870765
9746,7467183,-Hwangbo,20374,8160,,1783,yes,3817,1252,,1,2,0,,-0.37347217846315944
9747,29074908,kn_1,17906,8412,5212,1762,,,1222,yes,0,0,31,yes,-0.3735342790254669
9748,23729699,parr0t,27198,7607,,1758,yes,3538,1264,,25,104,0,,-0.37353938860055075
9749,10515985,sealz,13352,8971,,1817,yes,8774,1126,,6,13,0,,-0.37358196872919747
9750,6947211,Carrot113,21259,8085,3900,1804,,,1203,yes,0,0,3,yes,-0.3736673262298079
9751,10408789,Runedewde,14196,8863,6564,1729,,,1249,yes,0,0,13,yes,-0.373743290345519
9752,18352115,Tey,26499,7656,3357,1822,,,1172,yes,0,0,11,yes,-0.37377231877734235
9753,10903447,eduard schaefer,17872,8415,4119,1796,,9927,1106,,2,6,48,,-0.374019780465565
9754,11144157,Gimedora,16079,8618,,1803,yes,9253,1117,,1,2,0,,-0.374348778453801
9755,18701773,rubicus,15396,8706,5959,1743,,,1239,yes,0,0,23,yes,-0.37442269808949113
9756,9129785,Tech Deck,9436,9612,7883,1703,,8216,1136,,7,16,6,yes,-0.37453698506697997
9757,15942105,DragonMaster666,31685,7326,2869,1842,,,1147,yes,0,0,16,yes,-0.3746064526701683
9758,11584934,[ Mack ],15314,8717,6146,1739,,,1240,yes,0,0,13,yes,-0.3747076726057226
9759,14734022,quazi,13064,9014,6806,1724,,,1258,yes,0,0,23,yes,-0.37485879246536896
9760,6085615,Alexaaro,16606,8554,5770,1748,,5843,1185,,1,5,4,yes,-0.37497723445051173
9761,13963086,HanzosToe,15428,8701,6057,1741,,,1239,yes,0,0,15,yes,-0.37501648685822087
9762,3885635,HatsuMin,19060,8291,4738,1776,,,1215,yes,0,0,2,yes,-0.37513121654160864
9763,6474377,jiji,17836,8419,,1794,yes,7088,1159,,1,1,0,,-0.37528974052141456
9764,9838951,stormych,14022,8885,6666,1727,,,1250,yes,0,0,13,yes,-0.37541998304708873
9765,17094794,tohorumi,18590,8340,5089,1766,,,1218,yes,0,0,8,yes,-0.37578190727566535
9766,14214729,xSmesHx,17524,8453,,1796,yes,6212,1177,,2,5,0,,-0.37587905684293665
9767,35586524,ch7ono,14133,8871,9729,1670,,,1249,yes,0,0,2,yes,-0.3762980570453638
9768,8210377,domixxv,16562,8560,5807,1747,,5889,1184,,2,10,3,yes,-0.37640429511004525
9769,3852530,Arenth,13083,9012,,1819,yes,8937,1123,,8,15,0,,-0.3764063102826156
9770,8085085,Aniwazan,24678,7790,6191,1738,,3317,1275,,19,86,9,yes,-0.37673740385641297
9771,14130446,Sanyek KD,47383,6568,5611,1752,,1743,1393,,16,49,7,yes,-0.37703726059179193
9772,5187207,afriendlightz,29609,7453,2764,1847,,,1157,yes,0,0,8,yes,-0.3770495849818255
9773,13579528,Hyuras,15475,8695,,1806,yes,6819,1164,,19,87,0,,-0.377108254918481
9774,10021462,Sungjai,14711,8795,,1810,yes,8293,1135,,2,8,0,,-0.37714530664818813
9775,14293020,Tsuri,9283,9638,8595,1690,,,1297,yes,0,0,29,yes,-0.377203973346494
9776,6746559,Snowed,23708,7867,,1770,yes,3425,1270,,3,6,0,,-0.37743126476139555
9777,4592814,Lexbalker,11900,9190,4336,1789,,9981,1105,,24,86,4,yes,-0.3775325157943437
9778,16633271,uniqxe,17125,8499,,1798,yes,7581,1148,,1,2,0,,-0.3779100104291453
9779,14192258,Hellcat-,14460,8827,6720,1726,,,1246,yes,0,0,9,yes,-0.377969427402823
9780,10119186,namirin2,9494,9602,6002,1742,,9762,1109,,9,21,21,yes,-0.378019904751246
9781,8365502,sybau tapping,16253,8595,,1802,yes,7394,1152,,1,5,0,,-0.37856793754259677
9782,3256645,crippletoytl,25349,7738,,1764,yes,3799,1252,,12,47,0,,-0.3786613850864948
9783,10938345,aun352,16477,8570,5633,1751,,,1232,yes,0,0,30,,-0.3787593052677052
9784,1959767,Alacartx,17735,8431,,1795,yes,6016,1182,,1,8,0,,-0.37878296785669685
9785,5233240,AVlad,17409,8467,,1796,yes,7162,1157,,1,2,0,,-0.3788206509253388
9786,5090016,Scorpioon,13414,8962,6517,1730,,,1255,yes,0,0,52,yes,-0.3789374119455352
9787,2385405,Old K,20857,8120,,1781,yes,4787,1215,,10,37,0,,-0.3791433816268635
9788,24534724,cryogon,19215,8274,4910,1771,,,1214,yes,0,0,7,yes,-0.3792214022879537
9789,401815,wiciu,16378,8581,,1801,yes,8894,1124,,1,2,0,,-0.3792918133649421
9790,22474333,Glacc,17160,8495,7249,1715,,,1227,yes,0,0,1,yes,-0.3794452084591352
9791,6225496,Shadow_Slayer,15959,8633,,1803,yes,9781,1109,,1,2,0,,-0.3794932090335421
9792,29993527,coshine,17018,8510,7521,1710,,,1228,yes,0,0,1,yes,-0.3795839988428863
9793,8599153,Meiling,13394,8965,7098,1718,,,1255,yes,0,0,11,yes,-0.37976473944597394
9794,2445162,Tenori-Taiga,19641,8236,,1786,yes,4517,1224,,1,2,0,,-0.3797832424711328
9795,12267432,Kydess,13017,9022,,1819,yes,9173,1119,,2,14,0,,-0.3799034665523591
9796,11373528,Samsmas,12919,9035,,1820,yes,8465,1131,,10,44,0,,-0.3800583327225751
9797,23702179,kriv,18404,8361,5437,1757,,,1219,yes,0,0,1,yes,-0.38009927850875597
9798,35054605,Leon_Frost,8933,9707,9537,1673,,,1301,yes,0,0,14,yes,-0.38021536712179693
9799,3977397,blueloniess,20384,8160,,1783,yes,4262,1234,,1,3,0,,-0.38030602514840195
9800,19963070,Mikoxx,17049,8507,,1798,yes,9813,1108,,1,1,0,,-0.38055066924491376
9801,14617262,YoonSeongFanboy,17282,8480,6892,1723,,5790,1187,,1,1,1,yes,-0.38065697654365205
9802,6831777,USA-KEAK,44293,6697,1413,1932,,,1100,yes,0,0,7,yes,-0.3806844265869931
9803,10198597,WhySoInsecure,19400,8257,,1787,yes,5108,1206,,1,6,0,,-0.3807090629988934
9804,4138197,Andythebest,20054,8194,,1785,yes,4988,1210,,4,16,0,,-0.3807490463472024
9805,21599336,Akeno sup,18988,8299,4947,1770,,,1216,yes,0,0,3,yes,-0.38076847994767593
9806,15514144,zekken,16891,8523,5554,1753,,,1229,yes,0,0,25,yes,-0.3807826156507219
9807,37248279,Kyoaq,22686,7958,4293,1790,,,1194,yes,0,0,23,,-0.3808442406928714
9808,504657,HideZ,25225,7748,,1764,yes,2984,1296,,1,5,0,,-0.3808496663419215
9809,8750026,FreestyleRr,15015,8755,8745,1688,,,1242,yes,0,0,2,yes,-0.38104021932842747
9810,5275518,Nnaoi,13686,8927,6011,1742,,9289,1117,,2,2,13,yes,-0.38108777521841364
9811,8022383,TheDarkPvPer,14239,8856,9733,1670,,,1248,yes,0,0,2,yes,-0.3812311405305632
9812,18146959,mzle,18527,8347,2942,1839,,9572,1112,,2,6,3,yes,-0.38131056936592844
9813,6471972,Tesco Meal Deal,12306,9128,,1823,yes,8978,1122,,15,40,0,,-0.3813653992828122
9814,12132839,Forbiddenl,30632,7389,2932,1839,,,1152,yes,0,0,13,yes,-0.3814786762300224
9815,652793,SwENeMbO,15278,8721,,1807,yes,8251,1135,,3,6,0,,-0.3814927559767909
9816,8272590,Asheen,14734,8791,6359,1734,,,1244,yes,0,0,17,yes,-0.381789847570033
9817,4568759,blipcat,21555,8060,,1779,yes,3946,1246,,1,4,0,,-0.3822853568848743
9818,6958566,Ruvikko,28211,7540,2987,1837,,,1164,yes,0,0,8,yes,-0.3823817611482625
9819,24778173,EthanMCT,12535,9093,7598,1708,,,1263,yes,0,0,11,yes,-0.382799698253572
9820,15192282,bibanya,43871,6715,2402,1865,,,1101,yes,0,0,112,yes,-0.38289169406610474
9821,8697658,Lilith-,17495,8457,6841,1724,,,1225,yes,0,0,1,yes,-0.3830363278764306
9822,11579921,Thrylos,12889,9039,,1820,yes,8551,1130,,8,43,0,,-0.3830955389808464
9823,19122807,Eggo-hamburger,20350,8164,4717,1776,,,1208,yes,0,0,19,yes,-0.3831933210294899
9824,6892711,LoPij,9343,9626,8130,1699,,7211,1156,,19,67,9,yes,-0.3833323216428037
9825,14446486,LiseQi,29062,7486,3205,1828,,,1159,yes,0,0,15,yes,-0.38334567036582123
9826,18943860,worst ht player,16031,8623,,1803,yes,8617,1128,,1,3,0,,-0.3836901240196256
9827,6577301,wessel_osu1,15088,8747,,1808,yes,7188,1156,,21,64,0,,-0.3837889281672775
9828,25781802,NovaCrack,16068,8619,,1803,yes,8060,1139,,1,4,0,,-0.3838344052982575
9829,14843773,RioMisstery,17743,8430,,1795,yes,6248,1176,,1,5,0,,-0.38400247077317784
9830,15955114,grave,13381,8967,8140,1699,,5569,1193,,3,10,5,yes,-0.38416662949282815
9831,32528705,ItzNessy,16143,8609,6785,1725,,,1234,yes,0,0,3,yes,-0.38429824928691975
9832,10523453,Rubikson,16430,8575,,1801,yes,6429,1172,,58,226,0,,-0.38432615267792747
9833,4006012,Enkyy,20756,8127,,1782,yes,4428,1227,,1,5,0,,-0.3843425131493321
9834,10039062,Esyur,18429,8358,,1792,yes,5917,1184,,1,2,0,,-0.3845027103155539
9835,15311602,Frival,19479,8250,,1787,yes,5192,1203,,3,9,0,,-0.3846340906713559
9836,14154553,KS Wicher,14778,8784,9112,1681,,,1244,yes,0,0,2,yes,-0.38478014717474185
9837,7174947,MrBostin1325,15235,8727,,1807,yes,7253,1155,,9,31,0,,-0.3847945286427574
9838,23923101,Ultima_,15276,8721,6879,1723,,,1240,yes,0,0,5,yes,-0.3852049572679559
9839,2373484,MOMO543959,13233,8988,,1818,yes,8352,1133,,10,45,0,,-0.38526166172083737
9840,19340658,Cheval Grand,69057,5849,,1663,yes,1096,1490,,7,25,0,,-0.38541069034555064
9841,10589723,Adriane,18007,8403,,1794,yes,7341,1153,,1,1,0,,-0.3857513153592085
9842,26131645,pancakespk,17247,8485,7351,1713,,,1227,yes,0,0,1,yes,-0.3857761380779904
9843,2541804,kymotsujason,24848,7776,,1766,yes,4058,1242,,70,235,0,,-0.3858365197488945
9844,20438501,Goose1723,17613,8444,5532,1754,,,1224,yes,0,0,8,yes,-0.3858824590505505
9845,6274543,Moobsius,15442,8699,,1806,yes,7537,1149,,6,12,0,,-0.38607173479170503
9846,6192975,121Brian121,15680,8669,5264,1761,,6921,1162,,6,18,19,yes,-0.38612776434192325
9847,25147808,G4M3ROMAR,16617,8553,6243,1737,,,1231,yes,0,0,4,yes,-0.3861414901360314
9848,1635091,Nemis,21087,8100,,1780,yes,2787,1307,,1,1,0,,-0.3862666980249898
9849,20724734,worst gr player,17623,8442,6740,1726,,,1224,yes,0,0,1,yes,-0.38629792259334966
9850,9532849,tayeon,14430,8832,,1811,yes,7619,1148,,17,56,0,,-0.38634576018264116
9851,15466258,cat boy,20656,8136,4605,1780,,,1206,yes,0,0,9,yes,-0.38640045807012685
9852,35312168,Transbian,8064,9894,9527,1673,,,1312,yes,0,0,27,yes,-0.3864861698706499
9853,7993523,Dew,15987,8629,6455,1732,,,1235,yes,0,0,5,yes,-0.38659309115526197
9854,5056999,orangedough,17044,8507,5729,1749,,,1228,yes,0,0,9,yes,-0.38668906344562914
9855,14766615,kevin0xf,22439,7980,3617,1814,,,1196,yes,0,0,3,yes,-0.3867406803498774
9856,23633892,Tedeer,10738,9382,8277,1696,,,1280,yes,0,0,18,yes,-0.38674124011759997
9857,9733750,old fart,15840,8647,,1804,yes,7035,1160,,9,21,0,,-0.3868774078548144
9858,12331683,littlepiggod,17165,8495,,1797,yes,6427,1172,,3,12,0,,-0.3869054908345749
9859,6397778,Harkin,26871,7629,3470,1818,,7385,1152,,1,1,20,yes,-0.3869680783920799
9860,1782434,nard,21587,8057,3940,1803,,5611,1192,,1,2,3,yes,-0.3872147137284312
9861,4375933,Bluecrow,20922,8115,,1781,yes,4744,1217,,3,13,0,,-0.38729672067468346
9862,6258070,Umaruuuu,7663,9988,8664,1689,,9296,1116,,3,9,10,yes,-0.38731801542054156
9863,3953674,Kamieniarz,9908,9530,8600,1690,,,1289,yes,0,0,22,yes,-0.3873670897927569
9864,12064172,Mimikqyux,12426,9111,7223,1715,,,1264,yes,0,0,23,yes,-0.38738251206593716
9865,28972960,zynua,26478,7657,3153,1830,,5805,1187,,1,3,7,yes,-0.3875400636092212
9866,19716609,eggdogg,17259,8483,7403,1712,,,1226,yes,0,0,1,yes,-0.3876816266392918
9867,31240317,freddie freaker,17322,8476,5486,1755,,,1226,yes,0,0,49,yes,-0.38782652781749444
9868,15102749,-Senpaii,10433,9430,8390,1694,,6840,1164,,1,2,13,,-0.3883669524418204
9869,6986661,sxrvyr,17269,8482,,1797,yes,9693,1110,,1,1,0,,-0.3887799333643698
9870,7681052,serica,30367,7405,3285,1825,,,1153,yes,0,0,28,yes,-0.38887145776376864
9871,24934865,_________,16589,8556,,1800,yes,8943,1123,,1,2,0,,-0.38895477635325515
9872,14495024,TronPlayz,17847,8418,,1794,yes,7952,1141,,1,1,0,,-0.38915416634708616
9873,7533086,igorplay123,11556,9243,7479,1710,,5015,1209,,1,2,63,yes,-0.3891629394234564
9874,4043420,davidercool,19324,8264,,1788,yes,5272,1201,,2,5,0,,-0.38932998658964696
9875,7076700,i love tsundere,21977,8021,,1777,yes,4021,1243,,1,5,0,,-0.3893672684820274
9876,14028542,Dolphinio,12830,9047,7379,1712,,,1260,yes,0,0,13,yes,-0.3894840788455346
9877,19407824,WOWKIE ZHANG,16882,8524,6162,1739,,,1229,yes,0,0,4,yes,-0.3897769894641182
9878,14997777,ShadowLolzie,18272,8374,5614,1752,,5268,1201,,1,5,5,yes,-0.38982190818348883
9879,28181739,clearing,14444,8830,9730,1670,,,1247,yes,0,0,2,yes,-0.3900152939755019
9880,10514983,LukeLR,15540,8688,5996,1742,,,1238,yes,0,0,42,yes,-0.3901067044399428
9881,21398264,HD1,18045,8398,5023,1768,,6048,1181,,6,19,2,yes,-0.3901136796455502
9882,8621733,iPhong,19875,8212,,1785,yes,4003,1244,,1,1,0,,-0.39016231368041493
9883,5113331,gc PanDoRa,20007,8199,4896,1771,,,1210,yes,0,0,34,,-0.3901855590434071
9884,26739778,ZenhaXenia,18261,8375,5305,1760,,,1220,yes,0,0,27,yes,-0.39027087082610545
9885,7936917,Uzuru,10392,9439,6710,1726,,8173,1137,,5,22,14,yes,-0.3902961335027111
9886,26187538,Gull Mauler,14522,8817,9614,1672,,,1246,yes,0,0,2,yes,-0.3905920380579214
9887,875504,Snarky_,16056,8620,6282,1736,,,1235,yes,0,0,7,yes,-0.39097084689342876
9888,5942615,Ender_Sword,17672,8438,,1795,yes,6242,1176,,4,10,0,,-0.3911708686825546
9889,20838032,legitboot,24449,7808,4096,1797,,,1184,yes,0,0,26,yes,-0.3912179482583329
9890,36567517,Amur_,14746,8789,6440,1732,,,1244,yes,0,0,18,yes,-0.3912181254659897
9891,10287120,Tonatious,32875,7258,,1741,yes,3050,1291,,28,117,0,,-0.3917228659559514
9892,10791628,nkz,25792,7706,3879,1804,,,1176,yes,0,0,25,yes,-0.3918968191266704
9893,7516377,Baiterzz,19336,8263,5013,1768,,,1214,yes,0,0,7,yes,-0.3920220212077726
9894,29205177,jkomko,15218,8730,6723,1726,,,1241,yes,0,0,7,yes,-0.3921149833694336
9895,238038,jdewkum,13814,8910,,1815,yes,8716,1127,,4,15,0,,-0.3922018509091849
9896,23607978,Kibocentric,13600,8938,7608,1708,,,1253,yes,0,0,7,yes,-0.39221823846669057
9897,5164008,Mitoru,12252,9136,8346,1695,,,1265,yes,0,0,8,yes,-0.3922654305070282
9898,9740299,-Mayui-,16980,8515,,1798,yes,6529,1171,,4,20,0,,-0.39236206881314983
9899,1976624,Gadzooks,11047,9327,8226,1697,,,1277,yes,0,0,17,yes,-0.392440568176105
9900,4990524,BygyJoel,19031,8295,,1789,yes,5354,1199,,1,1,0,,-0.39244814903975234
9901,21545273,zusmori,17119,8499,,1798,yes,8215,1136,,1,2,0,,-0.392550823053731
9902,13310260,Blahdimir,32878,7258,2952,1838,,,1142,yes,0,0,21,yes,-0.3931840187201298
9903,9671924,WorryMLG,14617,8806,7784,1705,,,1245,yes,0,0,4,yes,-0.3933615047701139
9904,6468829,SuperSquirrel51,20099,8188,,1784,yes,5221,1203,,16,54,0,,-0.3933760143819893
9905,15390521,viv1kk,16973,8515,8259,1697,,,1228,yes,0,0,1,yes,-0.393783284303947
9906,16644895,Hatoko,14976,8761,9159,1680,,,1242,yes,0,0,2,yes,-0.3944292390163643
9907,4496961,MaridiuS,37578,7010,,1728,yes,2074,1360,,3,12,0,,-0.39475945702971044
9908,3922251,Ryugene,26396,7663,,1760,yes,3465,1268,,4,14,0,,-0.3952178195135796
9909,13461625,Aoi Kiriya,13998,8888,8355,1695,,,1250,yes,0,0,4,yes,-0.3953838104122394
9910,13544731,ComboBreaker,16171,8605,,1802,yes,8840,1125,,1,3,0,,-0.3953905298057301
9911,18282205,KrimsonKae,12966,9028,7131,1717,,,1259,yes,0,0,21,yes,-0.3957641845558061
9912,5552795,Mike5801,19024,8296,,1789,yes,5585,1193,,1,3,0,,-0.39579567669480986
9913,8969866,CyTek,19056,8291,,1789,yes,5524,1194,,1,2,0,,-0.3962318074671963
9914,16294330,Cralosos,30310,7409,3431,1819,,,1153,yes,0,0,49,yes,-0.39623780300508643
9915,16818096,Evangelion_guy,18182,8383,5466,1756,,,1221,yes,0,0,8,yes,-0.3963534153294597
9916,11915511,YourDookie,17554,8449,,1796,yes,9315,1116,,1,1,0,,-0.3964501571810702
9917,4597873,Dirt,17515,8454,7305,1714,,,1225,yes,0,0,1,yes,-0.3965004823462544
9918,4049278,Njulsen,15229,8728,,1807,yes,8498,1131,,2,7,0,,-0.3965105063193838
9919,9385134,Mareczek2137,18816,8318,5215,1762,,,1217,yes,0,0,26,,-0.39651785547919116
9920,34034362,Leil,21292,8082,,1780,yes,4936,1211,,16,60,0,,-0.3965328355179074
9921,10619389,VenoMyyy,15087,8747,,1808,yes,9802,1108,,2,4,0,,-0.39655736859956603
9922,14363130,Shydio,12091,9164,8236,1697,,,1267,yes,0,0,10,yes,-0.3965818251278962
9923,4224369,sdnssndmchsffng,12732,9063,7492,1710,,,1261,yes,0,0,14,yes,-0.3966399462230707
9924,17608748,iinoobiez,16412,8577,6832,1724,,,1232,yes,0,0,3,yes,-0.3967851295720923
9925,2924415,wojciooo,18800,8320,,1790,yes,5751,1188,,3,8,0,,-0.39680857514472767
9926,14844019,21 Shunpo,14107,8874,,1813,yes,9391,1115,,4,8,0,,-0.39682297325950655
9927,13093739,Estelluerite,21234,8088,,1780,yes,4831,1214,,4,20,0,,-0.3968632570453031
9928,12930199,Ki11erJ,14367,8841,6398,1733,,,1247,yes,0,0,74,,-0.39706460129729204
9929,7600666,Meowcat32,23432,7891,3785,1808,,,1190,yes,0,0,5,yes,-0.39715989753675
9930,12207238,ramk3,13342,8972,7547,1709,,,1256,yes,0,0,9,yes,-0.3972217500052091
9931,8161765,Wolfang,23815,7859,3218,1828,,6471,1172,,1,3,4,yes,-0.39734360625528137
9932,7329960,ZazaFavela,12802,9051,9376,1676,,,1260,yes,0,0,4,yes,-0.397386553023194
9933,11655630,FrancisEdits,10605,9401,7882,1703,,7657,1147,,7,22,6,yes,-0.3974101298164622
9934,22820402,Longar,20336,8165,4823,1773,,,1208,yes,0,0,13,yes,-0.3975711724383362
9935,16035555,aynalayin,21859,8033,4516,1783,,,1200,yes,0,0,13,yes,-0.3977467505749749
9936,31183003,exstite,14353,8843,7447,1711,,,1247,yes,0,0,6,yes,-0.3977889624842069
9937,10670175,Pocketello,89409,5371,3042,1835,,1106,1489,,5,22,6,yes,-0.39787406610711695
9938,11078323,G P S,17830,8419,,1794,yes,7255,1155,,1,2,0,,-0.3979149996801925
9939,8568284,NekoRaRe,27689,7573,3175,1829,,8341,1134,,1,2,17,yes,-0.39806870487042945
9940,26402715,Darksay-Kun,17007,8512,6021,1742,,,1228,yes,0,0,6,yes,-0.39836944160789634
9941,10675892,Haunters,17854,8417,6839,1724,,,1223,yes,0,0,1,yes,-0.39852075192779435
9942,15715264,lica75,14482,8823,,1811,yes,8243,1136,,4,18,0,,-0.3985690087165511
9943,981591,Muzha ComboKing,20410,8157,,1783,yes,4947,1211,,2,7,0,,-0.39873793415418873
9944,8599070,IceDynamix,33712,7211,3002,1836,,,1138,yes,0,0,29,yes,-0.39880850348196945
9945,14508274,ShrekFarm,25332,7740,,1764,yes,3911,1248,,9,29,0,,-0.3988672088587444
9946,30701533,Cbdog,14010,8886,9107,1681,,,1250,yes,0,0,3,yes,-0.3990232525556147
9947,5229475,_Ins3rt,19149,8282,,1788,yes,5603,1192,,5,19,0,,-0.39904041378224064
9948,4141013,Nedsing,22678,7959,,1774,yes,3711,1256,,1,4,0,,-0.39909943826113264
9949,10757435,GoatGaming,16596,8555,,1800,yes,8397,1133,,2,3,0,,-0.39927606843928265
9950,14123828,Aqua-_-,32668,7271,3227,1827,,,1143,yes,0,0,53,,-0.39939182342612267
9951,36259702,aruet,10986,9338,9961,1666,,,1277,yes,0,0,6,yes,-0.39940291290618807
9952,5235597,Genuine,29170,7480,3571,1815,,,1159,yes,0,0,37,yes,-0.3995471944873627
9953,30424802,ChiroYuki,12170,9150,8118,1699,,,1266,yes,0,0,11,yes,-0.3999654067886412
9954,4352977,[Nii-san],18347,8367,5378,1758,,,1220,yes,0,0,25,yes,-0.39998837749223887
9955,32922441,sahibpr11,17516,8454,7471,1711,,,1225,yes,0,0,1,yes,-0.40022839265042787
9956,13690637,Raeyco,20574,8143,4283,1791,,,1207,yes,0,0,2,yes,-0.40035177481198936
9957,2757863,PwnagePotato,21693,8048,,1778,yes,4391,1229,,2,6,0,,-0.4003545845856247
9958,10969698,ReeyaDono,18789,8321,,1790,yes,5804,1187,,3,10,0,,-0.40042986901093913
9959,21101695,qweik64,15546,8687,6363,1734,,,1238,yes,0,0,13,yes,-0.40046247013271374
9960,13880438,Lasagna Girlie,21990,8020,3217,1828,,6697,1167,,24,81,4,yes,-0.4004648459302459
9961,13292664,NanoiteX,18552,8345,5390,1758,,,1218,yes,0,0,8,yes,-0.4006322700880697
9962,26086049,SGIR,13161,9001,7377,1712,,,1257,yes,0,0,13,yes,-0.40066898033274695
9963,415932,Drou,25718,7712,3853,1805,,,1177,yes,0,0,16,yes,-0.40079797601316713
9964,10476941,nikolafreshla,13807,8912,6908,1722,,,1252,yes,0,0,19,yes,-0.40085993548194143
9965,19318641,XLGamer10,17485,8458,7572,1709,,,1225,yes,0,0,1,yes,-0.4010121132511118
9966,11203812,Bloomerchen,14685,8798,9731,1670,,,1245,yes,0,0,2,yes,-0.4010794401613543
9967,28462806,sine,19963,8203,4875,1772,,,1210,yes,0,0,5,yes,-0.40108048522772477
9968,20181346,Ichiru,16686,8547,,1800,yes,9364,1115,,1,2,0,,-0.4013682696973323
9969,7431936,bendeeq,12716,9064,9557,1673,,,1261,yes,0,0,4,yes,-0.40147776437965144
9970,9112395,CORROSIVE,17428,8465,,1796,yes,8082,1139,,1,2,0,,-0.4015014218943702
9971,1773225,Lucid Astray,20563,8143,,1782,yes,3521,1265,,1,1,0,,-0.4015239185976013
9972,19325115,-Noruthy-,16090,8616,6635,1728,,,1234,yes,0,0,5,yes,-0.40175628411607667
9973,16708227,Thebausffs,16470,8571,9568,1673,,,1232,yes,0,0,1,yes,-0.4018051324267632
9974,4637911,Bebe Hexi,24426,7810,,1767,yes,3161,1284,,1,4,0,,-0.40188916863552493
9975,11235610,KirbDaBeast,9270,9642,9659,1671,,7512,1150,,9,26,5,yes,-0.40205207119080505
9976,11119184,theworst19,17019,8510,5715,1749,,,1228,yes,0,0,34,yes,-0.4021116747596599
9977,18212358,-MyAngelKano-,16971,8515,,1798,yes,7624,1147,,1,4,0,,-0.4021297133604403
9978,24329273,aeseunx,15195,8733,7511,1710,,,1241,yes,0,0,4,yes,-0.40228661313687264
9979,10149777,shushio,17535,8452,7528,1710,,,1225,yes,0,0,1,yes,-0.40231112907653255
9980,18793670,Sylliant,26840,7631,3329,1823,,6810,1164,,26,96,32,yes,-0.4026262875436082
9981,12122561,Neox420,17566,8449,,1796,yes,7317,1154,,1,3,0,,-0.4028691114636034
9982,15124931,CheZero,25049,7761,3179,1829,,7048,1159,,6,18,10,yes,-0.4028811086871503
9983,9105399,Cootiezi,15419,8702,,1806,yes,9036,1121,,2,5,0,,-0.40297354672423
9984,22360485,SuSialia,21616,8054,4145,1796,,,1201,yes,0,0,3,yes,-0.4031342633212344
9985,12288024,gagelego,38559,6961,2090,1883,,,1119,yes,0,0,9,yes,-0.403306267568852
9986,7121588,LeQuack,17882,8414,,1794,yes,6323,1175,,3,13,0,,-0.40357091776801113
9987,5208892,Memoryfile,21747,8043,,1778,yes,4678,1219,,4,12,0,,-0.40359978301330746
9988,9278240,Hikori,16984,8514,,1798,yes,8083,1139,,1,3,0,,-0.4036312580607606
9989,10238680,chromb,27039,7617,3462,1818,,9904,1106,,1,2,84,yes,-0.40370259786977314
9990,10401195,Cerun,9709,9564,9042,1682,,6952,1161,,4,21,8,yes,-0.40410952195189376
9991,9257133,taiglem,16875,8525,,1799,yes,7361,1153,,2,6,0,,-0.40418983323403446
9992,7883781,Morivilance,12466,9104,8728,1688,,6350,1174,,2,5,5,yes,-0.40422083394694397
9993,13826534,Alucid,15983,8630,,1803,yes,8818,1125,,1,4,0,,-0.40458612446605946
9994,13611126,FawnDotDash,14642,8803,6522,1730,,,1245,yes,0,0,27,yes,-0.4047443330361949
9995,7998289,Adorable Whale,34501,7169,2151,1880,,,1135,yes,0,0,6,yes,-0.4048434180977005
9996,13436602,kktova,81912,5533,,1644,yes,892,1537,,5,22,0,,-0.40499952609003564
9997,19919448,Ascendants,13408,8962,7038,1719,,,1255,yes,0,0,22,,-0.4050451120603567
9998,12717753,stelle,14337,8846,,1812,yes,9671,1110,,3,7,0,,-0.4052145494136675
9999,4265261,bog,23974,7845,,1769,yes,3985,1245,,2,11,0,,-0.40542704289652776
10000,10854824,-Eternal-,24609,7795,3893,1804,,,1183,yes,0,0,9,yes,-0.4054635010861767
